Workbook

Sheet 过期资产
A1: Name | B1: Obj | C1: Type | D1: Direction | E1: Config 1 | F1: Config 2 | H1: 终点1 | I1: 终点2 | J1: 终点3 | L1: 比例尺寸 X | M1: 比例尺寸 Y | N1: 比例尺寸 Z | O1: ="独特 "&COUNTIF(O2:O98,"✅")+COUNTIF(O2:O98,"❓") | P1: ="代理✅ "&COUNTIF(P2:P98,"✅") | Q1: ="彻底✅ "&COUNTIF(Q2:Q98,"✅") | R1: 难度 | S1: 描述
A2: =B2 & "_" & C2 & IF(D2<>"", "_" & D2, "") & IF(E2<>"", "_" & E2, "") & IF(F2<>"", "_" & F2, "") &"_X"&L2&"_Y"&M2&"_Z"&N2&"_Rail" | B2: BP | C2: Bump | D2: D90 | E2: Borderless | R2: =(1+((L2*M2*N2)-1)*0.1) * ((IF(C2<>"", VLOOKUP(C2,'引用列表'!A:C,3,FALSE), "")) + (IF(D2<>"", VLOOKUP(D2,'引用列表'!E:G,3,FALSE), "")) + (IF(E2<>"", IFERROR(VLOOKUP(E2, '引用列表'!I:K, 3, FALSE), ""), 0)) + (IF(F2<>"", IFERROR(VLOOKUP(F2, '引用列表'!I:K, 3, FALSE), ""), 0))) | S2: =((IF(C2<>"", VLOOKUP(C2,'引用列表'!A:C,2,FALSE), "")) & (IF(D2<>"", VLOOKUP(D2,'引用列表'!E:G,2,FALSE), "")) & (IF(E2<>"", IFERROR("，"&VLOOKUP(E2, '引用列表'!I:K, 2, FALSE), ""), "")) & (IF(F2<>"", IFERROR("，"&VLOOKUP(F2, '引用列表'!I:K, 2, FALSE), ""), "")))
A3: =B3 & "_" & C3 & IF(D3<>"", "_" & D3, "") & IF(E3<>"", "_" & E3, "") & IF(F3<>"", "_" & F3, "") &"_X"&L3&"_Y"&M3&"_Z"&N3&"_Rail" | C3: Bump | D3: D90 | L3: 1 | M3: 1 | N3: 1 | R3: =(1+((L3*M3*N3)-1)*0.1) * ((IF(C3<>"", VLOOKUP(C3,'引用列表'!A:C,3,FALSE), "")) + (IF(D3<>"", VLOOKUP(D3,'引用列表'!E:G,3,FALSE), "")) + (IF(E3<>"", IFERROR(VLOOKUP(E3, '引用列表'!I:K, 3, FALSE), ""), 0)) + (IF(F3<>"", IFERROR(VLOOKUP(F3, '引用列表'!I:K, 3, FALSE), ""), 0))) | S3: =((IF(C3<>"", VLOOKUP(C3,'引用列表'!A:C,2,FALSE), "")) & (IF(D3<>"", VLOOKUP(D3,'引用列表'!E:G,2,FALSE), "")) & (IF(E3<>"", IFERROR("，"&VLOOKUP(E3, '引用列表'!I:K, 2, FALSE), ""), "")) & (IF(F3<>"", IFERROR("，"&VLOOKUP(F3, '引用列表'!I:K, 2, FALSE), ""), "")))
A4: =B4 & "_" & C4 & IF(D4<>"", "_" & D4, "") & IF(E4<>"", "_" & E4, "") & IF(F4<>"", "_" & F4, "") &"_X"&L4&"_Y"&M4&"_Z"&N4&"_Rail" | C4: Bump | D4: FD | L4: 2 | M4: 1 | N4: 2 | O4: 是 | P4: ✅ | R4: =(1+((L4*M4*N4)-1)*0.1) * ((IF(C4<>"", VLOOKUP(C4,'引用列表'!A:C,3,FALSE), "")) + (IF(D4<>"", VLOOKUP(D4,'引用列表'!E:G,3,FALSE), "")) + (IF(E4<>"", IFERROR(VLOOKUP(E4, '引用列表'!I:K, 3, FALSE), ""), 0)) + (IF(F4<>"", IFERROR(VLOOKUP(F4, '引用列表'!I:K, 3, FALSE), ""), 0))) | S4: =((IF(C4<>"", VLOOKUP(C4,'引用列表'!A:C,2,FALSE), "")) & (IF(D4<>"", VLOOKUP(D4,'引用列表'!E:G,2,FALSE), "")) & (IF(E4<>"", IFERROR("，"&VLOOKUP(E4, '引用列表'!I:K, 2, FALSE), ""), "")) & (IF(F4<>"", IFERROR("，"&VLOOKUP(F4, '引用列表'!I:K, 2, FALSE), ""), "")))
A5: =B5 & "_" & C5 & IF(D5<>"", "_" & D5, "") & IF(E5<>"", "_" & E5, "") & IF(F5<>"", "_" & F5, "") &"_X"&L5&"_Y"&M5&"_Z"&N5&"_Rail" | C5: Bump | D5: FU | L5: 2 | M5: 1 | N5: 2 | O5: 是 | P5: ✅ | R5: =(1+((L5*M5*N5)-1)*0.1) * ((IF(C5<>"", VLOOKUP(C5,'引用列表'!A:C,3,FALSE), "")) + (IF(D5<>"", VLOOKUP(D5,'引用列表'!E:G,3,FALSE), "")) + (IF(E5<>"", IFERROR(VLOOKUP(E5, '引用列表'!I:K, 3, FALSE), ""), 0)) + (IF(F5<>"", IFERROR(VLOOKUP(F5, '引用列表'!I:K, 3, FALSE), ""), 0))) | S5: =((IF(C5<>"", VLOOKUP(C5,'引用列表'!A:C,2,FALSE), "")) & (IF(D5<>"", VLOOKUP(D5,'引用列表'!E:G,2,FALSE), "")) & (IF(E5<>"", IFERROR("，"&VLOOKUP(E5, '引用列表'!I:K, 2, FALSE), ""), "")) & (IF(F5<>"", IFERROR("，"&VLOOKUP(F5, '引用列表'!I:K, 2, FALSE), ""), "")))
A6: =B6 & "_" & C6 & IF(D6<>"", "_" & D6, "") & IF(E6<>"", "_" & E6, "") & IF(F6<>"", "_" & F6, "") &"_X"&L6&"_Y"&M6&"_Z"&N6&"_Rail" | C6: Bump | D6: U90 | E6: Borderless_L | R6: =(1+((L6*M6*N6)-1)*0.1) * ((IF(C6<>"", VLOOKUP(C6,'引用列表'!A:C,3,FALSE), "")) + (IF(D6<>"", VLOOKUP(D6,'引用列表'!E:G,3,FALSE), "")) + (IF(E6<>"", IFERROR(VLOOKUP(E6, '引用列表'!I:K, 3, FALSE), ""), 0)) + (IF(F6<>"", IFERROR(VLOOKUP(F6, '引用列表'!I:K, 3, FALSE), ""), 0))) | S6: =((IF(C6<>"", VLOOKUP(C6,'引用列表'!A:C,2,FALSE), "")) & (IF(D6<>"", VLOOKUP(D6,'引用列表'!E:G,2,FALSE), "")) & (IF(E6<>"", IFERROR("，"&VLOOKUP(E6, '引用列表'!I:K, 2, FALSE), ""), "")) & (IF(F6<>"", IFERROR("，"&VLOOKUP(F6, '引用列表'!I:K, 2, FALSE), ""), "")))
A7: =B7 & "_" & C7 & IF(D7<>"", "_" & D7, "") & IF(E7<>"", "_" & E7, "") & IF(F7<>"", "_" & F7, "") &"_X"&L7&"_Y"&M7&"_Z"&N7&"_Rail" | C7: Bump | D7: U90 | L7: 1 | M7: 1 | N7: 1 | R7: =(1+((L7*M7*N7)-1)*0.1) * ((IF(C7<>"", VLOOKUP(C7,'引用列表'!A:C,3,FALSE), "")) + (IF(D7<>"", VLOOKUP(D7,'引用列表'!E:G,3,FALSE), "")) + (IF(E7<>"", IFERROR(VLOOKUP(E7, '引用列表'!I:K, 3, FALSE), ""), 0)) + (IF(F7<>"", IFERROR(VLOOKUP(F7, '引用列表'!I:K, 3, FALSE), ""), 0))) | S7: =((IF(C7<>"", VLOOKUP(C7,'引用列表'!A:C,2,FALSE), "")) & (IF(D7<>"", VLOOKUP(D7,'引用列表'!E:G,2,FALSE), "")) & (IF(E7<>"", IFERROR("，"&VLOOKUP(E7, '引用列表'!I:K, 2, FALSE), ""), "")) & (IF(F7<>"", IFERROR("，"&VLOOKUP(F7, '引用列表'!I:K, 2, FALSE), ""), "")))
A8: =B8 & "_" & C8 & IF(D8<>"", "_" & D8, "") & IF(E8<>"", "_" & E8, "") & IF(F8<>"", "_" & F8, "") &"_X"&L8&"_Y"&M8&"_Z"&N8&"_Rail" | C8: Curve | D8: D90 | E8: Borderless | F8: Caved | L8: 1 | M8: 1 | N8: 1 | R8: =(1+((L8*M8*N8)-1)*0.1) * ((IF(C8<>"", VLOOKUP(C8,'引用列表'!A:C,3,FALSE), "")) + (IF(D8<>"", VLOOKUP(D8,'引用列表'!E:G,3,FALSE), "")) + (IF(E8<>"", IFERROR(VLOOKUP(E8, '引用列表'!I:K, 3, FALSE), ""), 0)) + (IF(F8<>"", IFERROR(VLOOKUP(F8, '引用列表'!I:K, 3, FALSE), ""), 0))) | S8: =((IF(C8<>"", VLOOKUP(C8,'引用列表'!A:C,2,FALSE), "")) & (IF(D8<>"", VLOOKUP(D8,'引用列表'!E:G,2,FALSE), "")) & (IF(E8<>"", IFERROR("，"&VLOOKUP(E8, '引用列表'!I:K, 2, FALSE), ""), "")) & (IF(F8<>"", IFERROR("，"&VLOOKUP(F8, '引用列表'!I:K, 2, FALSE), ""), "")))
A9: =B9 & "_" & C9 & IF(D9<>"", "_" & D9, "") & IF(E9<>"", "_" & E9, "") & IF(F9<>"", "_" & F9, "") &"_X"&L9&"_Y"&M9&"_Z"&N9&"_Rail" | C9: Curve | D9: D90 | E9: Borderless_L | L9: 1 | M9: 1 | N9: 1 | R9: =(1+((L9*M9*N9)-1)*0.1) * ((IF(C9<>"", VLOOKUP(C9,'引用列表'!A:C,3,FALSE), "")) + (IF(D9<>"", VLOOKUP(D9,'引用列表'!E:G,3,FALSE), "")) + (IF(E9<>"", IFERROR(VLOOKUP(E9, '引用列表'!I:K, 3, FALSE), ""), 0)) + (IF(F9<>"", IFERROR(VLOOKUP(F9, '引用列表'!I:K, 3, FALSE), ""), 0))) | S9: =((IF(C9<>"", VLOOKUP(C9,'引用列表'!A:C,2,FALSE), "")) & (IF(D9<>"", VLOOKUP(D9,'引用列表'!E:G,2,FALSE), "")) & (IF(E9<>"", IFERROR("，"&VLOOKUP(E9, '引用列表'!I:K, 2, FALSE), ""), "")) & (IF(F9<>"", IFERROR("，"&VLOOKUP(F9, '引用列表'!I:K, 2, FALSE), ""), "")))
A10: =B10 & "_" & C10 & IF(D10<>"", "_" & D10, "") & IF(E10<>"", "_" & E10, "") & IF(F10<>"", "_" & F10, "") &"_X"&L10&"_Y"&M10&"_Z"&N10&"_Rail" | C10: Curve | D10: D90 | E10: Borderless_R | L10: 1 | M10: 1 | N10: 1 | R10: =(1+((L10*M10*N10)-1)*0.1) * ((IF(C10<>"", VLOOKUP(C10,'引用列表'!A:C,3,FALSE), "")) + (IF(D10<>"", VLOOKUP(D10,'引用列表'!E:G,3,FALSE), "")) + (IF(E10<>"", IFERROR(VLOOKUP(E10, '引用列表'!I:K, 3, FALSE), ""), 0)) + (IF(F10<>"", IFERROR(VLOOKUP(F10, '引用列表'!I:K, 3, FALSE), ""), 0))) | S10: =((IF(C10<>"", VLOOKUP(C10,'引用列表'!A:C,2,FALSE), "")) & (IF(D10<>"", VLOOKUP(D10,'引用列表'!E:G,2,FALSE), "")) & (IF(E10<>"", IFERROR("，"&VLOOKUP(E10, '引用列表'!I:K, 2, FALSE), ""), "")) & (IF(F10<>"", IFERROR("，"&VLOOKUP(F10, '引用列表'!I:K, 2, FALSE), ""), "")))
A11: =B11 & "_" & C11 & IF(D11<>"", "_" & D11, "") & IF(E11<>"", "_" & E11, "") & IF(F11<>"", "_" & F11, "") &"_X"&L11&"_Y"&M11&"_Z"&N11&"_Rail" | C11: Curve | D11: D90 | L11: 1 | M11: 1 | N11: 1 | O11: 是 | R11: =(1+((L11*M11*N11)-1)*0.1) * ((IF(C11<>"", VLOOKUP(C11,'引用列表'!A:C,3,FALSE), "")) + (IF(D11<>"", VLOOKUP(D11,'引用列表'!E:G,3,FALSE), "")) + (IF(E11<>"", IFERROR(VLOOKUP(E11, '引用列表'!I:K, 3, FALSE), ""), 0)) + (IF(F11<>"", IFERROR(VLOOKUP(F11, '引用列表'!I:K, 3, FALSE), ""), 0))) | S11: =((IF(C11<>"", VLOOKUP(C11,'引用列表'!A:C,2,FALSE), "")) & (IF(D11<>"", VLOOKUP(D11,'引用列表'!E:G,2,FALSE), "")) & (IF(E11<>"", IFERROR("，"&VLOOKUP(E11, '引用列表'!I:K, 2, FALSE), ""), "")) & (IF(F11<>"", IFERROR("，"&VLOOKUP(F11, '引用列表'!I:K, 2, FALSE), ""), "")))
A12: =B12 & "_" & C12 & IF(D12<>"", "_" & D12, "") & IF(E12<>"", "_" & E12, "") & IF(F12<>"", "_" & F12, "") &"_X"&L12&"_Y"&M12&"_Z"&N12&"_Rail" | C12: Curve | D12: L90 | E12: Borderless | F12: Caved | L12: 1 | M12: 1 | N12: 1 | P12: ✅ | R12: =(1+((L12*M12*N12)-1)*0.1) * ((IF(C12<>"", VLOOKUP(C12,'引用列表'!A:C,3,FALSE), "")) + (IF(D12<>"", VLOOKUP(D12,'引用列表'!E:G,3,FALSE), "")) + (IF(E12<>"", IFERROR(VLOOKUP(E12, '引用列表'!I:K, 3, FALSE), ""), 0)) + (IF(F12<>"", IFERROR(VLOOKUP(F12, '引用列表'!I:K, 3, FALSE), ""), 0))) | S12: =((IF(C12<>"", VLOOKUP(C12,'引用列表'!A:C,2,FALSE), "")) & (IF(D12<>"", VLOOKUP(D12,'引用列表'!E:G,2,FALSE), "")) & (IF(E12<>"", IFERROR("，"&VLOOKUP(E12, '引用列表'!I:K, 2, FALSE), ""), "")) & (IF(F12<>"", IFERROR("，"&VLOOKUP(F12, '引用列表'!I:K, 2, FALSE), ""), "")))
A13: =B13 & "_" & C13 & IF(D13<>"", "_" & D13, "") & IF(E13<>"", "_" & E13, "") & IF(F13<>"", "_" & F13, "") &"_X"&L13&"_Y"&M13&"_Z"&N13&"_Rail" | C13: Curve | D13: L90 | E13: Borderless_I | L13: 1 | M13: 1 | N13: 1 | P13: ✅ | R13: =(1+((L13*M13*N13)-1)*0.1) * ((IF(C13<>"", VLOOKUP(C13,'引用列表'!A:C,3,FALSE), "")) + (IF(D13<>"", VLOOKUP(D13,'引用列表'!E:G,3,FALSE), "")) + (IF(E13<>"", IFERROR(VLOOKUP(E13, '引用列表'!I:K, 3, FALSE), ""), 0)) + (IF(F13<>"", IFERROR(VLOOKUP(F13, '引用列表'!I:K, 3, FALSE), ""), 0))) | S13: =((IF(C13<>"", VLOOKUP(C13,'引用列表'!A:C,2,FALSE), "")) & (IF(D13<>"", VLOOKUP(D13,'引用列表'!E:G,2,FALSE), "")) & (IF(E13<>"", IFERROR("，"&VLOOKUP(E13, '引用列表'!I:K, 2, FALSE), ""), "")) & (IF(F13<>"", IFERROR("，"&VLOOKUP(F13, '引用列表'!I:K, 2, FALSE), ""), "")))
A14: =B14 & "_" & C14 & IF(D14<>"", "_" & D14, "") & IF(E14<>"", "_" & E14, "") & IF(F14<>"", "_" & F14, "") &"_X"&L14&"_Y"&M14&"_Z"&N14&"_Rail" | C14: Curve | D14: L90 | E14: Borderless_O | L14: 1 | M14: 1 | N14: 1 | P14: ✅ | R14: =(1+((L14*M14*N14)-1)*0.1) * ((IF(C14<>"", VLOOKUP(C14,'引用列表'!A:C,3,FALSE), "")) + (IF(D14<>"", VLOOKUP(D14,'引用列表'!E:G,3,FALSE), "")) + (IF(E14<>"", IFERROR(VLOOKUP(E14, '引用列表'!I:K, 3, FALSE), ""), 0)) + (IF(F14<>"", IFERROR(VLOOKUP(F14, '引用列表'!I:K, 3, FALSE), ""), 0))) | S14: =((IF(C14<>"", VLOOKUP(C14,'引用列表'!A:C,2,FALSE), "")) & (IF(D14<>"", VLOOKUP(D14,'引用列表'!E:G,2,FALSE), "")) & (IF(E14<>"", IFERROR("，"&VLOOKUP(E14, '引用列表'!I:K, 2, FALSE), ""), "")) & (IF(F14<>"", IFERROR("，"&VLOOKUP(F14, '引用列表'!I:K, 2, FALSE), ""), "")))
A15: =B15 & "_" & C15 & IF(D15<>"", "_" & D15, "") & IF(E15<>"", "_" & E15, "") & IF(F15<>"", "_" & F15, "") &"_X"&L15&"_Y"&M15&"_Z"&N15&"_Rail" | C15: Curve | D15: L90 | E15: Borderless_O | L15: 2 | M15: 2 | N15: 2 | O15: 镜像源 | R15: =(1+((L15*M15*N15)-1)*0.1) * ((IF(C15<>"", VLOOKUP(C15,'引用列表'!A:C,3,FALSE), "")) + (IF(D15<>"", VLOOKUP(D15,'引用列表'!E:G,3,FALSE), "")) + (IF(E15<>"", IFERROR(VLOOKUP(E15, '引用列表'!I:K, 3, FALSE), ""), 0)) + (IF(F15<>"", IFERROR(VLOOKUP(F15, '引用列表'!I:K, 3, FALSE), ""), 0))) | S15: =((IF(C15<>"", VLOOKUP(C15,'引用列表'!A:C,2,FALSE), "")) & (IF(D15<>"", VLOOKUP(D15,'引用列表'!E:G,2,FALSE), "")) & (IF(E15<>"", IFERROR("，"&VLOOKUP(E15, '引用列表'!I:K, 2, FALSE), ""), "")) & (IF(F15<>"", IFERROR("，"&VLOOKUP(F15, '引用列表'!I:K, 2, FALSE), ""), "")))
A16: =B16 & "_" & C16 & IF(D16<>"", "_" & D16, "") & IF(E16<>"", "_" & E16, "") & IF(F16<>"", "_" & F16, "") &"_X"&L16&"_Y"&M16&"_Z"&N16&"_Rail" | C16: Curve | D16: L90 | L16: 1 | M16: 1 | N16: 1 | O16: 镜像源 | P16: ✅ | R16: =(1+((L16*M16*N16)-1)*0.1) * ((IF(C16<>"", VLOOKUP(C16,'引用列表'!A:C,3,FALSE), "")) + (IF(D16<>"", VLOOKUP(D16,'引用列表'!E:G,3,FALSE), "")) + (IF(E16<>"", IFERROR(VLOOKUP(E16, '引用列表'!I:K, 3, FALSE), ""), 0)) + (IF(F16<>"", IFERROR(VLOOKUP(F16, '引用列表'!I:K, 3, FALSE), ""), 0))) | S16: =((IF(C16<>"", VLOOKUP(C16,'引用列表'!A:C,2,FALSE), "")) & (IF(D16<>"", VLOOKUP(D16,'引用列表'!E:G,2,FALSE), "")) & (IF(E16<>"", IFERROR("，"&VLOOKUP(E16, '引用列表'!I:K, 2, FALSE), ""), "")) & (IF(F16<>"", IFERROR("，"&VLOOKUP(F16, '引用列表'!I:K, 2, FALSE), ""), "")))
A17: =B17 & "_" & C17 & IF(D17<>"", "_" & D17, "") & IF(E17<>"", "_" & E17, "") & IF(F17<>"", "_" & F17, "") &"_X"&L17&"_Y"&M17&"_Z"&N17&"_Rail" | C17: Curve | D17: L90 | L17: 2 | M17: 2 | N17: 2 | O17: 镜像源 | R17: =(1+((L17*M17*N17)-1)*0.1) * ((IF(C17<>"", VLOOKUP(C17,'引用列表'!A:C,3,FALSE), "")) + (IF(D17<>"", VLOOKUP(D17,'引用列表'!E:G,3,FALSE), "")) + (IF(E17<>"", IFERROR(VLOOKUP(E17, '引用列表'!I:K, 3, FALSE), ""), 0)) + (IF(F17<>"", IFERROR(VLOOKUP(F17, '引用列表'!I:K, 3, FALSE), ""), 0))) | S17: =((IF(C17<>"", VLOOKUP(C17,'引用列表'!A:C,2,FALSE), "")) & (IF(D17<>"", VLOOKUP(D17,'引用列表'!E:G,2,FALSE), "")) & (IF(E17<>"", IFERROR("，"&VLOOKUP(E17, '引用列表'!I:K, 2, FALSE), ""), "")) & (IF(F17<>"", IFERROR("，"&VLOOKUP(F17, '引用列表'!I:K, 2, FALSE), ""), "")))
A18: =B18 & "_" & C18 & IF(D18<>"", "_" & D18, "") & IF(E18<>"", "_" & E18, "") & IF(F18<>"", "_" & F18, "") &"_X"&L18&"_Y"&M18&"_Z"&N18&"_Rail" | C18: Curve | D18: R90 | E18: Borderless | F18: Caved | L18: 1 | M18: 1 | N18: 1 | P18: ✅ | R18: =(1+((L18*M18*N18)-1)*0.1) * ((IF(C18<>"", VLOOKUP(C18,'引用列表'!A:C,3,FALSE), "")) + (IF(D18<>"", VLOOKUP(D18,'引用列表'!E:G,3,FALSE), "")) + (IF(E18<>"", IFERROR(VLOOKUP(E18, '引用列表'!I:K, 3, FALSE), ""), 0)) + (IF(F18<>"", IFERROR(VLOOKUP(F18, '引用列表'!I:K, 3, FALSE), ""), 0))) | S18: =((IF(C18<>"", VLOOKUP(C18,'引用列表'!A:C,2,FALSE), "")) & (IF(D18<>"", VLOOKUP(D18,'引用列表'!E:G,2,FALSE), "")) & (IF(E18<>"", IFERROR("，"&VLOOKUP(E18, '引用列表'!I:K, 2, FALSE), ""), "")) & (IF(F18<>"", IFERROR("，"&VLOOKUP(F18, '引用列表'!I:K, 2, FALSE), ""), "")))
A19: =B19 & "_" & C19 & IF(D19<>"", "_" & D19, "") & IF(E19<>"", "_" & E19, "") & IF(F19<>"", "_" & F19, "") &"_X"&L19&"_Y"&M19&"_Z"&N19&"_Rail" | C19: Curve | D19: R90 | E19: Borderless_I | L19: 1 | M19: 1 | N19: 1 | P19: ✅ | R19: =(1+((L19*M19*N19)-1)*0.1) * ((IF(C19<>"", VLOOKUP(C19,'引用列表'!A:C,3,FALSE), "")) + (IF(D19<>"", VLOOKUP(D19,'引用列表'!E:G,3,FALSE), "")) + (IF(E19<>"", IFERROR(VLOOKUP(E19, '引用列表'!I:K, 3, FALSE), ""), 0)) + (IF(F19<>"", IFERROR(VLOOKUP(F19, '引用列表'!I:K, 3, FALSE), ""), 0))) | S19: =((IF(C19<>"", VLOOKUP(C19,'引用列表'!A:C,2,FALSE), "")) & (IF(D19<>"", VLOOKUP(D19,'引用列表'!E:G,2,FALSE), "")) & (IF(E19<>"", IFERROR("，"&VLOOKUP(E19, '引用列表'!I:K, 2, FALSE), ""), "")) & (IF(F19<>"", IFERROR("，"&VLOOKUP(F19, '引用列表'!I:K, 2, FALSE), ""), "")))
A20: =B20 & "_" & C20 & IF(D20<>"", "_" & D20, "") & IF(E20<>"", "_" & E20, "") & IF(F20<>"", "_" & F20, "") &"_X"&L20&"_Y"&M20&"_Z"&N20&"_Rail" | C20: Curve | D20: R90 | E20: Borderless_O | L20: 1 | M20: 1 | N20: 1 | P20: ✅ | R20: =(1+((L20*M20*N20)-1)*0.1) * ((IF(C20<>"", VLOOKUP(C20,'引用列表'!A:C,3,FALSE), "")) + (IF(D20<>"", VLOOKUP(D20,'引用列表'!E:G,3,FALSE), "")) + (IF(E20<>"", IFERROR(VLOOKUP(E20, '引用列表'!I:K, 3, FALSE), ""), 0)) + (IF(F20<>"", IFERROR(VLOOKUP(F20, '引用列表'!I:K, 3, FALSE), ""), 0))) | S20: =((IF(C20<>"", VLOOKUP(C20,'引用列表'!A:C,2,FALSE), "")) & (IF(D20<>"", VLOOKUP(D20,'引用列表'!E:G,2,FALSE), "")) & (IF(E20<>"", IFERROR("，"&VLOOKUP(E20, '引用列表'!I:K, 2, FALSE), ""), "")) & (IF(F20<>"", IFERROR("，"&VLOOKUP(F20, '引用列表'!I:K, 2, FALSE), ""), "")))
A21: =B21 & "_" & C21 & IF(D21<>"", "_" & D21, "") & IF(E21<>"", "_" & E21, "") & IF(F21<>"", "_" & F21, "") &"_X"&L21&"_Y"&M21&"_Z"&N21&"_Rail" | C21: Curve | D21: R90 | L21: 1 | M21: 1 | N21: 1 | O21: 镜像子 | P21: ✅ | R21: =(1+((L21*M21*N21)-1)*0.1) * ((IF(C21<>"", VLOOKUP(C21,'引用列表'!A:C,3,FALSE), "")) + (IF(D21<>"", VLOOKUP(D21,'引用列表'!E:G,3,FALSE), "")) + (IF(E21<>"", IFERROR(VLOOKUP(E21, '引用列表'!I:K, 3, FALSE), ""), 0)) + (IF(F21<>"", IFERROR(VLOOKUP(F21, '引用列表'!I:K, 3, FALSE), ""), 0))) | S21: =((IF(C21<>"", VLOOKUP(C21,'引用列表'!A:C,2,FALSE), "")) & (IF(D21<>"", VLOOKUP(D21,'引用列表'!E:G,2,FALSE), "")) & (IF(E21<>"", IFERROR("，"&VLOOKUP(E21, '引用列表'!I:K, 2, FALSE), ""), "")) & (IF(F21<>"", IFERROR("，"&VLOOKUP(F21, '引用列表'!I:K, 2, FALSE), ""), "")))
A22: =B22 & "_" & C22 & IF(D22<>"", "_" & D22, "") & IF(E22<>"", "_" & E22, "") & IF(F22<>"", "_" & F22, "") &"_X"&L22&"_Y"&M22&"_Z"&N22&"_Rail"
A23: =B23 & "_" & C23 & IF(D23<>"", "_" & D23, "") & IF(E23<>"", "_" & E23, "") & IF(F23<>"", "_" & F23, "") &"_X"&L23&"_Y"&M23&"_Z"&N23&"_Rail" | C23: Curve | D23: T | E23: Borderless_T | L23: 1 | M23: 1 | N23: 1 | O23: 是 | R23: =(1+((L23*M23*N23)-1)*0.1) * ((IF(C23<>"", VLOOKUP(C23,'引用列表'!A:C,3,FALSE), "")) + (IF(D23<>"", VLOOKUP(D23,'引用列表'!E:G,3,FALSE), "")) + (IF(E23<>"", IFERROR(VLOOKUP(E23, '引用列表'!I:K, 3, FALSE), ""), 0)) + (IF(F23<>"", IFERROR(VLOOKUP(F23, '引用列表'!I:K, 3, FALSE), ""), 0))) | S23: =((IF(C23<>"", VLOOKUP(C23,'引用列表'!A:C,2,FALSE), "")) & (IF(D23<>"", VLOOKUP(D23,'引用列表'!E:G,2,FALSE), "")) & (IF(E23<>"", IFERROR("，"&VLOOKUP(E23, '引用列表'!I:K, 2, FALSE), ""), "")) & (IF(F23<>"", IFERROR("，"&VLOOKUP(F23, '引用列表'!I:K, 2, FALSE), ""), "")))
A24: =B24 & "_" & C24 & IF(D24<>"", "_" & D24, "") & IF(E24<>"", "_" & E24, "") & IF(F24<>"", "_" & F24, "") &"_X"&L24&"_Y"&M24&"_Z"&N24&"_Rail" | C24: Curve | D24: T | L24: 1 | M24: 1 | N24: 1 | O24: 是 | R24: =(1+((L24*M24*N24)-1)*0.1) * ((IF(C24<>"", VLOOKUP(C24,'引用列表'!A:C,3,FALSE), "")) + (IF(D24<>"", VLOOKUP(D24,'引用列表'!E:G,3,FALSE), "")) + (IF(E24<>"", IFERROR(VLOOKUP(E24, '引用列表'!I:K, 3, FALSE), ""), 0)) + (IF(F24<>"", IFERROR(VLOOKUP(F24, '引用列表'!I:K, 3, FALSE), ""), 0))) | S24: =((IF(C24<>"", VLOOKUP(C24,'引用列表'!A:C,2,FALSE), "")) & (IF(D24<>"", VLOOKUP(D24,'引用列表'!E:G,2,FALSE), "")) & (IF(E24<>"", IFERROR("，"&VLOOKUP(E24, '引用列表'!I:K, 2, FALSE), ""), "")) & (IF(F24<>"", IFERROR("，"&VLOOKUP(F24, '引用列表'!I:K, 2, FALSE), ""), "")))
A25: =B25 & "_" & C25 & IF(D25<>"", "_" & D25, "") & IF(E25<>"", "_" & E25, "") & IF(F25<>"", "_" & F25, "") &"_X"&L25&"_Y"&M25&"_Z"&N25&"_Rail" | C25: Curve | D25: U90 | E25: Borderless | F25: Caved | L25: 1 | M25: 1 | N25: 1 | R25: =(1+((L25*M25*N25)-1)*0.1) * ((IF(C25<>"", VLOOKUP(C25,'引用列表'!A:C,3,FALSE), "")) + (IF(D25<>"", VLOOKUP(D25,'引用列表'!E:G,3,FALSE), "")) + (IF(E25<>"", IFERROR(VLOOKUP(E25, '引用列表'!I:K, 3, FALSE), ""), 0)) + (IF(F25<>"", IFERROR(VLOOKUP(F25, '引用列表'!I:K, 3, FALSE), ""), 0))) | S25: =((IF(C25<>"", VLOOKUP(C25,'引用列表'!A:C,2,FALSE), "")) & (IF(D25<>"", VLOOKUP(D25,'引用列表'!E:G,2,FALSE), "")) & (IF(E25<>"", IFERROR("，"&VLOOKUP(E25, '引用列表'!I:K, 2, FALSE), ""), "")) & (IF(F25<>"", IFERROR("，"&VLOOKUP(F25, '引用列表'!I:K, 2, FALSE), ""), "")))
A26: =B26 & "_" & C26 & IF(D26<>"", "_" & D26, "") & IF(E26<>"", "_" & E26, "") & IF(F26<>"", "_" & F26, "") &"_X"&L26&"_Y"&M26&"_Z"&N26&"_Rail" | C26: Curve | D26: U90 | E26: Borderless | F26: Caved | L26: 3 | M26: 3 | N26: 3 | O26: 是 | P26: ✅ | R26: =(1+((L26*M26*N26)-1)*0.1) * ((IF(C26<>"", VLOOKUP(C26,'引用列表'!A:C,3,FALSE), "")) + (IF(D26<>"", VLOOKUP(D26,'引用列表'!E:G,3,FALSE), "")) + (IF(E26<>"", IFERROR(VLOOKUP(E26, '引用列表'!I:K, 3, FALSE), ""), 0)) + (IF(F26<>"", IFERROR(VLOOKUP(F26, '引用列表'!I:K, 3, FALSE), ""), 0))) | S26: =((IF(C26<>"", VLOOKUP(C26,'引用列表'!A:C,2,FALSE), "")) & (IF(D26<>"", VLOOKUP(D26,'引用列表'!E:G,2,FALSE), "")) & (IF(E26<>"", IFERROR("，"&VLOOKUP(E26, '引用列表'!I:K, 2, FALSE), ""), "")) & (IF(F26<>"", IFERROR("，"&VLOOKUP(F26, '引用列表'!I:K, 2, FALSE), ""), "")))
A27: =B27 & "_" & C27 & IF(D27<>"", "_" & D27, "") & IF(E27<>"", "_" & E27, "") & IF(F27<>"", "_" & F27, "") &"_X"&L27&"_Y"&M27&"_Z"&N27&"_Rail" | C27: Curve | D27: U90 | E27: Borderless | F27: Caved | L27: 4 | M27: 1 | N27: 4 | O27: 是 | R27: =(1+((L27*M27*N27)-1)*0.1) * ((IF(C27<>"", VLOOKUP(C27,'引用列表'!A:C,3,FALSE), "")) + (IF(D27<>"", VLOOKUP(D27,'引用列表'!E:G,3,FALSE), "")) + (IF(E27<>"", IFERROR(VLOOKUP(E27, '引用列表'!I:K, 3, FALSE), ""), 0)) + (IF(F27<>"", IFERROR(VLOOKUP(F27, '引用列表'!I:K, 3, FALSE), ""), 0))) | S27: =((IF(C27<>"", VLOOKUP(C27,'引用列表'!A:C,2,FALSE), "")) & (IF(D27<>"", VLOOKUP(D27,'引用列表'!E:G,2,FALSE), "")) & (IF(E27<>"", IFERROR("，"&VLOOKUP(E27, '引用列表'!I:K, 2, FALSE), ""), "")) & (IF(F27<>"", IFERROR("，"&VLOOKUP(F27, '引用列表'!I:K, 2, FALSE), ""), "")))
A28: =B28 & "_" & C28 & IF(D28<>"", "_" & D28, "") & IF(E28<>"", "_" & E28, "") & IF(F28<>"", "_" & F28, "") &"_X"&L28&"_Y"&M28&"_Z"&N28&"_Rail" | C28: Curve | D28: U90 | E28: Borderless_L | L28: 1 | M28: 1 | N28: 1 | R28: =(1+((L28*M28*N28)-1)*0.1) * ((IF(C28<>"", VLOOKUP(C28,'引用列表'!A:C,3,FALSE), "")) + (IF(D28<>"", VLOOKUP(D28,'引用列表'!E:G,3,FALSE), "")) + (IF(E28<>"", IFERROR(VLOOKUP(E28, '引用列表'!I:K, 3, FALSE), ""), 0)) + (IF(F28<>"", IFERROR(VLOOKUP(F28, '引用列表'!I:K, 3, FALSE), ""), 0))) | S28: =((IF(C28<>"", VLOOKUP(C28,'引用列表'!A:C,2,FALSE), "")) & (IF(D28<>"", VLOOKUP(D28,'引用列表'!E:G,2,FALSE), "")) & (IF(E28<>"", IFERROR("，"&VLOOKUP(E28, '引用列表'!I:K, 2, FALSE), ""), "")) & (IF(F28<>"", IFERROR("，"&VLOOKUP(F28, '引用列表'!I:K, 2, FALSE), ""), "")))
A29: =B29 & "_" & C29 & IF(D29<>"", "_" & D29, "") & IF(E29<>"", "_" & E29, "") & IF(F29<>"", "_" & F29, "") &"_X"&L29&"_Y"&M29&"_Z"&N29&"_Rail" | C29: Curve | D29: U90 | E29: Borderless_R | L29: 1 | M29: 1 | N29: 1 | R29: =(1+((L29*M29*N29)-1)*0.1) * ((IF(C29<>"", VLOOKUP(C29,'引用列表'!A:C,3,FALSE), "")) + (IF(D29<>"", VLOOKUP(D29,'引用列表'!E:G,3,FALSE), "")) + (IF(E29<>"", IFERROR(VLOOKUP(E29, '引用列表'!I:K, 3, FALSE), ""), 0)) + (IF(F29<>"", IFERROR(VLOOKUP(F29, '引用列表'!I:K, 3, FALSE), ""), 0))) | S29: =((IF(C29<>"", VLOOKUP(C29,'引用列表'!A:C,2,FALSE), "")) & (IF(D29<>"", VLOOKUP(D29,'引用列表'!E:G,2,FALSE), "")) & (IF(E29<>"", IFERROR("，"&VLOOKUP(E29, '引用列表'!I:K, 2, FALSE), ""), "")) & (IF(F29<>"", IFERROR("，"&VLOOKUP(F29, '引用列表'!I:K, 2, FALSE), ""), "")))
A30: =B30 & "_" & C30 & IF(D30<>"", "_" & D30, "") & IF(E30<>"", "_" & E30, "") & IF(F30<>"", "_" & F30, "") &"_X"&L30&"_Y"&M30&"_Z"&N30&"_Rail" | C30: Curve | D30: U90 | L30: 1 | M30: 1 | N30: 1 | O30: 是 | P30: 在做PROXY | R30: =(1+((L30*M30*N30)-1)*0.1) * ((IF(C30<>"", VLOOKUP(C30,'引用列表'!A:C,3,FALSE), "")) + (IF(D30<>"", VLOOKUP(D30,'引用列表'!E:G,3,FALSE), "")) + (IF(E30<>"", IFERROR(VLOOKUP(E30, '引用列表'!I:K, 3, FALSE), ""), 0)) + (IF(F30<>"", IFERROR(VLOOKUP(F30, '引用列表'!I:K, 3, FALSE), ""), 0))) | S30: =((IF(C30<>"", VLOOKUP(C30,'引用列表'!A:C,2,FALSE), "")) & (IF(D30<>"", VLOOKUP(D30,'引用列表'!E:G,2,FALSE), "")) & (IF(E30<>"", IFERROR("，"&VLOOKUP(E30, '引用列表'!I:K, 2, FALSE), ""), "")) & (IF(F30<>"", IFERROR("，"&VLOOKUP(F30, '引用列表'!I:K, 2, FALSE), ""), "")))
A31: =B31 & "_" & C31 & IF(D31<>"", "_" & D31, "") & IF(E31<>"", "_" & E31, "") & IF(F31<>"", "_" & F31, "") &"_X"&L31&"_Y"&M31&"_Z"&N31&"_Rail" | C31: End | D31: F | L31: 1 | M31: 1 | N31: 1 | O31: 是 | P31: 简单VOXEL | R31: =(1+((L31*M31*N31)-1)*0.1) * ((IF(C31<>"", VLOOKUP(C31,'引用列表'!A:C,3,FALSE), "")) + (IF(D31<>"", VLOOKUP(D31,'引用列表'!E:G,3,FALSE), "")) + (IF(E31<>"", IFERROR(VLOOKUP(E31, '引用列表'!I:K, 3, FALSE), ""), 0)) + (IF(F31<>"", IFERROR(VLOOKUP(F31, '引用列表'!I:K, 3, FALSE), ""), 0))) | S31: =((IF(C31<>"", VLOOKUP(C31,'引用列表'!A:C,2,FALSE), "")) & (IF(D31<>"", VLOOKUP(D31,'引用列表'!E:G,2,FALSE), "")) & (IF(E31<>"", IFERROR("，"&VLOOKUP(E31, '引用列表'!I:K, 2, FALSE), ""), "")) & (IF(F31<>"", IFERROR("，"&VLOOKUP(F31, '引用列表'!I:K, 2, FALSE), ""), "")))
A32: =B32 & "_" & C32 & IF(D32<>"", "_" & D32, "") & IF(E32<>"", "_" & E32, "") & IF(F32<>"", "_" & F32, "") &"_X"&L32&"_Y"&M32&"_Z"&N32&"_Rail" | C32: Start | D32: F | H32: (1,0,0), X, [0] | L32: 1 | M32: 1 | N32: 1 | O32: 是 | P32: 简单VOXEL | R32: =(1+((L32*M32*N32)-1)*0.1) * ((IF(C32<>"", VLOOKUP(C32,'引用列表'!A:C,3,FALSE), "")) + (IF(D32<>"", VLOOKUP(D32,'引用列表'!E:G,3,FALSE), "")) + (IF(E32<>"", IFERROR(VLOOKUP(E32, '引用列表'!I:K, 3, FALSE), ""), 0)) + (IF(F32<>"", IFERROR(VLOOKUP(F32, '引用列表'!I:K, 3, FALSE), ""), 0))) | S32: =((IF(C32<>"", VLOOKUP(C32,'引用列表'!A:C,2,FALSE), "")) & (IF(D32<>"", VLOOKUP(D32,'引用列表'!E:G,2,FALSE), "")) & (IF(E32<>"", IFERROR("，"&VLOOKUP(E32, '引用列表'!I:K, 2, FALSE), ""), "")) & (IF(F32<>"", IFERROR("，"&VLOOKUP(F32, '引用列表'!I:K, 2, FALSE), ""), "")))
A33: =B33 & "_" & C33 & IF(D33<>"", "_" & D33, "") & IF(E33<>"", "_" & E33, "") & IF(F33<>"", "_" & F33, "") &"_X"&L33&"_Y"&M33&"_Z"&N33&"_Rail" | C33: Straight | D33: D90 | E33: Borderless | F33: Caved | H33: 1 | I33: 1 | L33: 1 | M33: 1 | N33: 1 | O33: 镜像子 | P33: 不急 | R33: =(1+((L33*M33*N33)-1)*0.1) * ((IF(C33<>"", VLOOKUP(C33,'引用列表'!A:C,3,FALSE), "")) + (IF(D33<>"", VLOOKUP(D33,'引用列表'!E:G,3,FALSE), "")) + (IF(E33<>"", IFERROR(VLOOKUP(E33, '引用列表'!I:K, 3, FALSE), ""), 0)) + (IF(F33<>"", IFERROR(VLOOKUP(F33, '引用列表'!I:K, 3, FALSE), ""), 0))) | S33: =((IF(C33<>"", VLOOKUP(C33,'引用列表'!A:C,2,FALSE), "")) & (IF(D33<>"", VLOOKUP(D33,'引用列表'!E:G,2,FALSE), "")) & (IF(E33<>"", IFERROR("，"&VLOOKUP(E33, '引用列表'!I:K, 2, FALSE), ""), "")) & (IF(F33<>"", IFERROR("，"&VLOOKUP(F33, '引用列表'!I:K, 2, FALSE), ""), "")))
A34: =B34 & "_" & C34 & IF(D34<>"", "_" & D34, "") & IF(E34<>"", "_" & E34, "") & IF(F34<>"", "_" & F34, "") &"_X"&L34&"_Y"&M34&"_Z"&N34&"_Rail" | C34: Straight | D34: D90 | E34: Borderless_L | L34: 1 | M34: 1 | N34: 1 | R34: =(1+((L34*M34*N34)-1)*0.1) * ((IF(C34<>"", VLOOKUP(C34,'引用列表'!A:C,3,FALSE), "")) + (IF(D34<>"", VLOOKUP(D34,'引用列表'!E:G,3,FALSE), "")) + (IF(E34<>"", IFERROR(VLOOKUP(E34, '引用列表'!I:K, 3, FALSE), ""), 0)) + (IF(F34<>"", IFERROR(VLOOKUP(F34, '引用列表'!I:K, 3, FALSE), ""), 0))) | S34: =((IF(C34<>"", VLOOKUP(C34,'引用列表'!A:C,2,FALSE), "")) & (IF(D34<>"", VLOOKUP(D34,'引用列表'!E:G,2,FALSE), "")) & (IF(E34<>"", IFERROR("，"&VLOOKUP(E34, '引用列表'!I:K, 2, FALSE), ""), "")) & (IF(F34<>"", IFERROR("，"&VLOOKUP(F34, '引用列表'!I:K, 2, FALSE), ""), "")))
A35: =B35 & "_" & C35 & IF(D35<>"", "_" & D35, "") & IF(E35<>"", "_" & E35, "") & IF(F35<>"", "_" & F35, "") &"_X"&L35&"_Y"&M35&"_Z"&N35&"_Rail" | C35: Straight | D35: D90 | E35: Borderless_R | L35: 1 | M35: 1 | N35: 1 | R35: =(1+((L35*M35*N35)-1)*0.1) * ((IF(C35<>"", VLOOKUP(C35,'引用列表'!A:C,3,FALSE), "")) + (IF(D35<>"", VLOOKUP(D35,'引用列表'!E:G,3,FALSE), "")) + (IF(E35<>"", IFERROR(VLOOKUP(E35, '引用列表'!I:K, 3, FALSE), ""), 0)) + (IF(F35<>"", IFERROR(VLOOKUP(F35, '引用列表'!I:K, 3, FALSE), ""), 0))) | S35: =((IF(C35<>"", VLOOKUP(C35,'引用列表'!A:C,2,FALSE), "")) & (IF(D35<>"", VLOOKUP(D35,'引用列表'!E:G,2,FALSE), "")) & (IF(E35<>"", IFERROR("，"&VLOOKUP(E35, '引用列表'!I:K, 2, FALSE), ""), "")) & (IF(F35<>"", IFERROR("，"&VLOOKUP(F35, '引用列表'!I:K, 2, FALSE), ""), "")))
A36: =B36 & "_" & C36 & IF(D36<>"", "_" & D36, "") & IF(E36<>"", "_" & E36, "") & IF(F36<>"", "_" & F36, "") &"_X"&L36&"_Y"&M36&"_Z"&N36&"_Rail" | C36: Straight | D36: D90 | H36: 0,1,0,y | L36: 1 | M36: 1 | N36: 1 | O36: 是 | P36: 不急 | R36: =(1+((L36*M36*N36)-1)*0.1) * ((IF(C36<>"", VLOOKUP(C36,'引用列表'!A:C,3,FALSE), "")) + (IF(D36<>"", VLOOKUP(D36,'引用列表'!E:G,3,FALSE), "")) + (IF(E36<>"", IFERROR(VLOOKUP(E36, '引用列表'!I:K, 3, FALSE), ""), 0)) + (IF(F36<>"", IFERROR(VLOOKUP(F36, '引用列表'!I:K, 3, FALSE), ""), 0))) | S36: =((IF(C36<>"", VLOOKUP(C36,'引用列表'!A:C,2,FALSE), "")) & (IF(D36<>"", VLOOKUP(D36,'引用列表'!E:G,2,FALSE), "")) & (IF(E36<>"", IFERROR("，"&VLOOKUP(E36, '引用列表'!I:K, 2, FALSE), ""), "")) & (IF(F36<>"", IFERROR("，"&VLOOKUP(F36, '引用列表'!I:K, 2, FALSE), ""), "")))
A37: =B37 & "_" & C37 & IF(D37<>"", "_" & D37, "") & IF(E37<>"", "_" & E37, "") & IF(F37<>"", "_" & F37, "") &"_X"&L37&"_Y"&M37&"_Z"&N37&"_Rail" | C37: Straight | D37: F | E37: Borderless | F37: Caved | H37: (1,0,0), X, [0] | I37: (0,1,0), Y, [0] | J37: (0,-1,0), -Y, [0] | L37: 1 | M37: 1 | N37: 1 | O37: 是 | P37: ✅ | R37: =(1+((L37*M37*N37)-1)*0.1) * ((IF(C37<>"", VLOOKUP(C37,'引用列表'!A:C,3,FALSE), "")) + (IF(D37<>"", VLOOKUP(D37,'引用列表'!E:G,3,FALSE), "")) + (IF(E37<>"", IFERROR(VLOOKUP(E37, '引用列表'!I:K, 3, FALSE), ""), 0)) + (IF(F37<>"", IFERROR(VLOOKUP(F37, '引用列表'!I:K, 3, FALSE), ""), 0))) | S37: =((IF(C37<>"", VLOOKUP(C37,'引用列表'!A:C,2,FALSE), "")) & (IF(D37<>"", VLOOKUP(D37,'引用列表'!E:G,2,FALSE), "")) & (IF(E37<>"", IFERROR("，"&VLOOKUP(E37, '引用列表'!I:K, 2, FALSE), ""), "")) & (IF(F37<>"", IFERROR("，"&VLOOKUP(F37, '引用列表'!I:K, 2, FALSE), ""), "")))
A38: =B38 & "_" & C38 & IF(D38<>"", "_" & D38, "") & IF(E38<>"", "_" & E38, "") & IF(F38<>"", "_" & F38, "") &"_X"&L38&"_Y"&M38&"_Z"&N38&"_Rail" | C38: Straight | D38: F | E38: Borderless_L | F38: HoleInRail | L38: 1 | M38: 1 | N38: 1 | R38: =(1+((L38*M38*N38)-1)*0.1) * ((IF(C38<>"", VLOOKUP(C38,'引用列表'!A:C,3,FALSE), "")) + (IF(D38<>"", VLOOKUP(D38,'引用列表'!E:G,3,FALSE), "")) + (IF(E38<>"", IFERROR(VLOOKUP(E38, '引用列表'!I:K, 3, FALSE), ""), 0)) + (IF(F38<>"", IFERROR(VLOOKUP(F38, '引用列表'!I:K, 3, FALSE), ""), 0))) | S38: =((IF(C38<>"", VLOOKUP(C38,'引用列表'!A:C,2,FALSE), "")) & (IF(D38<>"", VLOOKUP(D38,'引用列表'!E:G,2,FALSE), "")) & (IF(E38<>"", IFERROR("，"&VLOOKUP(E38, '引用列表'!I:K, 2, FALSE), ""), "")) & (IF(F38<>"", IFERROR("，"&VLOOKUP(F38, '引用列表'!I:K, 2, FALSE), ""), "")))
A39: =B39 & "_" & C39 & IF(D39<>"", "_" & D39, "") & IF(E39<>"", "_" & E39, "") & IF(F39<>"", "_" & F39, "") &"_X"&L39&"_Y"&M39&"_Z"&N39&"_Rail" | C39: Straight | D39: F | E39: Borderless_L | H39: 1 | I39: 1 | L39: 1 | M39: 1 | N39: 1 | O39: 镜像源 | P39: ✅ | R39: =(1+((L39*M39*N39)-1)*0.1) * ((IF(C39<>"", VLOOKUP(C39,'引用列表'!A:C,3,FALSE), "")) + (IF(D39<>"", VLOOKUP(D39,'引用列表'!E:G,3,FALSE), "")) + (IF(E39<>"", IFERROR(VLOOKUP(E39, '引用列表'!I:K, 3, FALSE), ""), 0)) + (IF(F39<>"", IFERROR(VLOOKUP(F39, '引用列表'!I:K, 3, FALSE), ""), 0))) | S39: =((IF(C39<>"", VLOOKUP(C39,'引用列表'!A:C,2,FALSE), "")) & (IF(D39<>"", VLOOKUP(D39,'引用列表'!E:G,2,FALSE), "")) & (IF(E39<>"", IFERROR("，"&VLOOKUP(E39, '引用列表'!I:K, 2, FALSE), ""), "")) & (IF(F39<>"", IFERROR("，"&VLOOKUP(F39, '引用列表'!I:K, 2, FALSE), ""), "")))
A40: =B40 & "_" & C40 & IF(D40<>"", "_" & D40, "") & IF(E40<>"", "_" & E40, "") & IF(F40<>"", "_" & F40, "") &"_X"&L40&"_Y"&M40&"_Z"&N40&"_Rail" | C40: Straight | D40: F | E40: Borderless_R | F40: HoleInRail | L40: 1 | M40: 1 | N40: 1 | R40: =(1+((L40*M40*N40)-1)*0.1) * ((IF(C40<>"", VLOOKUP(C40,'引用列表'!A:C,3,FALSE), "")) + (IF(D40<>"", VLOOKUP(D40,'引用列表'!E:G,3,FALSE), "")) + (IF(E40<>"", IFERROR(VLOOKUP(E40, '引用列表'!I:K, 3, FALSE), ""), 0)) + (IF(F40<>"", IFERROR(VLOOKUP(F40, '引用列表'!I:K, 3, FALSE), ""), 0))) | S40: =((IF(C40<>"", VLOOKUP(C40,'引用列表'!A:C,2,FALSE), "")) & (IF(D40<>"", VLOOKUP(D40,'引用列表'!E:G,2,FALSE), "")) & (IF(E40<>"", IFERROR("，"&VLOOKUP(E40, '引用列表'!I:K, 2, FALSE), ""), "")) & (IF(F40<>"", IFERROR("，"&VLOOKUP(F40, '引用列表'!I:K, 2, FALSE), ""), "")))
A41: =B41 & "_" & C41 & IF(D41<>"", "_" & D41, "") & IF(E41<>"", "_" & E41, "") & IF(F41<>"", "_" & F41, "") &"_X"&L41&"_Y"&M41&"_Z"&N41&"_Rail" | C41: Straight | D41: F | E41: Borderless_R | L41: 1 | M41: 1 | N41: 1 | P41: ✅ | R41: =(1+((L41*M41*N41)-1)*0.1) * ((IF(C41<>"", VLOOKUP(C41,'引用列表'!A:C,3,FALSE), "")) + (IF(D41<>"", VLOOKUP(D41,'引用列表'!E:G,3,FALSE), "")) + (IF(E41<>"", IFERROR(VLOOKUP(E41, '引用列表'!I:K, 3, FALSE), ""), 0)) + (IF(F41<>"", IFERROR(VLOOKUP(F41, '引用列表'!I:K, 3, FALSE), ""), 0))) | S41: =((IF(C41<>"", VLOOKUP(C41,'引用列表'!A:C,2,FALSE), "")) & (IF(D41<>"", VLOOKUP(D41,'引用列表'!E:G,2,FALSE), "")) & (IF(E41<>"", IFERROR("，"&VLOOKUP(E41, '引用列表'!I:K, 2, FALSE), ""), "")) & (IF(F41<>"", IFERROR("，"&VLOOKUP(F41, '引用列表'!I:K, 2, FALSE), ""), "")))
A42: =B42 & "_" & C42 & IF(D42<>"", "_" & D42, "") & IF(E42<>"", "_" & E42, "") & IF(F42<>"", "_" & F42, "") &"_X"&L42&"_Y"&M42&"_Z"&N42&"_Rail" | C42: Straight | D42: F | E42: Borderless | L42: 1 | M42: 1 | N42: 1 | R42: =(1+((L42*M42*N42)-1)*0.1) * ((IF(C42<>"", VLOOKUP(C42,'引用列表'!A:C,3,FALSE), "")) + (IF(D42<>"", VLOOKUP(D42,'引用列表'!E:G,3,FALSE), "")) + (IF(E42<>"", IFERROR(VLOOKUP(E42, '引用列表'!I:K, 3, FALSE), ""), 0)) + (IF(F42<>"", IFERROR(VLOOKUP(F42, '引用列表'!I:K, 3, FALSE), ""), 0))) | S42: =((IF(C42<>"", VLOOKUP(C42,'引用列表'!A:C,2,FALSE), "")) & (IF(D42<>"", VLOOKUP(D42,'引用列表'!E:G,2,FALSE), "")) & (IF(E42<>"", IFERROR("，"&VLOOKUP(E42, '引用列表'!I:K, 2, FALSE), ""), "")) & (IF(F42<>"", IFERROR("，"&VLOOKUP(F42, '引用列表'!I:K, 2, FALSE), ""), "")))
A43: =B43 & "_" & C43 & IF(D43<>"", "_" & D43, "") & IF(E43<>"", "_" & E43, "") & IF(F43<>"", "_" & F43, "") &"_X"&L43&"_Y"&M43&"_Z"&N43&"_Rail" | C43: Straight | D43: F | F43: HoleInRail | H43: (1,0,0), X, [0] | I43: (0,1,0), Y, [0] | J43: (0,-1,0), -Y, [0] | L43: 1 | M43: 1 | N43: 1 | O43: 是 | P43: ✅ | R43: =(1+((L43*M43*N43)-1)*0.1) * ((IF(C43<>"", VLOOKUP(C43,'引用列表'!A:C,3,FALSE), "")) + (IF(D43<>"", VLOOKUP(D43,'引用列表'!E:G,3,FALSE), "")) + (IF(E43<>"", IFERROR(VLOOKUP(E43, '引用列表'!I:K, 3, FALSE), ""), 0)) + (IF(F43<>"", IFERROR(VLOOKUP(F43, '引用列表'!I:K, 3, FALSE), ""), 0))) | S43: =((IF(C43<>"", VLOOKUP(C43,'引用列表'!A:C,2,FALSE), "")) & (IF(D43<>"", VLOOKUP(D43,'引用列表'!E:G,2,FALSE), "")) & (IF(E43<>"", IFERROR("，"&VLOOKUP(E43, '引用列表'!I:K, 2, FALSE), ""), "")) & (IF(F43<>"", IFERROR("，"&VLOOKUP(F43, '引用列表'!I:K, 2, FALSE), ""), "")))
A44: =B44 & "_" & C44 & IF(D44<>"", "_" & D44, "") & IF(E44<>"", "_" & E44, "") & IF(F44<>"", "_" & F44, "") &"_X"&L44&"_Y"&M44&"_Z"&N44&"_Rail" | C44: Straight | D44: F | H44: (1,0,0), X, [0] | L44: 1 | M44: 1 | N44: 1 | O44: 是 | P44: 简单VOXEL | R44: =(1+((L44*M44*N44)-1)*0.1) * ((IF(C44<>"", VLOOKUP(C44,'引用列表'!A:C,3,FALSE), "")) + (IF(D44<>"", VLOOKUP(D44,'引用列表'!E:G,3,FALSE), "")) + (IF(E44<>"", IFERROR(VLOOKUP(E44, '引用列表'!I:K, 3, FALSE), ""), 0)) + (IF(F44<>"", IFERROR(VLOOKUP(F44, '引用列表'!I:K, 3, FALSE), ""), 0))) | S44: =((IF(C44<>"", VLOOKUP(C44,'引用列表'!A:C,2,FALSE), "")) & (IF(D44<>"", VLOOKUP(D44,'引用列表'!E:G,2,FALSE), "")) & (IF(E44<>"", IFERROR("，"&VLOOKUP(E44, '引用列表'!I:K, 2, FALSE), ""), "")) & (IF(F44<>"", IFERROR("，"&VLOOKUP(F44, '引用列表'!I:K, 2, FALSE), ""), "")))
A45: =B45 & "_" & C45 & IF(D45<>"", "_" & D45, "") & IF(E45<>"", "_" & E45, "") & IF(F45<>"", "_" & F45, "") &"_X"&L45&"_Y"&M45&"_Z"&N45&"_Rail" | C45: Straight | D45: FL90 | L45: 1 | M45: 1 | N45: 1 | R45: =(1+((L45*M45*N45)-1)*0.1) * ((IF(C45<>"", VLOOKUP(C45,'引用列表'!A:C,3,FALSE), "")) + (IF(D45<>"", VLOOKUP(D45,'引用列表'!E:G,3,FALSE), "")) + (IF(E45<>"", IFERROR(VLOOKUP(E45, '引用列表'!I:K, 3, FALSE), ""), 0)) + (IF(F45<>"", IFERROR(VLOOKUP(F45, '引用列表'!I:K, 3, FALSE), ""), 0))) | S45: =((IF(C45<>"", VLOOKUP(C45,'引用列表'!A:C,2,FALSE), "")) & (IF(D45<>"", VLOOKUP(D45,'引用列表'!E:G,2,FALSE), "")) & (IF(E45<>"", IFERROR("，"&VLOOKUP(E45, '引用列表'!I:K, 2, FALSE), ""), "")) & (IF(F45<>"", IFERROR("，"&VLOOKUP(F45, '引用列表'!I:K, 2, FALSE), ""), "")))
A46: =B46 & "_" & C46 & IF(D46<>"", "_" & D46, "") & IF(E46<>"", "_" & E46, "") & IF(F46<>"", "_" & F46, "") &"_X"&L46&"_Y"&M46&"_Z"&N46&"_Rail" | C46: Straight | D46: FR90 | L46: 1 | M46: 1 | N46: 1 | R46: =(1+((L46*M46*N46)-1)*0.1) * ((IF(C46<>"", VLOOKUP(C46,'引用列表'!A:C,3,FALSE), "")) + (IF(D46<>"", VLOOKUP(D46,'引用列表'!E:G,3,FALSE), "")) + (IF(E46<>"", IFERROR(VLOOKUP(E46, '引用列表'!I:K, 3, FALSE), ""), 0)) + (IF(F46<>"", IFERROR(VLOOKUP(F46, '引用列表'!I:K, 3, FALSE), ""), 0))) | S46: =((IF(C46<>"", VLOOKUP(C46,'引用列表'!A:C,2,FALSE), "")) & (IF(D46<>"", VLOOKUP(D46,'引用列表'!E:G,2,FALSE), "")) & (IF(E46<>"", IFERROR("，"&VLOOKUP(E46, '引用列表'!I:K, 2, FALSE), ""), "")) & (IF(F46<>"", IFERROR("，"&VLOOKUP(F46, '引用列表'!I:K, 2, FALSE), ""), "")))
A47: =B47 & "_" & C47 & IF(D47<>"", "_" & D47, "") & IF(E47<>"", "_" & E47, "") & IF(F47<>"", "_" & F47, "") &"_X"&L47&"_Y"&M47&"_Z"&N47&"_Rail" | C47: Straight | D47: L90 | E47: Borderless | F47: Caved | H47: 1,0,0,x | I47: 0,1,0,y | J47: 0,-1,0,-y | L47: 1 | M47: 1 | N47: 1 | O47: 是 | P47: 不急 | R47: =(1+((L47*M47*N47)-1)*0.1) * ((IF(C47<>"", VLOOKUP(C47,'引用列表'!A:C,3,FALSE), "")) + (IF(D47<>"", VLOOKUP(D47,'引用列表'!E:G,3,FALSE), "")) + (IF(E47<>"", IFERROR(VLOOKUP(E47, '引用列表'!I:K, 3, FALSE), ""), 0)) + (IF(F47<>"", IFERROR(VLOOKUP(F47, '引用列表'!I:K, 3, FALSE), ""), 0))) | S47: =((IF(C47<>"", VLOOKUP(C47,'引用列表'!A:C,2,FALSE), "")) & (IF(D47<>"", VLOOKUP(D47,'引用列表'!E:G,2,FALSE), "")) & (IF(E47<>"", IFERROR("，"&VLOOKUP(E47, '引用列表'!I:K, 2, FALSE), ""), "")) & (IF(F47<>"", IFERROR("，"&VLOOKUP(F47, '引用列表'!I:K, 2, FALSE), ""), "")))
A48: =B48 & "_" & C48 & IF(D48<>"", "_" & D48, "") & IF(E48<>"", "_" & E48, "") & IF(F48<>"", "_" & F48, "") &"_X"&L48&"_Y"&M48&"_Z"&N48&"_Rail" | C48: Straight | D48: L90 | E48: Borderless_I | L48: 1 | M48: 1 | N48: 1 | R48: =(1+((L48*M48*N48)-1)*0.1) * ((IF(C48<>"", VLOOKUP(C48,'引用列表'!A:C,3,FALSE), "")) + (IF(D48<>"", VLOOKUP(D48,'引用列表'!E:G,3,FALSE), "")) + (IF(E48<>"", IFERROR(VLOOKUP(E48, '引用列表'!I:K, 3, FALSE), ""), 0)) + (IF(F48<>"", IFERROR(VLOOKUP(F48, '引用列表'!I:K, 3, FALSE), ""), 0))) | S48: =((IF(C48<>"", VLOOKUP(C48,'引用列表'!A:C,2,FALSE), "")) & (IF(D48<>"", VLOOKUP(D48,'引用列表'!E:G,2,FALSE), "")) & (IF(E48<>"", IFERROR("，"&VLOOKUP(E48, '引用列表'!I:K, 2, FALSE), ""), "")) & (IF(F48<>"", IFERROR("，"&VLOOKUP(F48, '引用列表'!I:K, 2, FALSE), ""), "")))
A49: =B49 & "_" & C49 & IF(D49<>"", "_" & D49, "") & IF(E49<>"", "_" & E49, "") & IF(F49<>"", "_" & F49, "") &"_X"&L49&"_Y"&M49&"_Z"&N49&"_Rail" | C49: Straight | D49: L90 | E49: Borderless_O | L49: 1 | M49: 1 | N49: 1 | R49: =(1+((L49*M49*N49)-1)*0.1) * ((IF(C49<>"", VLOOKUP(C49,'引用列表'!A:C,3,FALSE), "")) + (IF(D49<>"", VLOOKUP(D49,'引用列表'!E:G,3,FALSE), "")) + (IF(E49<>"", IFERROR(VLOOKUP(E49, '引用列表'!I:K, 3, FALSE), ""), 0)) + (IF(F49<>"", IFERROR(VLOOKUP(F49, '引用列表'!I:K, 3, FALSE), ""), 0))) | S49: =((IF(C49<>"", VLOOKUP(C49,'引用列表'!A:C,2,FALSE), "")) & (IF(D49<>"", VLOOKUP(D49,'引用列表'!E:G,2,FALSE), "")) & (IF(E49<>"", IFERROR("，"&VLOOKUP(E49, '引用列表'!I:K, 2, FALSE), ""), "")) & (IF(F49<>"", IFERROR("，"&VLOOKUP(F49, '引用列表'!I:K, 2, FALSE), ""), "")))
A50: =B50 & "_" & C50 & IF(D50<>"", "_" & D50, "") & IF(E50<>"", "_" & E50, "") & IF(F50<>"", "_" & F50, "") &"_X"&L50&"_Y"&M50&"_Z"&N50&"_Rail" | C50: Straight | D50: L90 | H50: (0,0,1), Z, [0] | L50: 1 | M50: 1 | N50: 1 | O50: 是 | P50: 在做蓝图 | R50: =(1+((L50*M50*N50)-1)*0.1) * ((IF(C50<>"", VLOOKUP(C50,'引用列表'!A:C,3,FALSE), "")) + (IF(D50<>"", VLOOKUP(D50,'引用列表'!E:G,3,FALSE), "")) + (IF(E50<>"", IFERROR(VLOOKUP(E50, '引用列表'!I:K, 3, FALSE), ""), 0)) + (IF(F50<>"", IFERROR(VLOOKUP(F50, '引用列表'!I:K, 3, FALSE), ""), 0))) | S50: =((IF(C50<>"", VLOOKUP(C50,'引用列表'!A:C,2,FALSE), "")) & (IF(D50<>"", VLOOKUP(D50,'引用列表'!E:G,2,FALSE), "")) & (IF(E50<>"", IFERROR("，"&VLOOKUP(E50, '引用列表'!I:K, 2, FALSE), ""), "")) & (IF(F50<>"", IFERROR("，"&VLOOKUP(F50, '引用列表'!I:K, 2, FALSE), ""), "")))
A51: =B51 & "_" & C51 & IF(D51<>"", "_" & D51, "") & IF(E51<>"", "_" & E51, "") & IF(F51<>"", "_" & F51, "") &"_X"&L51&"_Y"&M51&"_Z"&N51&"_Rail" | C51: Straight | D51: R90 | E51: Borderless | F51: Caved | H51: 1,0,0,x | I51: 0,1,0,y | J51: 0,-1,0,-y | L51: 1 | M51: 1 | N51: 1 | O51: 是 | P51: 不急 | R51: =(1+((L51*M51*N51)-1)*0.1) * ((IF(C51<>"", VLOOKUP(C51,'引用列表'!A:C,3,FALSE), "")) + (IF(D51<>"", VLOOKUP(D51,'引用列表'!E:G,3,FALSE), "")) + (IF(E51<>"", IFERROR(VLOOKUP(E51, '引用列表'!I:K, 3, FALSE), ""), 0)) + (IF(F51<>"", IFERROR(VLOOKUP(F51, '引用列表'!I:K, 3, FALSE), ""), 0))) | S51: =((IF(C51<>"", VLOOKUP(C51,'引用列表'!A:C,2,FALSE), "")) & (IF(D51<>"", VLOOKUP(D51,'引用列表'!E:G,2,FALSE), "")) & (IF(E51<>"", IFERROR("，"&VLOOKUP(E51, '引用列表'!I:K, 2, FALSE), ""), "")) & (IF(F51<>"", IFERROR("，"&VLOOKUP(F51, '引用列表'!I:K, 2, FALSE), ""), "")))
A52: =B52 & "_" & C52 & IF(D52<>"", "_" & D52, "") & IF(E52<>"", "_" & E52, "") & IF(F52<>"", "_" & F52, "") &"_X"&L52&"_Y"&M52&"_Z"&N52&"_Rail" | C52: Straight | D52: R90 | E52: Borderless_I | L52: 1 | M52: 1 | N52: 1 | R52: =(1+((L52*M52*N52)-1)*0.1) * ((IF(C52<>"", VLOOKUP(C52,'引用列表'!A:C,3,FALSE), "")) + (IF(D52<>"", VLOOKUP(D52,'引用列表'!E:G,3,FALSE), "")) + (IF(E52<>"", IFERROR(VLOOKUP(E52, '引用列表'!I:K, 3, FALSE), ""), 0)) + (IF(F52<>"", IFERROR(VLOOKUP(F52, '引用列表'!I:K, 3, FALSE), ""), 0))) | S52: =((IF(C52<>"", VLOOKUP(C52,'引用列表'!A:C,2,FALSE), "")) & (IF(D52<>"", VLOOKUP(D52,'引用列表'!E:G,2,FALSE), "")) & (IF(E52<>"", IFERROR("，"&VLOOKUP(E52, '引用列表'!I:K, 2, FALSE), ""), "")) & (IF(F52<>"", IFERROR("，"&VLOOKUP(F52, '引用列表'!I:K, 2, FALSE), ""), "")))
A53: =B53 & "_" & C53 & IF(D53<>"", "_" & D53, "") & IF(E53<>"", "_" & E53, "") & IF(F53<>"", "_" & F53, "") &"_X"&L53&"_Y"&M53&"_Z"&N53&"_Rail" | C53: Straight | D53: R90 | E53: Borderless_O | L53: 1 | M53: 1 | N53: 1 | R53: =(1+((L53*M53*N53)-1)*0.1) * ((IF(C53<>"", VLOOKUP(C53,'引用列表'!A:C,3,FALSE), "")) + (IF(D53<>"", VLOOKUP(D53,'引用列表'!E:G,3,FALSE), "")) + (IF(E53<>"", IFERROR(VLOOKUP(E53, '引用列表'!I:K, 3, FALSE), ""), 0)) + (IF(F53<>"", IFERROR(VLOOKUP(F53, '引用列表'!I:K, 3, FALSE), ""), 0))) | S53: =((IF(C53<>"", VLOOKUP(C53,'引用列表'!A:C,2,FALSE), "")) & (IF(D53<>"", VLOOKUP(D53,'引用列表'!E:G,2,FALSE), "")) & (IF(E53<>"", IFERROR("，"&VLOOKUP(E53, '引用列表'!I:K, 2, FALSE), ""), "")) & (IF(F53<>"", IFERROR("，"&VLOOKUP(F53, '引用列表'!I:K, 2, FALSE), ""), "")))
A54: =B54 & "_" & C54 & IF(D54<>"", "_" & D54, "") & IF(E54<>"", "_" & E54, "") & IF(F54<>"", "_" & F54, "") &"_X"&L54&"_Y"&M54&"_Z"&N54&"_Rail" | C54: Straight | D54: R90 | H54: (0,0,-1), -Z, [0] | L54: 1 | M54: 1 | N54: 1 | O54: 是 | P54: 在做蓝图 | R54: =(1+((L54*M54*N54)-1)*0.1) * ((IF(C54<>"", VLOOKUP(C54,'引用列表'!A:C,3,FALSE), "")) + (IF(D54<>"", VLOOKUP(D54,'引用列表'!E:G,3,FALSE), "")) + (IF(E54<>"", IFERROR(VLOOKUP(E54, '引用列表'!I:K, 3, FALSE), ""), 0)) + (IF(F54<>"", IFERROR(VLOOKUP(F54, '引用列表'!I:K, 3, FALSE), ""), 0))) | S54: =((IF(C54<>"", VLOOKUP(C54,'引用列表'!A:C,2,FALSE), "")) & (IF(D54<>"", VLOOKUP(D54,'引用列表'!E:G,2,FALSE), "")) & (IF(E54<>"", IFERROR("，"&VLOOKUP(E54, '引用列表'!I:K, 2, FALSE), ""), "")) & (IF(F54<>"", IFERROR("，"&VLOOKUP(F54, '引用列表'!I:K, 2, FALSE), ""), "")))
A55: =B55 & "_" & C55 & IF(D55<>"", "_" & D55, "") & IF(E55<>"", "_" & E55, "") & IF(F55<>"", "_" & F55, "") &"_X"&L55&"_Y"&M55&"_Z"&N55&"_Rail" | C55: Straight | D55: T | L55: 1 | M55: 1 | N55: 1 | O55: 是 | R55: =(1+((L55*M55*N55)-1)*0.1) * ((IF(C55<>"", VLOOKUP(C55,'引用列表'!A:C,3,FALSE), "")) + (IF(D55<>"", VLOOKUP(D55,'引用列表'!E:G,3,FALSE), "")) + (IF(E55<>"", IFERROR(VLOOKUP(E55, '引用列表'!I:K, 3, FALSE), ""), 0)) + (IF(F55<>"", IFERROR(VLOOKUP(F55, '引用列表'!I:K, 3, FALSE), ""), 0))) | S55: =((IF(C55<>"", VLOOKUP(C55,'引用列表'!A:C,2,FALSE), "")) & (IF(D55<>"", VLOOKUP(D55,'引用列表'!E:G,2,FALSE), "")) & (IF(E55<>"", IFERROR("，"&VLOOKUP(E55, '引用列表'!I:K, 2, FALSE), ""), "")) & (IF(F55<>"", IFERROR("，"&VLOOKUP(F55, '引用列表'!I:K, 2, FALSE), ""), "")))
A56: =B56 & "_" & C56 & IF(D56<>"", "_" & D56, "") & IF(E56<>"", "_" & E56, "") & IF(F56<>"", "_" & F56, "") &"_X"&L56&"_Y"&M56&"_Z"&N56&"_Rail" | C56: Straight | D56: U90 | E56: Borderless | F56: Caved | H56: 1 | I56: 1 | L56: 1 | M56: 1 | N56: 1 | O56: 是 | P56: 不急 | R56: =(1+((L56*M56*N56)-1)*0.1) * ((IF(C56<>"", VLOOKUP(C56,'引用列表'!A:C,3,FALSE), "")) + (IF(D56<>"", VLOOKUP(D56,'引用列表'!E:G,3,FALSE), "")) + (IF(E56<>"", IFERROR(VLOOKUP(E56, '引用列表'!I:K, 3, FALSE), ""), 0)) + (IF(F56<>"", IFERROR(VLOOKUP(F56, '引用列表'!I:K, 3, FALSE), ""), 0))) | S56: =((IF(C56<>"", VLOOKUP(C56,'引用列表'!A:C,2,FALSE), "")) & (IF(D56<>"", VLOOKUP(D56,'引用列表'!E:G,2,FALSE), "")) & (IF(E56<>"", IFERROR("，"&VLOOKUP(E56, '引用列表'!I:K, 2, FALSE), ""), "")) & (IF(F56<>"", IFERROR("，"&VLOOKUP(F56, '引用列表'!I:K, 2, FALSE), ""), "")))
A57: =B57 & "_" & C57 & IF(D57<>"", "_" & D57, "") & IF(E57<>"", "_" & E57, "") & IF(F57<>"", "_" & F57, "") &"_X"&L57&"_Y"&M57&"_Z"&N57&"_Rail" | C57: Straight | D57: U90 | E57: Borderless_L | L57: 1 | M57: 1 | N57: 1 | R57: =(1+((L57*M57*N57)-1)*0.1) * ((IF(C57<>"", VLOOKUP(C57,'引用列表'!A:C,3,FALSE), "")) + (IF(D57<>"", VLOOKUP(D57,'引用列表'!E:G,3,FALSE), "")) + (IF(E57<>"", IFERROR(VLOOKUP(E57, '引用列表'!I:K, 3, FALSE), ""), 0)) + (IF(F57<>"", IFERROR(VLOOKUP(F57, '引用列表'!I:K, 3, FALSE), ""), 0))) | S57: =((IF(C57<>"", VLOOKUP(C57,'引用列表'!A:C,2,FALSE), "")) & (IF(D57<>"", VLOOKUP(D57,'引用列表'!E:G,2,FALSE), "")) & (IF(E57<>"", IFERROR("，"&VLOOKUP(E57, '引用列表'!I:K, 2, FALSE), ""), "")) & (IF(F57<>"", IFERROR("，"&VLOOKUP(F57, '引用列表'!I:K, 2, FALSE), ""), "")))
A58: =B58 & "_" & C58 & IF(D58<>"", "_" & D58, "") & IF(E58<>"", "_" & E58, "") & IF(F58<>"", "_" & F58, "") &"_X"&L58&"_Y"&M58&"_Z"&N58&"_Rail" | C58: Straight | D58: U90 | E58: Borderless_R | L58: 1 | M58: 1 | N58: 1 | R58: =(1+((L58*M58*N58)-1)*0.1) * ((IF(C58<>"", VLOOKUP(C58,'引用列表'!A:C,3,FALSE), "")) + (IF(D58<>"", VLOOKUP(D58,'引用列表'!E:G,3,FALSE), "")) + (IF(E58<>"", IFERROR(VLOOKUP(E58, '引用列表'!I:K, 3, FALSE), ""), 0)) + (IF(F58<>"", IFERROR(VLOOKUP(F58, '引用列表'!I:K, 3, FALSE), ""), 0))) | S58: =((IF(C58<>"", VLOOKUP(C58,'引用列表'!A:C,2,FALSE), "")) & (IF(D58<>"", VLOOKUP(D58,'引用列表'!E:G,2,FALSE), "")) & (IF(E58<>"", IFERROR("，"&VLOOKUP(E58, '引用列表'!I:K, 2, FALSE), ""), "")) & (IF(F58<>"", IFERROR("，"&VLOOKUP(F58, '引用列表'!I:K, 2, FALSE), ""), "")))
A59: =B59 & "_" & C59 & IF(D59<>"", "_" & D59, "") & IF(E59<>"", "_" & E59, "") & IF(F59<>"", "_" & F59, "") &"_X"&L59&"_Y"&M59&"_Z"&N59&"_Rail" | C59: Straight | D59: U90 | H59: 0,-1,0,-y | L59: 1 | M59: 1 | N59: 1 | O59: 是 | P59: ✅ | R59: =(1+((L59*M59*N59)-1)*0.1) * ((IF(C59<>"", VLOOKUP(C59,'引用列表'!A:C,3,FALSE), "")) + (IF(D59<>"", VLOOKUP(D59,'引用列表'!E:G,3,FALSE), "")) + (IF(E59<>"", IFERROR(VLOOKUP(E59, '引用列表'!I:K, 3, FALSE), ""), 0)) + (IF(F59<>"", IFERROR(VLOOKUP(F59, '引用列表'!I:K, 3, FALSE), ""), 0))) | S59: =((IF(C59<>"", VLOOKUP(C59,'引用列表'!A:C,2,FALSE), "")) & (IF(D59<>"", VLOOKUP(D59,'引用列表'!E:G,2,FALSE), "")) & (IF(E59<>"", IFERROR("，"&VLOOKUP(E59, '引用列表'!I:K, 2, FALSE), ""), "")) & (IF(F59<>"", IFERROR("，"&VLOOKUP(F59, '引用列表'!I:K, 2, FALSE), ""), "")))

Sheet 过期同步文件
A1: Row Name | B1: Mesh | C1: StartOpeningType | D1: EndOpeningType | E1: LeftOpeningType | F1: RightOpeningType | G1: StartStyleType | H1: EndStyleType | I1: LeftStyleType | J1: RightStyleType | K1: bEndOnly
A2: =IF(VoxelMeshDefinition!AE301="✅", IF(#REF!<>"", #REF!, ""),"") | B2: =IF(VoxelMeshDefinition!AE301="✅", "/Script/Engine.StaticMesh'/Game/Item/Mesh/Voxel/" & VoxelMeshDefinition!Q301 & "/" & VoxelMeshDefinition!H301 & "/" & VoxelMeshDefinition!E301 & "." & VoxelMeshDefinition!E301 & "'", "") | C2: =IF(VoxelMeshDefinition!AE301="✅", IF(VoxelMeshDefinition!T301<>"", VoxelMeshDefinition!T301, ""), "") | D2: =IF(VoxelMeshDefinition!AE301="✅", IF(VoxelMeshDefinition!U301<>"", VoxelMeshDefinition!U301, ""),"") | E2: =IF(VoxelMeshDefinition!AE301="✅", IF(VoxelMeshDefinition!V301<>"", VoxelMeshDefinition!V301, ""),"") | F2: =IF(VoxelMeshDefinition!AE301="✅", IF(VoxelMeshDefinition!W301<>"", VoxelMeshDefinition!W301, ""),"") | G2: =IF(VoxelMeshDefinition!AE301="✅", IF(VoxelMeshDefinition!X301<>"", VoxelMeshDefinition!X301, ""),"") | H2: =IF(VoxelMeshDefinition!AE301="✅", IF(VoxelMeshDefinition!Y301<>"", VoxelMeshDefinition!Y301, ""),"") | I2: =IF(VoxelMeshDefinition!AE301="✅", IF(VoxelMeshDefinition!Z301<>"", VoxelMeshDefinition!Z301, ""),"") | J2: =IF(VoxelMeshDefinition!AE301="✅", IF(VoxelMeshDefinition!AA301<>"", VoxelMeshDefinition!AA301, ""),"") | K2: =IF(VoxelMeshDefinition!AE301="✅", VLOOKUP(A2,VoxelMeshDefinition!S:AE,10,FALSE),"")
A3: =IF(#REF!="✅", IF(#REF!<>"", #REF!, ""),"") | B3: =IF(#REF!="✅", "/Script/Engine.StaticMesh'/Game/Item/Mesh/Voxel/" & #REF! & "/" & #REF! & "/" & #REF! & "." & #REF! & "'", "") | C3: =IF(#REF!="✅", IF(#REF!<>"", #REF!, ""), "") | D3: =IF(#REF!="✅", IF(#REF!<>"", #REF!, ""),"") | E3: =IF(#REF!="✅", IF(#REF!<>"", #REF!, ""),"") | F3: =IF(#REF!="✅", IF(#REF!<>"", #REF!, ""),"") | G3: =IF(#REF!="✅", IF(#REF!<>"", #REF!, ""),"") | H3: =IF(#REF!="✅", IF(#REF!<>"", #REF!, ""),"") | I3: =IF(#REF!="✅", IF(#REF!<>"", #REF!, ""),"") | J3: =IF(#REF!="✅", IF(#REF!<>"", #REF!, ""),"") | K3: =IF(#REF!="✅", VLOOKUP(A3,VoxelMeshDefinition!S:AE,10,FALSE),"")
A4: =IF(#REF!="✅", IF(#REF!<>"", #REF!, ""),"") | B4: =IF(#REF!="✅", "/Script/Engine.StaticMesh'/Game/Item/Mesh/Voxel/" & #REF! & "/" & #REF! & "/" & #REF! & "." & #REF! & "'", "") | C4: =IF(#REF!="✅", IF(#REF!<>"", #REF!, ""), "") | D4: =IF(#REF!="✅", IF(#REF!<>"", #REF!, ""),"") | E4: =IF(#REF!="✅", IF(#REF!<>"", #REF!, ""),"") | F4: =IF(#REF!="✅", IF(#REF!<>"", #REF!, ""),"") | G4: =IF(#REF!="✅", IF(#REF!<>"", #REF!, ""),"") | H4: =IF(#REF!="✅", IF(#REF!<>"", #REF!, ""),"") | I4: =IF(#REF!="✅", IF(#REF!<>"", #REF!, ""),"") | J4: =IF(#REF!="✅", IF(#REF!<>"", #REF!, ""),"") | K4: =IF(#REF!="✅", VLOOKUP(A4,VoxelMeshDefinition!S:AE,10,FALSE),"")
A5: =IF(#REF!="✅", IF(#REF!<>"", #REF!, ""),"") | B5: =IF(#REF!="✅", "/Script/Engine.StaticMesh'/Game/Item/Mesh/Voxel/" & #REF! & "/" & #REF! & "/" & #REF! & "." & #REF! & "'", "") | C5: =IF(#REF!="✅", IF(#REF!<>"", #REF!, ""), "") | D5: =IF(#REF!="✅", IF(#REF!<>"", #REF!, ""),"") | E5: =IF(#REF!="✅", IF(#REF!<>"", #REF!, ""),"") | F5: =IF(#REF!="✅", IF(#REF!<>"", #REF!, ""),"") | G5: =IF(#REF!="✅", IF(#REF!<>"", #REF!, ""),"") | H5: =IF(#REF!="✅", IF(#REF!<>"", #REF!, ""),"") | I5: =IF(#REF!="✅", IF(#REF!<>"", #REF!, ""),"") | J5: =IF(#REF!="✅", IF(#REF!<>"", #REF!, ""),"") | K5: =IF(#REF!="✅", VLOOKUP(A5,VoxelMeshDefinition!S:AE,10,FALSE),"")
A6: =IF(#REF!="✅", IF(#REF!<>"", #REF!, ""),"") | B6: =IF(#REF!="✅", "/Script/Engine.StaticMesh'/Game/Item/Mesh/Voxel/" & #REF! & "/" & #REF! & "/" & #REF! & "." & #REF! & "'", "") | C6: =IF(#REF!="✅", IF(#REF!<>"", #REF!, ""), "") | D6: =IF(#REF!="✅", IF(#REF!<>"", #REF!, ""),"") | E6: =IF(#REF!="✅", IF(#REF!<>"", #REF!, ""),"") | F6: =IF(#REF!="✅", IF(#REF!<>"", #REF!, ""),"") | G6: =IF(#REF!="✅", IF(#REF!<>"", #REF!, ""),"") | H6: =IF(#REF!="✅", IF(#REF!<>"", #REF!, ""),"") | I6: =IF(#REF!="✅", IF(#REF!<>"", #REF!, ""),"") | J6: =IF(#REF!="✅", IF(#REF!<>"", #REF!, ""),"") | K6: =IF(#REF!="✅", VLOOKUP(A6,VoxelMeshDefinition!S:AE,10,FALSE),"")
A7: =IF(#REF!="✅", IF(#REF!<>"", #REF!, ""),"") | B7: =IF(#REF!="✅", "/Script/Engine.StaticMesh'/Game/Item/Mesh/Voxel/" & #REF! & "/" & #REF! & "/" & #REF! & "." & #REF! & "'", "") | C7: =IF(#REF!="✅", IF(#REF!<>"", #REF!, ""), "") | D7: =IF(#REF!="✅", IF(#REF!<>"", #REF!, ""),"") | E7: =IF(#REF!="✅", IF(#REF!<>"", #REF!, ""),"") | F7: =IF(#REF!="✅", IF(#REF!<>"", #REF!, ""),"") | G7: =IF(#REF!="✅", IF(#REF!<>"", #REF!, ""),"") | H7: =IF(#REF!="✅", IF(#REF!<>"", #REF!, ""),"") | I7: =IF(#REF!="✅", IF(#REF!<>"", #REF!, ""),"") | J7: =IF(#REF!="✅", IF(#REF!<>"", #REF!, ""),"") | K7: =IF(#REF!="✅", VLOOKUP(A7,VoxelMeshDefinition!S:AE,10,FALSE),"")
A8: =IF(#REF!="✅", IF(#REF!<>"", #REF!, ""),"") | B8: =IF(#REF!="✅", "/Script/Engine.StaticMesh'/Game/Item/Mesh/Voxel/" & #REF! & "/" & #REF! & "/" & #REF! & "." & #REF! & "'", "") | C8: =IF(#REF!="✅", IF(#REF!<>"", #REF!, ""), "") | D8: =IF(#REF!="✅", IF(#REF!<>"", #REF!, ""),"") | E8: =IF(#REF!="✅", IF(#REF!<>"", #REF!, ""),"") | F8: =IF(#REF!="✅", IF(#REF!<>"", #REF!, ""),"") | G8: =IF(#REF!="✅", IF(#REF!<>"", #REF!, ""),"") | H8: =IF(#REF!="✅", IF(#REF!<>"", #REF!, ""),"") | I8: =IF(#REF!="✅", IF(#REF!<>"", #REF!, ""),"") | J8: =IF(#REF!="✅", IF(#REF!<>"", #REF!, ""),"") | K8: =IF(#REF!="✅", VLOOKUP(A8,VoxelMeshDefinition!S:AE,10,FALSE),"")
A9: =IF(#REF!="✅", IF(#REF!<>"", #REF!, ""),"") | B9: =IF(#REF!="✅", "/Script/Engine.StaticMesh'/Game/Item/Mesh/Voxel/" & #REF! & "/" & #REF! & "/" & #REF! & "." & #REF! & "'", "") | C9: =IF(#REF!="✅", IF(#REF!<>"", #REF!, ""), "") | D9: =IF(#REF!="✅", IF(#REF!<>"", #REF!, ""),"") | E9: =IF(#REF!="✅", IF(#REF!<>"", #REF!, ""),"") | F9: =IF(#REF!="✅", IF(#REF!<>"", #REF!, ""),"") | G9: =IF(#REF!="✅", IF(#REF!<>"", #REF!, ""),"") | H9: =IF(#REF!="✅", IF(#REF!<>"", #REF!, ""),"") | I9: =IF(#REF!="✅", IF(#REF!<>"", #REF!, ""),"") | J9: =IF(#REF!="✅", IF(#REF!<>"", #REF!, ""),"") | K9: =IF(#REF!="✅", VLOOKUP(A9,VoxelMeshDefinition!S:AE,10,FALSE),"")
A10: =IF(#REF!="✅", IF(#REF!<>"", #REF!, ""),"") | B10: =IF(#REF!="✅", "/Script/Engine.StaticMesh'/Game/Item/Mesh/Voxel/" & #REF! & "/" & #REF! & "/" & #REF! & "." & #REF! & "'", "") | C10: =IF(#REF!="✅", IF(#REF!<>"", #REF!, ""), "") | D10: =IF(#REF!="✅", IF(#REF!<>"", #REF!, ""),"") | E10: =IF(#REF!="✅", IF(#REF!<>"", #REF!, ""),"") | F10: =IF(#REF!="✅", IF(#REF!<>"", #REF!, ""),"") | G10: =IF(#REF!="✅", IF(#REF!<>"", #REF!, ""),"") | H10: =IF(#REF!="✅", IF(#REF!<>"", #REF!, ""),"") | I10: =IF(#REF!="✅", IF(#REF!<>"", #REF!, ""),"") | J10: =IF(#REF!="✅", IF(#REF!<>"", #REF!, ""),"") | K10: =IF(#REF!="✅", VLOOKUP(A10,VoxelMeshDefinition!S:AE,10,FALSE),"")
A11: =IF(#REF!="✅", IF(#REF!<>"", #REF!, ""),"") | B11: =IF(#REF!="✅", "/Script/Engine.StaticMesh'/Game/Item/Mesh/Voxel/" & #REF! & "/" & #REF! & "/" & #REF! & "." & #REF! & "'", "") | C11: =IF(#REF!="✅", IF(#REF!<>"", #REF!, ""), "") | D11: =IF(#REF!="✅", IF(#REF!<>"", #REF!, ""),"") | E11: =IF(#REF!="✅", IF(#REF!<>"", #REF!, ""),"") | F11: =IF(#REF!="✅", IF(#REF!<>"", #REF!, ""),"") | G11: =IF(#REF!="✅", IF(#REF!<>"", #REF!, ""),"") | H11: =IF(#REF!="✅", IF(#REF!<>"", #REF!, ""),"") | I11: =IF(#REF!="✅", IF(#REF!<>"", #REF!, ""),"") | J11: =IF(#REF!="✅", IF(#REF!<>"", #REF!, ""),"") | K11: =IF(#REF!="✅", VLOOKUP(A11,VoxelMeshDefinition!S:AE,10,FALSE),"")
A12: =IF(VoxelMeshDefinition!AE250="✅", IF(#REF!<>"", #REF!, ""),"") | B12: =IF(VoxelMeshDefinition!AE250="✅", "/Script/Engine.StaticMesh'/Game/Item/Mesh/Voxel/" & VoxelMeshDefinition!Q250 & "/" & VoxelMeshDefinition!H250 & "/" & VoxelMeshDefinition!E250 & "." & VoxelMeshDefinition!E250 & "'", "") | C12: =IF(VoxelMeshDefinition!AE250="✅", IF(VoxelMeshDefinition!T250<>"", VoxelMeshDefinition!T250, ""), "") | D12: =IF(VoxelMeshDefinition!AE250="✅", IF(VoxelMeshDefinition!U250<>"", VoxelMeshDefinition!U250, ""),"") | E12: =IF(VoxelMeshDefinition!AE250="✅", IF(VoxelMeshDefinition!V250<>"", VoxelMeshDefinition!V250, ""),"") | F12: =IF(VoxelMeshDefinition!AE250="✅", IF(VoxelMeshDefinition!W250<>"", VoxelMeshDefinition!W250, ""),"") | G12: =IF(VoxelMeshDefinition!AE250="✅", IF(VoxelMeshDefinition!X250<>"", VoxelMeshDefinition!X250, ""),"") | H12: =IF(VoxelMeshDefinition!AE250="✅", IF(VoxelMeshDefinition!Y250<>"", VoxelMeshDefinition!Y250, ""),"") | I12: =IF(VoxelMeshDefinition!AE250="✅", IF(VoxelMeshDefinition!Z250<>"", VoxelMeshDefinition!Z250, ""),"") | J12: =IF(VoxelMeshDefinition!AE250="✅", IF(VoxelMeshDefinition!AA250<>"", VoxelMeshDefinition!AA250, ""),"") | K12: =IF(VoxelMeshDefinition!AE250="✅", VLOOKUP(A12,VoxelMeshDefinition!S:AE,10,FALSE),"")
A13: =IF(VoxelMeshDefinition!AE251="✅", IF(#REF!<>"", #REF!, ""),"") | B13: =IF(VoxelMeshDefinition!AE251="✅", "/Script/Engine.StaticMesh'/Game/Item/Mesh/Voxel/" & VoxelMeshDefinition!Q251 & "/" & VoxelMeshDefinition!H251 & "/" & VoxelMeshDefinition!E251 & "." & VoxelMeshDefinition!E251 & "'", "") | C13: =IF(VoxelMeshDefinition!AE251="✅", IF(VoxelMeshDefinition!T251<>"", VoxelMeshDefinition!T251, ""), "") | D13: =IF(VoxelMeshDefinition!AE251="✅", IF(VoxelMeshDefinition!U251<>"", VoxelMeshDefinition!U251, ""),"") | E13: =IF(VoxelMeshDefinition!AE251="✅", IF(VoxelMeshDefinition!V251<>"", VoxelMeshDefinition!V251, ""),"") | F13: =IF(VoxelMeshDefinition!AE251="✅", IF(VoxelMeshDefinition!W251<>"", VoxelMeshDefinition!W251, ""),"") | G13: =IF(VoxelMeshDefinition!AE251="✅", IF(VoxelMeshDefinition!X251<>"", VoxelMeshDefinition!X251, ""),"") | H13: =IF(VoxelMeshDefinition!AE251="✅", IF(VoxelMeshDefinition!Y251<>"", VoxelMeshDefinition!Y251, ""),"") | I13: =IF(VoxelMeshDefinition!AE251="✅", IF(VoxelMeshDefinition!Z251<>"", VoxelMeshDefinition!Z251, ""),"") | J13: =IF(VoxelMeshDefinition!AE251="✅", IF(VoxelMeshDefinition!AA251<>"", VoxelMeshDefinition!AA251, ""),"") | K13: =IF(VoxelMeshDefinition!AE251="✅", VLOOKUP(A13,VoxelMeshDefinition!S:AE,10,FALSE),"")
A14: =IF(VoxelMeshDefinition!AE252="✅", IF(#REF!<>"", #REF!, ""),"") | B14: =IF(VoxelMeshDefinition!AE252="✅", "/Script/Engine.StaticMesh'/Game/Item/Mesh/Voxel/" & VoxelMeshDefinition!Q252 & "/" & VoxelMeshDefinition!H252 & "/" & VoxelMeshDefinition!E252 & "." & VoxelMeshDefinition!E252 & "'", "") | C14: =IF(VoxelMeshDefinition!AE252="✅", IF(VoxelMeshDefinition!T252<>"", VoxelMeshDefinition!T252, ""), "") | D14: =IF(VoxelMeshDefinition!AE252="✅", IF(VoxelMeshDefinition!U252<>"", VoxelMeshDefinition!U252, ""),"") | E14: =IF(VoxelMeshDefinition!AE252="✅", IF(VoxelMeshDefinition!V252<>"", VoxelMeshDefinition!V252, ""),"") | F14: =IF(VoxelMeshDefinition!AE252="✅", IF(VoxelMeshDefinition!W252<>"", VoxelMeshDefinition!W252, ""),"") | G14: =IF(VoxelMeshDefinition!AE252="✅", IF(VoxelMeshDefinition!X252<>"", VoxelMeshDefinition!X252, ""),"") | H14: =IF(VoxelMeshDefinition!AE252="✅", IF(VoxelMeshDefinition!Y252<>"", VoxelMeshDefinition!Y252, ""),"") | I14: =IF(VoxelMeshDefinition!AE252="✅", IF(VoxelMeshDefinition!Z252<>"", VoxelMeshDefinition!Z252, ""),"") | J14: =IF(VoxelMeshDefinition!AE252="✅", IF(VoxelMeshDefinition!AA252<>"", VoxelMeshDefinition!AA252, ""),"") | K14: =IF(VoxelMeshDefinition!AE252="✅", VLOOKUP(A14,VoxelMeshDefinition!S:AE,10,FALSE),"")
A15: =IF(VoxelMeshDefinition!AE121="✅", IF(#REF!<>"", #REF!, ""),"") | B15: =IF(VoxelMeshDefinition!AE121="✅", "/Script/Engine.StaticMesh'/Game/Item/Mesh/Voxel/" & VoxelMeshDefinition!Q121 & "/" & VoxelMeshDefinition!H121 & "/" & VoxelMeshDefinition!E121 & "." & VoxelMeshDefinition!E121 & "'", "") | C15: =IF(VoxelMeshDefinition!AE121="✅", IF(VoxelMeshDefinition!T121<>"", VoxelMeshDefinition!T121, ""), "") | D15: =IF(VoxelMeshDefinition!AE121="✅", IF(VoxelMeshDefinition!U121<>"", VoxelMeshDefinition!U121, ""),"") | E15: =IF(VoxelMeshDefinition!AE121="✅", IF(VoxelMeshDefinition!V121<>"", VoxelMeshDefinition!V121, ""),"") | F15: =IF(VoxelMeshDefinition!AE121="✅", IF(VoxelMeshDefinition!W121<>"", VoxelMeshDefinition!W121, ""),"") | G15: =IF(VoxelMeshDefinition!AE121="✅", IF(VoxelMeshDefinition!X121<>"", VoxelMeshDefinition!X121, ""),"") | H15: =IF(VoxelMeshDefinition!AE121="✅", IF(VoxelMeshDefinition!Y121<>"", VoxelMeshDefinition!Y121, ""),"") | I15: =IF(VoxelMeshDefinition!AE121="✅", IF(VoxelMeshDefinition!Z121<>"", VoxelMeshDefinition!Z121, ""),"") | J15: =IF(VoxelMeshDefinition!AE121="✅", IF(VoxelMeshDefinition!AA121<>"", VoxelMeshDefinition!AA121, ""),"") | K15: =IF(VoxelMeshDefinition!AE121="✅", VLOOKUP(A15,VoxelMeshDefinition!S:AE,10,FALSE),"")
A16: =IF(VoxelMeshDefinition!AE122="✅", IF(#REF!<>"", #REF!, ""),"") | B16: =IF(VoxelMeshDefinition!AE122="✅", "/Script/Engine.StaticMesh'/Game/Item/Mesh/Voxel/" & VoxelMeshDefinition!Q122 & "/" & VoxelMeshDefinition!H122 & "/" & VoxelMeshDefinition!E122 & "." & VoxelMeshDefinition!E122 & "'", "") | C16: =IF(VoxelMeshDefinition!AE122="✅", IF(VoxelMeshDefinition!T122<>"", VoxelMeshDefinition!T122, ""), "") | D16: =IF(VoxelMeshDefinition!AE122="✅", IF(VoxelMeshDefinition!U122<>"", VoxelMeshDefinition!U122, ""),"") | E16: =IF(VoxelMeshDefinition!AE122="✅", IF(VoxelMeshDefinition!V122<>"", VoxelMeshDefinition!V122, ""),"") | F16: =IF(VoxelMeshDefinition!AE122="✅", IF(VoxelMeshDefinition!W122<>"", VoxelMeshDefinition!W122, ""),"") | G16: =IF(VoxelMeshDefinition!AE122="✅", IF(VoxelMeshDefinition!X122<>"", VoxelMeshDefinition!X122, ""),"") | H16: =IF(VoxelMeshDefinition!AE122="✅", IF(VoxelMeshDefinition!Y122<>"", VoxelMeshDefinition!Y122, ""),"") | I16: =IF(VoxelMeshDefinition!AE122="✅", IF(VoxelMeshDefinition!Z122<>"", VoxelMeshDefinition!Z122, ""),"") | J16: =IF(VoxelMeshDefinition!AE122="✅", IF(VoxelMeshDefinition!AA122<>"", VoxelMeshDefinition!AA122, ""),"") | K16: =IF(VoxelMeshDefinition!AE122="✅", VLOOKUP(A16,VoxelMeshDefinition!S:AE,10,FALSE),"")
A17: =IF(VoxelMeshDefinition!AE123="✅", IF(#REF!<>"", #REF!, ""),"") | B17: =IF(VoxelMeshDefinition!AE123="✅", "/Script/Engine.StaticMesh'/Game/Item/Mesh/Voxel/" & VoxelMeshDefinition!Q123 & "/" & VoxelMeshDefinition!H123 & "/" & VoxelMeshDefinition!E123 & "." & VoxelMeshDefinition!E123 & "'", "") | C17: =IF(VoxelMeshDefinition!AE123="✅", IF(VoxelMeshDefinition!T123<>"", VoxelMeshDefinition!T123, ""), "") | D17: =IF(VoxelMeshDefinition!AE123="✅", IF(VoxelMeshDefinition!U123<>"", VoxelMeshDefinition!U123, ""),"") | E17: =IF(VoxelMeshDefinition!AE123="✅", IF(VoxelMeshDefinition!V123<>"", VoxelMeshDefinition!V123, ""),"") | F17: =IF(VoxelMeshDefinition!AE123="✅", IF(VoxelMeshDefinition!W123<>"", VoxelMeshDefinition!W123, ""),"") | G17: =IF(VoxelMeshDefinition!AE123="✅", IF(VoxelMeshDefinition!X123<>"", VoxelMeshDefinition!X123, ""),"") | H17: =IF(VoxelMeshDefinition!AE123="✅", IF(VoxelMeshDefinition!Y123<>"", VoxelMeshDefinition!Y123, ""),"") | I17: =IF(VoxelMeshDefinition!AE123="✅", IF(VoxelMeshDefinition!Z123<>"", VoxelMeshDefinition!Z123, ""),"") | J17: =IF(VoxelMeshDefinition!AE123="✅", IF(VoxelMeshDefinition!AA123<>"", VoxelMeshDefinition!AA123, ""),"") | K17: =IF(VoxelMeshDefinition!AE123="✅", VLOOKUP(A17,VoxelMeshDefinition!S:AE,10,FALSE),"")
A18: =IF(VoxelMeshDefinition!AE124="✅", IF(#REF!<>"", #REF!, ""),"") | B18: =IF(VoxelMeshDefinition!AE124="✅", "/Script/Engine.StaticMesh'/Game/Item/Mesh/Voxel/" & VoxelMeshDefinition!Q124 & "/" & VoxelMeshDefinition!H124 & "/" & VoxelMeshDefinition!E124 & "." & VoxelMeshDefinition!E124 & "'", "") | C18: =IF(VoxelMeshDefinition!AE124="✅", IF(VoxelMeshDefinition!T124<>"", VoxelMeshDefinition!T124, ""), "") | D18: =IF(VoxelMeshDefinition!AE124="✅", IF(VoxelMeshDefinition!U124<>"", VoxelMeshDefinition!U124, ""),"") | E18: =IF(VoxelMeshDefinition!AE124="✅", IF(VoxelMeshDefinition!V124<>"", VoxelMeshDefinition!V124, ""),"") | F18: =IF(VoxelMeshDefinition!AE124="✅", IF(VoxelMeshDefinition!W124<>"", VoxelMeshDefinition!W124, ""),"") | G18: =IF(VoxelMeshDefinition!AE124="✅", IF(VoxelMeshDefinition!X124<>"", VoxelMeshDefinition!X124, ""),"") | H18: =IF(VoxelMeshDefinition!AE124="✅", IF(VoxelMeshDefinition!Y124<>"", VoxelMeshDefinition!Y124, ""),"") | I18: =IF(VoxelMeshDefinition!AE124="✅", IF(VoxelMeshDefinition!Z124<>"", VoxelMeshDefinition!Z124, ""),"") | J18: =IF(VoxelMeshDefinition!AE124="✅", IF(VoxelMeshDefinition!AA124<>"", VoxelMeshDefinition!AA124, ""),"") | K18: =IF(VoxelMeshDefinition!AE124="✅", VLOOKUP(A18,VoxelMeshDefinition!S:AE,10,FALSE),"")
A19: =IF(VoxelMeshDefinition!AE125="✅", IF(#REF!<>"", #REF!, ""),"") | B19: =IF(VoxelMeshDefinition!AE125="✅", "/Script/Engine.StaticMesh'/Game/Item/Mesh/Voxel/" & VoxelMeshDefinition!Q125 & "/" & VoxelMeshDefinition!H125 & "/" & VoxelMeshDefinition!E125 & "." & VoxelMeshDefinition!E125 & "'", "") | C19: =IF(VoxelMeshDefinition!AE125="✅", IF(VoxelMeshDefinition!T125<>"", VoxelMeshDefinition!T125, ""), "") | D19: =IF(VoxelMeshDefinition!AE125="✅", IF(VoxelMeshDefinition!U125<>"", VoxelMeshDefinition!U125, ""),"") | E19: =IF(VoxelMeshDefinition!AE125="✅", IF(VoxelMeshDefinition!V125<>"", VoxelMeshDefinition!V125, ""),"") | F19: =IF(VoxelMeshDefinition!AE125="✅", IF(VoxelMeshDefinition!W125<>"", VoxelMeshDefinition!W125, ""),"") | G19: =IF(VoxelMeshDefinition!AE125="✅", IF(VoxelMeshDefinition!X125<>"", VoxelMeshDefinition!X125, ""),"") | H19: =IF(VoxelMeshDefinition!AE125="✅", IF(VoxelMeshDefinition!Y125<>"", VoxelMeshDefinition!Y125, ""),"") | I19: =IF(VoxelMeshDefinition!AE125="✅", IF(VoxelMeshDefinition!Z125<>"", VoxelMeshDefinition!Z125, ""),"") | J19: =IF(VoxelMeshDefinition!AE125="✅", IF(VoxelMeshDefinition!AA125<>"", VoxelMeshDefinition!AA125, ""),"") | K19: =IF(VoxelMeshDefinition!AE125="✅", VLOOKUP(A19,VoxelMeshDefinition!S:AE,10,FALSE),"")
A20: =IF(VoxelMeshDefinition!AE128="✅", IF(#REF!<>"", #REF!, ""),"") | B20: =IF(VoxelMeshDefinition!AE128="✅", "/Script/Engine.StaticMesh'/Game/Item/Mesh/Voxel/" & VoxelMeshDefinition!Q128 & "/" & VoxelMeshDefinition!H128 & "/" & VoxelMeshDefinition!E128 & "." & VoxelMeshDefinition!E128 & "'", "") | C20: =IF(VoxelMeshDefinition!AE128="✅", IF(VoxelMeshDefinition!T128<>"", VoxelMeshDefinition!T128, ""), "") | D20: =IF(VoxelMeshDefinition!AE128="✅", IF(VoxelMeshDefinition!U128<>"", VoxelMeshDefinition!U128, ""),"") | E20: =IF(VoxelMeshDefinition!AE128="✅", IF(VoxelMeshDefinition!V128<>"", VoxelMeshDefinition!V128, ""),"") | F20: =IF(VoxelMeshDefinition!AE128="✅", IF(VoxelMeshDefinition!W128<>"", VoxelMeshDefinition!W128, ""),"") | G20: =IF(VoxelMeshDefinition!AE128="✅", IF(VoxelMeshDefinition!X128<>"", VoxelMeshDefinition!X128, ""),"") | H20: =IF(VoxelMeshDefinition!AE128="✅", IF(VoxelMeshDefinition!Y128<>"", VoxelMeshDefinition!Y128, ""),"") | I20: =IF(VoxelMeshDefinition!AE128="✅", IF(VoxelMeshDefinition!Z128<>"", VoxelMeshDefinition!Z128, ""),"") | J20: =IF(VoxelMeshDefinition!AE128="✅", IF(VoxelMeshDefinition!AA128<>"", VoxelMeshDefinition!AA128, ""),"") | K20: =IF(VoxelMeshDefinition!AE128="✅", VLOOKUP(A20,VoxelMeshDefinition!S:AE,10,FALSE),"")
A21: =IF(VoxelMeshDefinition!AE129="✅", IF(#REF!<>"", #REF!, ""),"") | B21: =IF(VoxelMeshDefinition!AE129="✅", "/Script/Engine.StaticMesh'/Game/Item/Mesh/Voxel/" & VoxelMeshDefinition!Q129 & "/" & VoxelMeshDefinition!H129 & "/" & VoxelMeshDefinition!E129 & "." & VoxelMeshDefinition!E129 & "'", "") | C21: =IF(VoxelMeshDefinition!AE129="✅", IF(VoxelMeshDefinition!T129<>"", VoxelMeshDefinition!T129, ""), "") | D21: =IF(VoxelMeshDefinition!AE129="✅", IF(VoxelMeshDefinition!U129<>"", VoxelMeshDefinition!U129, ""),"") | E21: =IF(VoxelMeshDefinition!AE129="✅", IF(VoxelMeshDefinition!V129<>"", VoxelMeshDefinition!V129, ""),"") | F21: =IF(VoxelMeshDefinition!AE129="✅", IF(VoxelMeshDefinition!W129<>"", VoxelMeshDefinition!W129, ""),"") | G21: =IF(VoxelMeshDefinition!AE129="✅", IF(VoxelMeshDefinition!X129<>"", VoxelMeshDefinition!X129, ""),"") | H21: =IF(VoxelMeshDefinition!AE129="✅", IF(VoxelMeshDefinition!Y129<>"", VoxelMeshDefinition!Y129, ""),"") | I21: =IF(VoxelMeshDefinition!AE129="✅", IF(VoxelMeshDefinition!Z129<>"", VoxelMeshDefinition!Z129, ""),"") | J21: =IF(VoxelMeshDefinition!AE129="✅", IF(VoxelMeshDefinition!AA129<>"", VoxelMeshDefinition!AA129, ""),"") | K21: =IF(VoxelMeshDefinition!AE129="✅", VLOOKUP(A21,VoxelMeshDefinition!S:AE,10,FALSE),"")
A22: =IF(VoxelMeshDefinition!AE130="✅", IF(#REF!<>"", #REF!, ""),"") | B22: =IF(VoxelMeshDefinition!AE130="✅", "/Script/Engine.StaticMesh'/Game/Item/Mesh/Voxel/" & VoxelMeshDefinition!Q130 & "/" & VoxelMeshDefinition!H130 & "/" & VoxelMeshDefinition!E130 & "." & VoxelMeshDefinition!E130 & "'", "") | C22: =IF(VoxelMeshDefinition!AE130="✅", IF(VoxelMeshDefinition!T130<>"", VoxelMeshDefinition!T130, ""), "") | D22: =IF(VoxelMeshDefinition!AE130="✅", IF(VoxelMeshDefinition!U130<>"", VoxelMeshDefinition!U130, ""),"") | E22: =IF(VoxelMeshDefinition!AE130="✅", IF(VoxelMeshDefinition!V130<>"", VoxelMeshDefinition!V130, ""),"") | F22: =IF(VoxelMeshDefinition!AE130="✅", IF(VoxelMeshDefinition!W130<>"", VoxelMeshDefinition!W130, ""),"") | G22: =IF(VoxelMeshDefinition!AE130="✅", IF(VoxelMeshDefinition!X130<>"", VoxelMeshDefinition!X130, ""),"") | H22: =IF(VoxelMeshDefinition!AE130="✅", IF(VoxelMeshDefinition!Y130<>"", VoxelMeshDefinition!Y130, ""),"") | I22: =IF(VoxelMeshDefinition!AE130="✅", IF(VoxelMeshDefinition!Z130<>"", VoxelMeshDefinition!Z130, ""),"") | J22: =IF(VoxelMeshDefinition!AE130="✅", IF(VoxelMeshDefinition!AA130<>"", VoxelMeshDefinition!AA130, ""),"") | K22: =IF(VoxelMeshDefinition!AE130="✅", VLOOKUP(A22,VoxelMeshDefinition!S:AE,10,FALSE),"")
A23: =IF(VoxelMeshDefinition!AE131="✅", IF(#REF!<>"", #REF!, ""),"") | B23: =IF(VoxelMeshDefinition!AE131="✅", "/Script/Engine.StaticMesh'/Game/Item/Mesh/Voxel/" & VoxelMeshDefinition!Q131 & "/" & VoxelMeshDefinition!H131 & "/" & VoxelMeshDefinition!E131 & "." & VoxelMeshDefinition!E131 & "'", "") | C23: =IF(VoxelMeshDefinition!AE131="✅", IF(VoxelMeshDefinition!T131<>"", VoxelMeshDefinition!T131, ""), "") | D23: =IF(VoxelMeshDefinition!AE131="✅", IF(VoxelMeshDefinition!U131<>"", VoxelMeshDefinition!U131, ""),"") | E23: =IF(VoxelMeshDefinition!AE131="✅", IF(VoxelMeshDefinition!V131<>"", VoxelMeshDefinition!V131, ""),"") | F23: =IF(VoxelMeshDefinition!AE131="✅", IF(VoxelMeshDefinition!W131<>"", VoxelMeshDefinition!W131, ""),"") | G23: =IF(VoxelMeshDefinition!AE131="✅", IF(VoxelMeshDefinition!X131<>"", VoxelMeshDefinition!X131, ""),"") | H23: =IF(VoxelMeshDefinition!AE131="✅", IF(VoxelMeshDefinition!Y131<>"", VoxelMeshDefinition!Y131, ""),"") | I23: =IF(VoxelMeshDefinition!AE131="✅", IF(VoxelMeshDefinition!Z131<>"", VoxelMeshDefinition!Z131, ""),"") | J23: =IF(VoxelMeshDefinition!AE131="✅", IF(VoxelMeshDefinition!AA131<>"", VoxelMeshDefinition!AA131, ""),"") | K23: =IF(VoxelMeshDefinition!AE131="✅", VLOOKUP(A23,VoxelMeshDefinition!S:AE,10,FALSE),"")
A24: =IF(VoxelMeshDefinition!AE132="✅", IF(#REF!<>"", #REF!, ""),"") | B24: =IF(VoxelMeshDefinition!AE132="✅", "/Script/Engine.StaticMesh'/Game/Item/Mesh/Voxel/" & VoxelMeshDefinition!Q132 & "/" & VoxelMeshDefinition!H132 & "/" & VoxelMeshDefinition!E132 & "." & VoxelMeshDefinition!E132 & "'", "") | C24: =IF(VoxelMeshDefinition!AE132="✅", IF(VoxelMeshDefinition!T132<>"", VoxelMeshDefinition!T132, ""), "") | D24: =IF(VoxelMeshDefinition!AE132="✅", IF(VoxelMeshDefinition!U132<>"", VoxelMeshDefinition!U132, ""),"") | E24: =IF(VoxelMeshDefinition!AE132="✅", IF(VoxelMeshDefinition!V132<>"", VoxelMeshDefinition!V132, ""),"") | F24: =IF(VoxelMeshDefinition!AE132="✅", IF(VoxelMeshDefinition!W132<>"", VoxelMeshDefinition!W132, ""),"") | G24: =IF(VoxelMeshDefinition!AE132="✅", IF(VoxelMeshDefinition!X132<>"", VoxelMeshDefinition!X132, ""),"") | H24: =IF(VoxelMeshDefinition!AE132="✅", IF(VoxelMeshDefinition!Y132<>"", VoxelMeshDefinition!Y132, ""),"") | I24: =IF(VoxelMeshDefinition!AE132="✅", IF(VoxelMeshDefinition!Z132<>"", VoxelMeshDefinition!Z132, ""),"") | J24: =IF(VoxelMeshDefinition!AE132="✅", IF(VoxelMeshDefinition!AA132<>"", VoxelMeshDefinition!AA132, ""),"") | K24: =IF(VoxelMeshDefinition!AE132="✅", VLOOKUP(A24,VoxelMeshDefinition!S:AE,10,FALSE),"")
A25: =IF(VoxelMeshDefinition!AE91="✅", IF(#REF!<>"", #REF!, ""),"") | B25: =IF(VoxelMeshDefinition!AE91="✅", "/Script/Engine.StaticMesh'/Game/Item/Mesh/Voxel/" & VoxelMeshDefinition!Q91 & "/" & VoxelMeshDefinition!H91 & "/" & VoxelMeshDefinition!E91 & "." & VoxelMeshDefinition!E91 & "'", "") | C25: =IF(VoxelMeshDefinition!AE91="✅", IF(VoxelMeshDefinition!T91<>"", VoxelMeshDefinition!T91, ""), "") | D25: =IF(VoxelMeshDefinition!AE91="✅", IF(VoxelMeshDefinition!U91<>"", VoxelMeshDefinition!U91, ""),"") | E25: =IF(VoxelMeshDefinition!AE91="✅", IF(VoxelMeshDefinition!V91<>"", VoxelMeshDefinition!V91, ""),"") | F25: =IF(VoxelMeshDefinition!AE91="✅", IF(VoxelMeshDefinition!W91<>"", VoxelMeshDefinition!W91, ""),"") | G25: =IF(VoxelMeshDefinition!AE91="✅", IF(VoxelMeshDefinition!X91<>"", VoxelMeshDefinition!X91, ""),"") | H25: =IF(VoxelMeshDefinition!AE91="✅", IF(VoxelMeshDefinition!Y91<>"", VoxelMeshDefinition!Y91, ""),"") | I25: =IF(VoxelMeshDefinition!AE91="✅", IF(VoxelMeshDefinition!Z91<>"", VoxelMeshDefinition!Z91, ""),"") | J25: =IF(VoxelMeshDefinition!AE91="✅", IF(VoxelMeshDefinition!AA91<>"", VoxelMeshDefinition!AA91, ""),"") | K25: =IF(VoxelMeshDefinition!AE91="✅", VLOOKUP(A25,VoxelMeshDefinition!S:AE,10,FALSE),"")
A26: =IF(VoxelMeshDefinition!AE92="✅", IF(#REF!<>"", #REF!, ""),"") | B26: =IF(VoxelMeshDefinition!AE92="✅", "/Script/Engine.StaticMesh'/Game/Item/Mesh/Voxel/" & VoxelMeshDefinition!Q92 & "/" & VoxelMeshDefinition!H92 & "/" & VoxelMeshDefinition!E92 & "." & VoxelMeshDefinition!E92 & "'", "") | C26: =IF(VoxelMeshDefinition!AE92="✅", IF(VoxelMeshDefinition!T92<>"", VoxelMeshDefinition!T92, ""), "") | D26: =IF(VoxelMeshDefinition!AE92="✅", IF(VoxelMeshDefinition!U92<>"", VoxelMeshDefinition!U92, ""),"") | E26: =IF(VoxelMeshDefinition!AE92="✅", IF(VoxelMeshDefinition!V92<>"", VoxelMeshDefinition!V92, ""),"") | F26: =IF(VoxelMeshDefinition!AE92="✅", IF(VoxelMeshDefinition!W92<>"", VoxelMeshDefinition!W92, ""),"") | G26: =IF(VoxelMeshDefinition!AE92="✅", IF(VoxelMeshDefinition!X92<>"", VoxelMeshDefinition!X92, ""),"") | H26: =IF(VoxelMeshDefinition!AE92="✅", IF(VoxelMeshDefinition!Y92<>"", VoxelMeshDefinition!Y92, ""),"") | I26: =IF(VoxelMeshDefinition!AE92="✅", IF(VoxelMeshDefinition!Z92<>"", VoxelMeshDefinition!Z92, ""),"") | J26: =IF(VoxelMeshDefinition!AE92="✅", IF(VoxelMeshDefinition!AA92<>"", VoxelMeshDefinition!AA92, ""),"") | K26: =IF(VoxelMeshDefinition!AE92="✅", VLOOKUP(A26,VoxelMeshDefinition!S:AE,10,FALSE),"")
A27: =IF(VoxelMeshDefinition!AE93="✅", IF(#REF!<>"", #REF!, ""),"") | B27: =IF(VoxelMeshDefinition!AE93="✅", "/Script/Engine.StaticMesh'/Game/Item/Mesh/Voxel/" & VoxelMeshDefinition!Q93 & "/" & VoxelMeshDefinition!H93 & "/" & VoxelMeshDefinition!E93 & "." & VoxelMeshDefinition!E93 & "'", "") | C27: =IF(VoxelMeshDefinition!AE93="✅", IF(VoxelMeshDefinition!T93<>"", VoxelMeshDefinition!T93, ""), "") | D27: =IF(VoxelMeshDefinition!AE93="✅", IF(VoxelMeshDefinition!U93<>"", VoxelMeshDefinition!U93, ""),"") | E27: =IF(VoxelMeshDefinition!AE93="✅", IF(VoxelMeshDefinition!V93<>"", VoxelMeshDefinition!V93, ""),"") | F27: =IF(VoxelMeshDefinition!AE93="✅", IF(VoxelMeshDefinition!W93<>"", VoxelMeshDefinition!W93, ""),"") | G27: =IF(VoxelMeshDefinition!AE93="✅", IF(VoxelMeshDefinition!X93<>"", VoxelMeshDefinition!X93, ""),"") | H27: =IF(VoxelMeshDefinition!AE93="✅", IF(VoxelMeshDefinition!Y93<>"", VoxelMeshDefinition!Y93, ""),"") | I27: =IF(VoxelMeshDefinition!AE93="✅", IF(VoxelMeshDefinition!Z93<>"", VoxelMeshDefinition!Z93, ""),"") | J27: =IF(VoxelMeshDefinition!AE93="✅", IF(VoxelMeshDefinition!AA93<>"", VoxelMeshDefinition!AA93, ""),"") | K27: =IF(VoxelMeshDefinition!AE93="✅", VLOOKUP(A27,VoxelMeshDefinition!S:AE,10,FALSE),"")
A28: =IF(VoxelMeshDefinition!AE95="✅", IF(#REF!<>"", #REF!, ""),"") | B28: =IF(VoxelMeshDefinition!AE95="✅", "/Script/Engine.StaticMesh'/Game/Item/Mesh/Voxel/" & VoxelMeshDefinition!Q95 & "/" & VoxelMeshDefinition!H95 & "/" & VoxelMeshDefinition!E95 & "." & VoxelMeshDefinition!E95 & "'", "") | C28: =IF(VoxelMeshDefinition!AE95="✅", IF(VoxelMeshDefinition!T95<>"", VoxelMeshDefinition!T95, ""), "") | D28: =IF(VoxelMeshDefinition!AE95="✅", IF(VoxelMeshDefinition!U95<>"", VoxelMeshDefinition!U95, ""),"") | E28: =IF(VoxelMeshDefinition!AE95="✅", IF(VoxelMeshDefinition!V95<>"", VoxelMeshDefinition!V95, ""),"") | F28: =IF(VoxelMeshDefinition!AE95="✅", IF(VoxelMeshDefinition!W95<>"", VoxelMeshDefinition!W95, ""),"") | G28: =IF(VoxelMeshDefinition!AE95="✅", IF(VoxelMeshDefinition!X95<>"", VoxelMeshDefinition!X95, ""),"") | H28: =IF(VoxelMeshDefinition!AE95="✅", IF(VoxelMeshDefinition!Y95<>"", VoxelMeshDefinition!Y95, ""),"") | I28: =IF(VoxelMeshDefinition!AE95="✅", IF(VoxelMeshDefinition!Z95<>"", VoxelMeshDefinition!Z95, ""),"") | J28: =IF(VoxelMeshDefinition!AE95="✅", IF(VoxelMeshDefinition!AA95<>"", VoxelMeshDefinition!AA95, ""),"") | K28: =IF(VoxelMeshDefinition!AE95="✅", VLOOKUP(A28,VoxelMeshDefinition!S:AE,10,FALSE),"")
A29: =IF(VoxelMeshDefinition!AE248="✅", IF(#REF!<>"", #REF!, ""),"") | B29: =IF(VoxelMeshDefinition!AE248="✅", "/Script/Engine.StaticMesh'/Game/Item/Mesh/Voxel/" & VoxelMeshDefinition!Q248 & "/" & VoxelMeshDefinition!H248 & "/" & VoxelMeshDefinition!E248 & "." & VoxelMeshDefinition!E248 & "'", "") | C29: =IF(VoxelMeshDefinition!AE248="✅", IF(VoxelMeshDefinition!T248<>"", VoxelMeshDefinition!T248, ""), "") | D29: =IF(VoxelMeshDefinition!AE248="✅", IF(VoxelMeshDefinition!U248<>"", VoxelMeshDefinition!U248, ""),"") | E29: =IF(VoxelMeshDefinition!AE248="✅", IF(VoxelMeshDefinition!V248<>"", VoxelMeshDefinition!V248, ""),"") | F29: =IF(VoxelMeshDefinition!AE248="✅", IF(VoxelMeshDefinition!W248<>"", VoxelMeshDefinition!W248, ""),"") | G29: =IF(VoxelMeshDefinition!AE248="✅", IF(VoxelMeshDefinition!X248<>"", VoxelMeshDefinition!X248, ""),"") | H29: =IF(VoxelMeshDefinition!AE248="✅", IF(VoxelMeshDefinition!Y248<>"", VoxelMeshDefinition!Y248, ""),"") | I29: =IF(VoxelMeshDefinition!AE248="✅", IF(VoxelMeshDefinition!Z248<>"", VoxelMeshDefinition!Z248, ""),"") | J29: =IF(VoxelMeshDefinition!AE248="✅", IF(VoxelMeshDefinition!AA248<>"", VoxelMeshDefinition!AA248, ""),"") | K29: =IF(VoxelMeshDefinition!AE248="✅", VLOOKUP(A29,VoxelMeshDefinition!S:AE,10,FALSE),"")
A30: =IF(VoxelMeshDefinition!AE44="✅", IF(#REF!<>"", #REF!, ""),"") | B30: =IF(VoxelMeshDefinition!AE44="✅", "/Script/Engine.StaticMesh'/Game/Item/Mesh/Voxel/" & VoxelMeshDefinition!Q44 & "/" & VoxelMeshDefinition!H44 & "/" & VoxelMeshDefinition!E44 & "." & VoxelMeshDefinition!E44 & "'", "") | C30: =IF(VoxelMeshDefinition!AE44="✅", IF(VoxelMeshDefinition!T44<>"", VoxelMeshDefinition!T44, ""), "") | D30: =IF(VoxelMeshDefinition!AE44="✅", IF(VoxelMeshDefinition!U44<>"", VoxelMeshDefinition!U44, ""),"") | E30: =IF(VoxelMeshDefinition!AE44="✅", IF(VoxelMeshDefinition!V44<>"", VoxelMeshDefinition!V44, ""),"") | F30: =IF(VoxelMeshDefinition!AE44="✅", IF(VoxelMeshDefinition!W44<>"", VoxelMeshDefinition!W44, ""),"") | G30: =IF(VoxelMeshDefinition!AE44="✅", IF(VoxelMeshDefinition!X44<>"", VoxelMeshDefinition!X44, ""),"") | H30: =IF(VoxelMeshDefinition!AE44="✅", IF(VoxelMeshDefinition!Y44<>"", VoxelMeshDefinition!Y44, ""),"") | I30: =IF(VoxelMeshDefinition!AE44="✅", IF(VoxelMeshDefinition!Z44<>"", VoxelMeshDefinition!Z44, ""),"") | J30: =IF(VoxelMeshDefinition!AE44="✅", IF(VoxelMeshDefinition!AA44<>"", VoxelMeshDefinition!AA44, ""),"") | K30: =IF(VoxelMeshDefinition!AE44="✅", VLOOKUP(A30,VoxelMeshDefinition!S:AE,10,FALSE),"")
A31: =IF(VoxelMeshDefinition!AE45="✅", IF(#REF!<>"", #REF!, ""),"") | B31: =IF(VoxelMeshDefinition!AE45="✅", "/Script/Engine.StaticMesh'/Game/Item/Mesh/Voxel/" & VoxelMeshDefinition!Q45 & "/" & VoxelMeshDefinition!H45 & "/" & VoxelMeshDefinition!E45 & "." & VoxelMeshDefinition!E45 & "'", "") | C31: =IF(VoxelMeshDefinition!AE45="✅", IF(VoxelMeshDefinition!T45<>"", VoxelMeshDefinition!T45, ""), "") | D31: =IF(VoxelMeshDefinition!AE45="✅", IF(VoxelMeshDefinition!U45<>"", VoxelMeshDefinition!U45, ""),"") | E31: =IF(VoxelMeshDefinition!AE45="✅", IF(VoxelMeshDefinition!V45<>"", VoxelMeshDefinition!V45, ""),"") | F31: =IF(VoxelMeshDefinition!AE45="✅", IF(VoxelMeshDefinition!W45<>"", VoxelMeshDefinition!W45, ""),"") | G31: =IF(VoxelMeshDefinition!AE45="✅", IF(VoxelMeshDefinition!X45<>"", VoxelMeshDefinition!X45, ""),"") | H31: =IF(VoxelMeshDefinition!AE45="✅", IF(VoxelMeshDefinition!Y45<>"", VoxelMeshDefinition!Y45, ""),"") | I31: =IF(VoxelMeshDefinition!AE45="✅", IF(VoxelMeshDefinition!Z45<>"", VoxelMeshDefinition!Z45, ""),"") | J31: =IF(VoxelMeshDefinition!AE45="✅", IF(VoxelMeshDefinition!AA45<>"", VoxelMeshDefinition!AA45, ""),"") | K31: =IF(VoxelMeshDefinition!AE45="✅", VLOOKUP(A31,VoxelMeshDefinition!S:AE,10,FALSE),"")
A32: =IF(VoxelMeshDefinition!AE46="✅", IF(#REF!<>"", #REF!, ""),"") | B32: =IF(VoxelMeshDefinition!AE46="✅", "/Script/Engine.StaticMesh'/Game/Item/Mesh/Voxel/" & VoxelMeshDefinition!Q46 & "/" & VoxelMeshDefinition!H46 & "/" & VoxelMeshDefinition!E46 & "." & VoxelMeshDefinition!E46 & "'", "") | C32: =IF(VoxelMeshDefinition!AE46="✅", IF(VoxelMeshDefinition!T46<>"", VoxelMeshDefinition!T46, ""), "") | D32: =IF(VoxelMeshDefinition!AE46="✅", IF(VoxelMeshDefinition!U46<>"", VoxelMeshDefinition!U46, ""),"") | E32: =IF(VoxelMeshDefinition!AE46="✅", IF(VoxelMeshDefinition!V46<>"", VoxelMeshDefinition!V46, ""),"") | F32: =IF(VoxelMeshDefinition!AE46="✅", IF(VoxelMeshDefinition!W46<>"", VoxelMeshDefinition!W46, ""),"") | G32: =IF(VoxelMeshDefinition!AE46="✅", IF(VoxelMeshDefinition!X46<>"", VoxelMeshDefinition!X46, ""),"") | H32: =IF(VoxelMeshDefinition!AE46="✅", IF(VoxelMeshDefinition!Y46<>"", VoxelMeshDefinition!Y46, ""),"") | I32: =IF(VoxelMeshDefinition!AE46="✅", IF(VoxelMeshDefinition!Z46<>"", VoxelMeshDefinition!Z46, ""),"") | J32: =IF(VoxelMeshDefinition!AE46="✅", IF(VoxelMeshDefinition!AA46<>"", VoxelMeshDefinition!AA46, ""),"") | K32: =IF(VoxelMeshDefinition!AE46="✅", VLOOKUP(A32,VoxelMeshDefinition!S:AE,10,FALSE),"")
A33: =IF(VoxelMeshDefinition!AE48="✅", IF(#REF!<>"", #REF!, ""),"") | B33: =IF(VoxelMeshDefinition!AE48="✅", "/Script/Engine.StaticMesh'/Game/Item/Mesh/Voxel/" & VoxelMeshDefinition!Q48 & "/" & VoxelMeshDefinition!H48 & "/" & VoxelMeshDefinition!E48 & "." & VoxelMeshDefinition!E48 & "'", "") | C33: =IF(VoxelMeshDefinition!AE48="✅", IF(VoxelMeshDefinition!T48<>"", VoxelMeshDefinition!T48, ""), "") | D33: =IF(VoxelMeshDefinition!AE48="✅", IF(VoxelMeshDefinition!U48<>"", VoxelMeshDefinition!U48, ""),"") | E33: =IF(VoxelMeshDefinition!AE48="✅", IF(VoxelMeshDefinition!V48<>"", VoxelMeshDefinition!V48, ""),"") | F33: =IF(VoxelMeshDefinition!AE48="✅", IF(VoxelMeshDefinition!W48<>"", VoxelMeshDefinition!W48, ""),"") | G33: =IF(VoxelMeshDefinition!AE48="✅", IF(VoxelMeshDefinition!X48<>"", VoxelMeshDefinition!X48, ""),"") | H33: =IF(VoxelMeshDefinition!AE48="✅", IF(VoxelMeshDefinition!Y48<>"", VoxelMeshDefinition!Y48, ""),"") | I33: =IF(VoxelMeshDefinition!AE48="✅", IF(VoxelMeshDefinition!Z48<>"", VoxelMeshDefinition!Z48, ""),"") | J33: =IF(VoxelMeshDefinition!AE48="✅", IF(VoxelMeshDefinition!AA48<>"", VoxelMeshDefinition!AA48, ""),"") | K33: =IF(VoxelMeshDefinition!AE48="✅", VLOOKUP(A33,VoxelMeshDefinition!S:AE,10,FALSE),"")
A34: =IF(VoxelMeshDefinition!AE64="✅", IF(#REF!<>"", #REF!, ""),"") | B34: =IF(VoxelMeshDefinition!AE64="✅", "/Script/Engine.StaticMesh'/Game/Item/Mesh/Voxel/" & VoxelMeshDefinition!Q64 & "/" & VoxelMeshDefinition!H64 & "/" & VoxelMeshDefinition!E64 & "." & VoxelMeshDefinition!E64 & "'", "") | C34: =IF(VoxelMeshDefinition!AE64="✅", IF(VoxelMeshDefinition!T64<>"", VoxelMeshDefinition!T64, ""), "") | D34: =IF(VoxelMeshDefinition!AE64="✅", IF(VoxelMeshDefinition!U64<>"", VoxelMeshDefinition!U64, ""),"") | E34: =IF(VoxelMeshDefinition!AE64="✅", IF(VoxelMeshDefinition!V64<>"", VoxelMeshDefinition!V64, ""),"") | F34: =IF(VoxelMeshDefinition!AE64="✅", IF(VoxelMeshDefinition!W64<>"", VoxelMeshDefinition!W64, ""),"") | G34: =IF(VoxelMeshDefinition!AE64="✅", IF(VoxelMeshDefinition!X64<>"", VoxelMeshDefinition!X64, ""),"") | H34: =IF(VoxelMeshDefinition!AE64="✅", IF(VoxelMeshDefinition!Y64<>"", VoxelMeshDefinition!Y64, ""),"") | I34: =IF(VoxelMeshDefinition!AE64="✅", IF(VoxelMeshDefinition!Z64<>"", VoxelMeshDefinition!Z64, ""),"") | J34: =IF(VoxelMeshDefinition!AE64="✅", IF(VoxelMeshDefinition!AA64<>"", VoxelMeshDefinition!AA64, ""),"") | K34: =IF(VoxelMeshDefinition!AE64="✅", VLOOKUP(A34,VoxelMeshDefinition!S:AE,10,FALSE),"")
A35: =IF(#REF!="✅", IF(#REF!<>"", #REF!, ""),"") | B35: =IF(#REF!="✅", "/Script/Engine.StaticMesh'/Game/Item/Mesh/Voxel/" & #REF! & "/" & #REF! & "/" & #REF! & "." & #REF! & "'", "") | C35: =IF(#REF!="✅", IF(#REF!<>"", #REF!, ""), "") | D35: =IF(#REF!="✅", IF(#REF!<>"", #REF!, ""),"") | E35: =IF(#REF!="✅", IF(#REF!<>"", #REF!, ""),"") | F35: =IF(#REF!="✅", IF(#REF!<>"", #REF!, ""),"") | G35: =IF(#REF!="✅", IF(#REF!<>"", #REF!, ""),"") | H35: =IF(#REF!="✅", IF(#REF!<>"", #REF!, ""),"") | I35: =IF(#REF!="✅", IF(#REF!<>"", #REF!, ""),"") | J35: =IF(#REF!="✅", IF(#REF!<>"", #REF!, ""),"") | K35: =IF(#REF!="✅", VLOOKUP(A35,VoxelMeshDefinition!S:AE,10,FALSE),"")
A36: =IF(VoxelMeshDefinition!AE49="✅", IF(#REF!<>"", #REF!, ""),"") | B36: =IF(VoxelMeshDefinition!AE49="✅", "/Script/Engine.StaticMesh'/Game/Item/Mesh/Voxel/" & VoxelMeshDefinition!Q49 & "/" & VoxelMeshDefinition!H49 & "/" & VoxelMeshDefinition!E49 & "." & VoxelMeshDefinition!E49 & "'", "") | C36: =IF(VoxelMeshDefinition!AE49="✅", IF(VoxelMeshDefinition!T49<>"", VoxelMeshDefinition!T49, ""), "") | D36: =IF(VoxelMeshDefinition!AE49="✅", IF(VoxelMeshDefinition!U49<>"", VoxelMeshDefinition!U49, ""),"") | E36: =IF(VoxelMeshDefinition!AE49="✅", IF(VoxelMeshDefinition!V49<>"", VoxelMeshDefinition!V49, ""),"") | F36: =IF(VoxelMeshDefinition!AE49="✅", IF(VoxelMeshDefinition!W49<>"", VoxelMeshDefinition!W49, ""),"") | G36: =IF(VoxelMeshDefinition!AE49="✅", IF(VoxelMeshDefinition!X49<>"", VoxelMeshDefinition!X49, ""),"") | H36: =IF(VoxelMeshDefinition!AE49="✅", IF(VoxelMeshDefinition!Y49<>"", VoxelMeshDefinition!Y49, ""),"") | I36: =IF(VoxelMeshDefinition!AE49="✅", IF(VoxelMeshDefinition!Z49<>"", VoxelMeshDefinition!Z49, ""),"") | J36: =IF(VoxelMeshDefinition!AE49="✅", IF(VoxelMeshDefinition!AA49<>"", VoxelMeshDefinition!AA49, ""),"") | K36: =IF(VoxelMeshDefinition!AE49="✅", VLOOKUP(A36,VoxelMeshDefinition!S:AE,10,FALSE),"")
A37: =IF(VoxelMeshDefinition!AE50="✅", IF(#REF!<>"", #REF!, ""),"") | B37: =IF(VoxelMeshDefinition!AE50="✅", "/Script/Engine.StaticMesh'/Game/Item/Mesh/Voxel/" & VoxelMeshDefinition!Q50 & "/" & VoxelMeshDefinition!H50 & "/" & VoxelMeshDefinition!E50 & "." & VoxelMeshDefinition!E50 & "'", "") | C37: =IF(VoxelMeshDefinition!AE50="✅", IF(VoxelMeshDefinition!T50<>"", VoxelMeshDefinition!T50, ""), "") | D37: =IF(VoxelMeshDefinition!AE50="✅", IF(VoxelMeshDefinition!U50<>"", VoxelMeshDefinition!U50, ""),"") | E37: =IF(VoxelMeshDefinition!AE50="✅", IF(VoxelMeshDefinition!V50<>"", VoxelMeshDefinition!V50, ""),"") | F37: =IF(VoxelMeshDefinition!AE50="✅", IF(VoxelMeshDefinition!W50<>"", VoxelMeshDefinition!W50, ""),"") | G37: =IF(VoxelMeshDefinition!AE50="✅", IF(VoxelMeshDefinition!X50<>"", VoxelMeshDefinition!X50, ""),"") | H37: =IF(VoxelMeshDefinition!AE50="✅", IF(VoxelMeshDefinition!Y50<>"", VoxelMeshDefinition!Y50, ""),"") | I37: =IF(VoxelMeshDefinition!AE50="✅", IF(VoxelMeshDefinition!Z50<>"", VoxelMeshDefinition!Z50, ""),"") | J37: =IF(VoxelMeshDefinition!AE50="✅", IF(VoxelMeshDefinition!AA50<>"", VoxelMeshDefinition!AA50, ""),"") | K37: =IF(VoxelMeshDefinition!AE50="✅", VLOOKUP(A37,VoxelMeshDefinition!S:AE,10,FALSE),"")
A38: =IF(#REF!="✅", IF(#REF!<>"", #REF!, ""),"") | B38: =IF(#REF!="✅", "/Script/Engine.StaticMesh'/Game/Item/Mesh/Voxel/" & #REF! & "/" & #REF! & "/" & #REF! & "." & #REF! & "'", "") | C38: =IF(#REF!="✅", IF(#REF!<>"", #REF!, ""), "") | D38: =IF(#REF!="✅", IF(#REF!<>"", #REF!, ""),"") | E38: =IF(#REF!="✅", IF(#REF!<>"", #REF!, ""),"") | F38: =IF(#REF!="✅", IF(#REF!<>"", #REF!, ""),"") | G38: =IF(#REF!="✅", IF(#REF!<>"", #REF!, ""),"") | H38: =IF(#REF!="✅", IF(#REF!<>"", #REF!, ""),"") | I38: =IF(#REF!="✅", IF(#REF!<>"", #REF!, ""),"") | J38: =IF(#REF!="✅", IF(#REF!<>"", #REF!, ""),"") | K38: =IF(#REF!="✅", VLOOKUP(A38,VoxelMeshDefinition!S:AE,10,FALSE),"")
A39: =IF(#REF!="✅", IF(#REF!<>"", #REF!, ""),"") | B39: =IF(#REF!="✅", "/Script/Engine.StaticMesh'/Game/Item/Mesh/Voxel/" & #REF! & "/" & #REF! & "/" & #REF! & "." & #REF! & "'", "") | C39: =IF(#REF!="✅", IF(#REF!<>"", #REF!, ""), "") | D39: =IF(#REF!="✅", IF(#REF!<>"", #REF!, ""),"") | E39: =IF(#REF!="✅", IF(#REF!<>"", #REF!, ""),"") | F39: =IF(#REF!="✅", IF(#REF!<>"", #REF!, ""),"") | G39: =IF(#REF!="✅", IF(#REF!<>"", #REF!, ""),"") | H39: =IF(#REF!="✅", IF(#REF!<>"", #REF!, ""),"") | I39: =IF(#REF!="✅", IF(#REF!<>"", #REF!, ""),"") | J39: =IF(#REF!="✅", IF(#REF!<>"", #REF!, ""),"") | K39: =IF(#REF!="✅", VLOOKUP(A39,VoxelMeshDefinition!S:AE,10,FALSE),"")
A40: =IF(VoxelMeshDefinition!AE52="✅", IF(#REF!<>"", #REF!, ""),"") | B40: =IF(VoxelMeshDefinition!AE52="✅", "/Script/Engine.StaticMesh'/Game/Item/Mesh/Voxel/" & VoxelMeshDefinition!Q52 & "/" & VoxelMeshDefinition!H52 & "/" & VoxelMeshDefinition!E52 & "." & VoxelMeshDefinition!E52 & "'", "") | C40: =IF(VoxelMeshDefinition!AE52="✅", IF(VoxelMeshDefinition!T52<>"", VoxelMeshDefinition!T52, ""), "") | D40: =IF(VoxelMeshDefinition!AE52="✅", IF(VoxelMeshDefinition!U52<>"", VoxelMeshDefinition!U52, ""),"") | E40: =IF(VoxelMeshDefinition!AE52="✅", IF(VoxelMeshDefinition!V52<>"", VoxelMeshDefinition!V52, ""),"") | F40: =IF(VoxelMeshDefinition!AE52="✅", IF(VoxelMeshDefinition!W52<>"", VoxelMeshDefinition!W52, ""),"") | G40: =IF(VoxelMeshDefinition!AE52="✅", IF(VoxelMeshDefinition!X52<>"", VoxelMeshDefinition!X52, ""),"") | H40: =IF(VoxelMeshDefinition!AE52="✅", IF(VoxelMeshDefinition!Y52<>"", VoxelMeshDefinition!Y52, ""),"") | I40: =IF(VoxelMeshDefinition!AE52="✅", IF(VoxelMeshDefinition!Z52<>"", VoxelMeshDefinition!Z52, ""),"") | J40: =IF(VoxelMeshDefinition!AE52="✅", IF(VoxelMeshDefinition!AA52<>"", VoxelMeshDefinition!AA52, ""),"") | K40: =IF(VoxelMeshDefinition!AE52="✅", VLOOKUP(A40,VoxelMeshDefinition!S:AE,10,FALSE),"")
A41: =IF(VoxelMeshDefinition!AE76="✅", IF(#REF!<>"", #REF!, ""),"") | B41: =IF(VoxelMeshDefinition!AE76="✅", "/Script/Engine.StaticMesh'/Game/Item/Mesh/Voxel/" & VoxelMeshDefinition!Q76 & "/" & VoxelMeshDefinition!H76 & "/" & VoxelMeshDefinition!E76 & "." & VoxelMeshDefinition!E76 & "'", "") | C41: =IF(VoxelMeshDefinition!AE76="✅", IF(VoxelMeshDefinition!T76<>"", VoxelMeshDefinition!T76, ""), "") | D41: =IF(VoxelMeshDefinition!AE76="✅", IF(VoxelMeshDefinition!U76<>"", VoxelMeshDefinition!U76, ""),"") | E41: =IF(VoxelMeshDefinition!AE76="✅", IF(VoxelMeshDefinition!V76<>"", VoxelMeshDefinition!V76, ""),"") | F41: =IF(VoxelMeshDefinition!AE76="✅", IF(VoxelMeshDefinition!W76<>"", VoxelMeshDefinition!W76, ""),"") | G41: =IF(VoxelMeshDefinition!AE76="✅", IF(VoxelMeshDefinition!X76<>"", VoxelMeshDefinition!X76, ""),"") | H41: =IF(VoxelMeshDefinition!AE76="✅", IF(VoxelMeshDefinition!Y76<>"", VoxelMeshDefinition!Y76, ""),"") | I41: =IF(VoxelMeshDefinition!AE76="✅", IF(VoxelMeshDefinition!Z76<>"", VoxelMeshDefinition!Z76, ""),"") | J41: =IF(VoxelMeshDefinition!AE76="✅", IF(VoxelMeshDefinition!AA76<>"", VoxelMeshDefinition!AA76, ""),"") | K41: =IF(VoxelMeshDefinition!AE76="✅", VLOOKUP(A41,VoxelMeshDefinition!S:AE,10,FALSE),"")
A42: =IF(#REF!="✅", IF(#REF!<>"", #REF!, ""),"") | B42: =IF(#REF!="✅", "/Script/Engine.StaticMesh'/Game/Item/Mesh/Voxel/" & #REF! & "/" & #REF! & "/" & #REF! & "." & #REF! & "'", "") | C42: =IF(#REF!="✅", IF(#REF!<>"", #REF!, ""), "") | D42: =IF(#REF!="✅", IF(#REF!<>"", #REF!, ""),"") | E42: =IF(#REF!="✅", IF(#REF!<>"", #REF!, ""),"") | F42: =IF(#REF!="✅", IF(#REF!<>"", #REF!, ""),"") | G42: =IF(#REF!="✅", IF(#REF!<>"", #REF!, ""),"") | H42: =IF(#REF!="✅", IF(#REF!<>"", #REF!, ""),"") | I42: =IF(#REF!="✅", IF(#REF!<>"", #REF!, ""),"") | J42: =IF(#REF!="✅", IF(#REF!<>"", #REF!, ""),"") | K42: =IF(#REF!="✅", VLOOKUP(A42,VoxelMeshDefinition!S:AE,10,FALSE),"")
A43: =IF(VoxelMeshDefinition!AE120="✅", IF(#REF!<>"", #REF!, ""),"") | B43: =IF(VoxelMeshDefinition!AE120="✅", "/Script/Engine.StaticMesh'/Game/Item/Mesh/Voxel/" & VoxelMeshDefinition!Q120 & "/" & VoxelMeshDefinition!H120 & "/" & VoxelMeshDefinition!E120 & "." & VoxelMeshDefinition!E120 & "'", "") | C43: =IF(VoxelMeshDefinition!AE120="✅", IF(VoxelMeshDefinition!T120<>"", VoxelMeshDefinition!T120, ""), "") | D43: =IF(VoxelMeshDefinition!AE120="✅", IF(VoxelMeshDefinition!U120<>"", VoxelMeshDefinition!U120, ""),"") | E43: =IF(VoxelMeshDefinition!AE120="✅", IF(VoxelMeshDefinition!V120<>"", VoxelMeshDefinition!V120, ""),"") | F43: =IF(VoxelMeshDefinition!AE120="✅", IF(VoxelMeshDefinition!W120<>"", VoxelMeshDefinition!W120, ""),"") | G43: =IF(VoxelMeshDefinition!AE120="✅", IF(VoxelMeshDefinition!X120<>"", VoxelMeshDefinition!X120, ""),"") | H43: =IF(VoxelMeshDefinition!AE120="✅", IF(VoxelMeshDefinition!Y120<>"", VoxelMeshDefinition!Y120, ""),"") | I43: =IF(VoxelMeshDefinition!AE120="✅", IF(VoxelMeshDefinition!Z120<>"", VoxelMeshDefinition!Z120, ""),"") | J43: =IF(VoxelMeshDefinition!AE120="✅", IF(VoxelMeshDefinition!AA120<>"", VoxelMeshDefinition!AA120, ""),"") | K43: =IF(VoxelMeshDefinition!AE120="✅", VLOOKUP(A43,VoxelMeshDefinition!S:AE,10,FALSE),"")
A44: =IF(VoxelMeshDefinition!AE127="✅", IF(#REF!<>"", #REF!, ""),"") | B44: =IF(VoxelMeshDefinition!AE127="✅", "/Script/Engine.StaticMesh'/Game/Item/Mesh/Voxel/" & VoxelMeshDefinition!Q127 & "/" & VoxelMeshDefinition!H127 & "/" & VoxelMeshDefinition!E127 & "." & VoxelMeshDefinition!E127 & "'", "") | C44: =IF(VoxelMeshDefinition!AE127="✅", IF(VoxelMeshDefinition!T127<>"", VoxelMeshDefinition!T127, ""), "") | D44: =IF(VoxelMeshDefinition!AE127="✅", IF(VoxelMeshDefinition!U127<>"", VoxelMeshDefinition!U127, ""),"") | E44: =IF(VoxelMeshDefinition!AE127="✅", IF(VoxelMeshDefinition!V127<>"", VoxelMeshDefinition!V127, ""),"") | F44: =IF(VoxelMeshDefinition!AE127="✅", IF(VoxelMeshDefinition!W127<>"", VoxelMeshDefinition!W127, ""),"") | G44: =IF(VoxelMeshDefinition!AE127="✅", IF(VoxelMeshDefinition!X127<>"", VoxelMeshDefinition!X127, ""),"") | H44: =IF(VoxelMeshDefinition!AE127="✅", IF(VoxelMeshDefinition!Y127<>"", VoxelMeshDefinition!Y127, ""),"") | I44: =IF(VoxelMeshDefinition!AE127="✅", IF(VoxelMeshDefinition!Z127<>"", VoxelMeshDefinition!Z127, ""),"") | J44: =IF(VoxelMeshDefinition!AE127="✅", IF(VoxelMeshDefinition!AA127<>"", VoxelMeshDefinition!AA127, ""),"") | K44: =IF(VoxelMeshDefinition!AE127="✅", VLOOKUP(A44,VoxelMeshDefinition!S:AE,10,FALSE),"")
A45: =IF(VoxelMeshDefinition!AE89="✅", IF(#REF!<>"", #REF!, ""),"") | B45: =IF(VoxelMeshDefinition!AE89="✅", "/Script/Engine.StaticMesh'/Game/Item/Mesh/Voxel/" & VoxelMeshDefinition!Q89 & "/" & VoxelMeshDefinition!H89 & "/" & VoxelMeshDefinition!E89 & "." & VoxelMeshDefinition!E89 & "'", "") | C45: =IF(VoxelMeshDefinition!AE89="✅", IF(VoxelMeshDefinition!T89<>"", VoxelMeshDefinition!T89, ""), "") | D45: =IF(VoxelMeshDefinition!AE89="✅", IF(VoxelMeshDefinition!U89<>"", VoxelMeshDefinition!U89, ""),"") | E45: =IF(VoxelMeshDefinition!AE89="✅", IF(VoxelMeshDefinition!V89<>"", VoxelMeshDefinition!V89, ""),"") | F45: =IF(VoxelMeshDefinition!AE89="✅", IF(VoxelMeshDefinition!W89<>"", VoxelMeshDefinition!W89, ""),"") | G45: =IF(VoxelMeshDefinition!AE89="✅", IF(VoxelMeshDefinition!X89<>"", VoxelMeshDefinition!X89, ""),"") | H45: =IF(VoxelMeshDefinition!AE89="✅", IF(VoxelMeshDefinition!Y89<>"", VoxelMeshDefinition!Y89, ""),"") | I45: =IF(VoxelMeshDefinition!AE89="✅", IF(VoxelMeshDefinition!Z89<>"", VoxelMeshDefinition!Z89, ""),"") | J45: =IF(VoxelMeshDefinition!AE89="✅", IF(VoxelMeshDefinition!AA89<>"", VoxelMeshDefinition!AA89, ""),"") | K45: =IF(VoxelMeshDefinition!AE89="✅", VLOOKUP(A45,VoxelMeshDefinition!S:AE,10,FALSE),"")
A46: =IF(VoxelMeshDefinition!AE75="✅", IF(#REF!<>"", #REF!, ""),"") | B46: =IF(VoxelMeshDefinition!AE75="✅", "/Script/Engine.StaticMesh'/Game/Item/Mesh/Voxel/" & VoxelMeshDefinition!Q75 & "/" & VoxelMeshDefinition!H75 & "/" & VoxelMeshDefinition!E75 & "." & VoxelMeshDefinition!E75 & "'", "") | C46: =IF(VoxelMeshDefinition!AE75="✅", IF(VoxelMeshDefinition!T75<>"", VoxelMeshDefinition!T75, ""), "") | D46: =IF(VoxelMeshDefinition!AE75="✅", IF(VoxelMeshDefinition!U75<>"", VoxelMeshDefinition!U75, ""),"") | E46: =IF(VoxelMeshDefinition!AE75="✅", IF(VoxelMeshDefinition!V75<>"", VoxelMeshDefinition!V75, ""),"") | F46: =IF(VoxelMeshDefinition!AE75="✅", IF(VoxelMeshDefinition!W75<>"", VoxelMeshDefinition!W75, ""),"") | G46: =IF(VoxelMeshDefinition!AE75="✅", IF(VoxelMeshDefinition!X75<>"", VoxelMeshDefinition!X75, ""),"") | H46: =IF(VoxelMeshDefinition!AE75="✅", IF(VoxelMeshDefinition!Y75<>"", VoxelMeshDefinition!Y75, ""),"") | I46: =IF(VoxelMeshDefinition!AE75="✅", IF(VoxelMeshDefinition!Z75<>"", VoxelMeshDefinition!Z75, ""),"") | J46: =IF(VoxelMeshDefinition!AE75="✅", IF(VoxelMeshDefinition!AA75<>"", VoxelMeshDefinition!AA75, ""),"") | K46: =IF(VoxelMeshDefinition!AE75="✅", VLOOKUP(A46,VoxelMeshDefinition!S:AE,10,FALSE),"")
A47: =IF(#REF!="✅", IF(#REF!<>"", #REF!, ""),"") | B47: =IF(#REF!="✅", "/Script/Engine.StaticMesh'/Game/Item/Mesh/Voxel/" & #REF! & "/" & #REF! & "/" & #REF! & "." & #REF! & "'", "") | C47: =IF(#REF!="✅", IF(#REF!<>"", #REF!, ""), "") | D47: =IF(#REF!="✅", IF(#REF!<>"", #REF!, ""),"") | E47: =IF(#REF!="✅", IF(#REF!<>"", #REF!, ""),"") | F47: =IF(#REF!="✅", IF(#REF!<>"", #REF!, ""),"") | G47: =IF(#REF!="✅", IF(#REF!<>"", #REF!, ""),"") | H47: =IF(#REF!="✅", IF(#REF!<>"", #REF!, ""),"") | I47: =IF(#REF!="✅", IF(#REF!<>"", #REF!, ""),"") | J47: =IF(#REF!="✅", IF(#REF!<>"", #REF!, ""),"") | K47: =IF(#REF!="✅", VLOOKUP(A47,VoxelMeshDefinition!S:AE,10,FALSE),"")
A48: =IF(#REF!="✅", IF(#REF!<>"", #REF!, ""),"") | B48: =IF(#REF!="✅", "/Script/Engine.StaticMesh'/Game/Item/Mesh/Voxel/" & #REF! & "/" & #REF! & "/" & #REF! & "." & #REF! & "'", "") | C48: =IF(#REF!="✅", IF(#REF!<>"", #REF!, ""), "") | D48: =IF(#REF!="✅", IF(#REF!<>"", #REF!, ""),"") | E48: =IF(#REF!="✅", IF(#REF!<>"", #REF!, ""),"") | F48: =IF(#REF!="✅", IF(#REF!<>"", #REF!, ""),"") | G48: =IF(#REF!="✅", IF(#REF!<>"", #REF!, ""),"") | H48: =IF(#REF!="✅", IF(#REF!<>"", #REF!, ""),"") | I48: =IF(#REF!="✅", IF(#REF!<>"", #REF!, ""),"") | J48: =IF(#REF!="✅", IF(#REF!<>"", #REF!, ""),"") | K48: =IF(#REF!="✅", VLOOKUP(A48,VoxelMeshDefinition!S:AE,10,FALSE),"")
A49: =IF(VoxelMeshDefinition!AE87="✅", IF(#REF!<>"", #REF!, ""),"") | B49: =IF(VoxelMeshDefinition!AE87="✅", "/Script/Engine.StaticMesh'/Game/Item/Mesh/Voxel/" & VoxelMeshDefinition!Q87 & "/" & VoxelMeshDefinition!H87 & "/" & VoxelMeshDefinition!E87 & "." & VoxelMeshDefinition!E87 & "'", "") | C49: =IF(VoxelMeshDefinition!AE87="✅", IF(VoxelMeshDefinition!T87<>"", VoxelMeshDefinition!T87, ""), "") | D49: =IF(VoxelMeshDefinition!AE87="✅", IF(VoxelMeshDefinition!U87<>"", VoxelMeshDefinition!U87, ""),"") | E49: =IF(VoxelMeshDefinition!AE87="✅", IF(VoxelMeshDefinition!V87<>"", VoxelMeshDefinition!V87, ""),"") | F49: =IF(VoxelMeshDefinition!AE87="✅", IF(VoxelMeshDefinition!W87<>"", VoxelMeshDefinition!W87, ""),"") | G49: =IF(VoxelMeshDefinition!AE87="✅", IF(VoxelMeshDefinition!X87<>"", VoxelMeshDefinition!X87, ""),"") | H49: =IF(VoxelMeshDefinition!AE87="✅", IF(VoxelMeshDefinition!Y87<>"", VoxelMeshDefinition!Y87, ""),"") | I49: =IF(VoxelMeshDefinition!AE87="✅", IF(VoxelMeshDefinition!Z87<>"", VoxelMeshDefinition!Z87, ""),"") | J49: =IF(VoxelMeshDefinition!AE87="✅", IF(VoxelMeshDefinition!AA87<>"", VoxelMeshDefinition!AA87, ""),"") | K49: =IF(VoxelMeshDefinition!AE87="✅", VLOOKUP(A49,VoxelMeshDefinition!S:AE,10,FALSE),"")
A50: =IF(VoxelMeshDefinition!AE249="✅", IF(#REF!<>"", #REF!, ""),"") | B50: =IF(VoxelMeshDefinition!AE249="✅", "/Script/Engine.StaticMesh'/Game/Item/Mesh/Voxel/" & VoxelMeshDefinition!Q249 & "/" & VoxelMeshDefinition!H249 & "/" & VoxelMeshDefinition!E249 & "." & VoxelMeshDefinition!E249 & "'", "") | C50: =IF(VoxelMeshDefinition!AE249="✅", IF(VoxelMeshDefinition!T249<>"", VoxelMeshDefinition!T249, ""), "") | D50: =IF(VoxelMeshDefinition!AE249="✅", IF(VoxelMeshDefinition!U249<>"", VoxelMeshDefinition!U249, ""),"") | E50: =IF(VoxelMeshDefinition!AE249="✅", IF(VoxelMeshDefinition!V249<>"", VoxelMeshDefinition!V249, ""),"") | F50: =IF(VoxelMeshDefinition!AE249="✅", IF(VoxelMeshDefinition!W249<>"", VoxelMeshDefinition!W249, ""),"") | G50: =IF(VoxelMeshDefinition!AE249="✅", IF(VoxelMeshDefinition!X249<>"", VoxelMeshDefinition!X249, ""),"") | H50: =IF(VoxelMeshDefinition!AE249="✅", IF(VoxelMeshDefinition!Y249<>"", VoxelMeshDefinition!Y249, ""),"") | I50: =IF(VoxelMeshDefinition!AE249="✅", IF(VoxelMeshDefinition!Z249<>"", VoxelMeshDefinition!Z249, ""),"") | J50: =IF(VoxelMeshDefinition!AE249="✅", IF(VoxelMeshDefinition!AA249<>"", VoxelMeshDefinition!AA249, ""),"") | K50: =IF(VoxelMeshDefinition!AE249="✅", VLOOKUP(A50,VoxelMeshDefinition!S:AE,10,FALSE),"")
A51: =IF(#REF!="✅", IF(#REF!<>"", #REF!, ""),"") | B51: =IF(#REF!="✅", "/Script/Engine.StaticMesh'/Game/Item/Mesh/Voxel/" & #REF! & "/" & #REF! & "/" & #REF! & "." & #REF! & "'", "") | C51: =IF(#REF!="✅", IF(#REF!<>"", #REF!, ""), "") | D51: =IF(#REF!="✅", IF(#REF!<>"", #REF!, ""),"") | E51: =IF(#REF!="✅", IF(#REF!<>"", #REF!, ""),"") | F51: =IF(#REF!="✅", IF(#REF!<>"", #REF!, ""),"") | G51: =IF(#REF!="✅", IF(#REF!<>"", #REF!, ""),"") | H51: =IF(#REF!="✅", IF(#REF!<>"", #REF!, ""),"") | I51: =IF(#REF!="✅", IF(#REF!<>"", #REF!, ""),"") | J51: =IF(#REF!="✅", IF(#REF!<>"", #REF!, ""),"") | K51: =IF(#REF!="✅", VLOOKUP(A51,VoxelMeshDefinition!S:AE,10,FALSE),"")
A52: =IF(#REF!="✅", IF(#REF!<>"", #REF!, ""),"") | B52: =IF(#REF!="✅", "/Script/Engine.StaticMesh'/Game/Item/Mesh/Voxel/" & #REF! & "/" & #REF! & "/" & #REF! & "." & #REF! & "'", "") | C52: =IF(#REF!="✅", IF(#REF!<>"", #REF!, ""), "") | D52: =IF(#REF!="✅", IF(#REF!<>"", #REF!, ""),"") | E52: =IF(#REF!="✅", IF(#REF!<>"", #REF!, ""),"") | F52: =IF(#REF!="✅", IF(#REF!<>"", #REF!, ""),"") | G52: =IF(#REF!="✅", IF(#REF!<>"", #REF!, ""),"") | H52: =IF(#REF!="✅", IF(#REF!<>"", #REF!, ""),"") | I52: =IF(#REF!="✅", IF(#REF!<>"", #REF!, ""),"") | J52: =IF(#REF!="✅", IF(#REF!<>"", #REF!, ""),"") | K52: =IF(#REF!="✅", VLOOKUP(A52,VoxelMeshDefinition!S:AE,10,FALSE),"")
A53: =IF(#REF!="✅", IF(#REF!<>"", #REF!, ""),"") | B53: =IF(#REF!="✅", "/Script/Engine.StaticMesh'/Game/Item/Mesh/Voxel/" & #REF! & "/" & #REF! & "/" & #REF! & "." & #REF! & "'", "") | C53: =IF(#REF!="✅", IF(#REF!<>"", #REF!, ""), "") | D53: =IF(#REF!="✅", IF(#REF!<>"", #REF!, ""),"") | E53: =IF(#REF!="✅", IF(#REF!<>"", #REF!, ""),"") | F53: =IF(#REF!="✅", IF(#REF!<>"", #REF!, ""),"") | G53: =IF(#REF!="✅", IF(#REF!<>"", #REF!, ""),"") | H53: =IF(#REF!="✅", IF(#REF!<>"", #REF!, ""),"") | I53: =IF(#REF!="✅", IF(#REF!<>"", #REF!, ""),"") | J53: =IF(#REF!="✅", IF(#REF!<>"", #REF!, ""),"") | K53: =IF(#REF!="✅", VLOOKUP(A53,VoxelMeshDefinition!S:AE,10,FALSE),"")
A54: =IF(VoxelMeshDefinition!AE74="✅", IF(#REF!<>"", #REF!, ""),"") | B54: =IF(VoxelMeshDefinition!AE74="✅", "/Script/Engine.StaticMesh'/Game/Item/Mesh/Voxel/" & VoxelMeshDefinition!Q74 & "/" & VoxelMeshDefinition!H74 & "/" & VoxelMeshDefinition!E74 & "." & VoxelMeshDefinition!E74 & "'", "") | C54: =IF(VoxelMeshDefinition!AE74="✅", IF(VoxelMeshDefinition!T74<>"", VoxelMeshDefinition!T74, ""), "") | D54: =IF(VoxelMeshDefinition!AE74="✅", IF(VoxelMeshDefinition!U74<>"", VoxelMeshDefinition!U74, ""),"") | E54: =IF(VoxelMeshDefinition!AE74="✅", IF(VoxelMeshDefinition!V74<>"", VoxelMeshDefinition!V74, ""),"") | F54: =IF(VoxelMeshDefinition!AE74="✅", IF(VoxelMeshDefinition!W74<>"", VoxelMeshDefinition!W74, ""),"") | G54: =IF(VoxelMeshDefinition!AE74="✅", IF(VoxelMeshDefinition!X74<>"", VoxelMeshDefinition!X74, ""),"") | H54: =IF(VoxelMeshDefinition!AE74="✅", IF(VoxelMeshDefinition!Y74<>"", VoxelMeshDefinition!Y74, ""),"") | I54: =IF(VoxelMeshDefinition!AE74="✅", IF(VoxelMeshDefinition!Z74<>"", VoxelMeshDefinition!Z74, ""),"") | J54: =IF(VoxelMeshDefinition!AE74="✅", IF(VoxelMeshDefinition!AA74<>"", VoxelMeshDefinition!AA74, ""),"") | K54: =IF(VoxelMeshDefinition!AE74="✅", VLOOKUP(A54,VoxelMeshDefinition!S:AE,10,FALSE),"")
A55: =IF(#REF!="✅", IF(#REF!<>"", #REF!, ""),"") | B55: =IF(#REF!="✅", "/Script/Engine.StaticMesh'/Game/Item/Mesh/Voxel/" & #REF! & "/" & #REF! & "/" & #REF! & "." & #REF! & "'", "") | C55: =IF(#REF!="✅", IF(#REF!<>"", #REF!, ""), "") | D55: =IF(#REF!="✅", IF(#REF!<>"", #REF!, ""),"") | E55: =IF(#REF!="✅", IF(#REF!<>"", #REF!, ""),"") | F55: =IF(#REF!="✅", IF(#REF!<>"", #REF!, ""),"") | G55: =IF(#REF!="✅", IF(#REF!<>"", #REF!, ""),"") | H55: =IF(#REF!="✅", IF(#REF!<>"", #REF!, ""),"") | I55: =IF(#REF!="✅", IF(#REF!<>"", #REF!, ""),"") | J55: =IF(#REF!="✅", IF(#REF!<>"", #REF!, ""),"") | K55: =IF(#REF!="✅", VLOOKUP(A55,VoxelMeshDefinition!S:AE,10,FALSE),"")
A56: =IF(VoxelMeshDefinition!AE253="✅", IF(#REF!<>"", #REF!, ""),"") | B56: =IF(VoxelMeshDefinition!AE253="✅", "/Script/Engine.StaticMesh'/Game/Item/Mesh/Voxel/" & VoxelMeshDefinition!Q253 & "/" & VoxelMeshDefinition!H253 & "/" & VoxelMeshDefinition!E253 & "." & VoxelMeshDefinition!E253 & "'", "") | C56: =IF(VoxelMeshDefinition!AE253="✅", IF(VoxelMeshDefinition!T253<>"", VoxelMeshDefinition!T253, ""), "") | D56: =IF(VoxelMeshDefinition!AE253="✅", IF(VoxelMeshDefinition!U253<>"", VoxelMeshDefinition!U253, ""),"") | E56: =IF(VoxelMeshDefinition!AE253="✅", IF(VoxelMeshDefinition!V253<>"", VoxelMeshDefinition!V253, ""),"") | F56: =IF(VoxelMeshDefinition!AE253="✅", IF(VoxelMeshDefinition!W253<>"", VoxelMeshDefinition!W253, ""),"") | G56: =IF(VoxelMeshDefinition!AE253="✅", IF(VoxelMeshDefinition!X253<>"", VoxelMeshDefinition!X253, ""),"") | H56: =IF(VoxelMeshDefinition!AE253="✅", IF(VoxelMeshDefinition!Y253<>"", VoxelMeshDefinition!Y253, ""),"") | I56: =IF(VoxelMeshDefinition!AE253="✅", IF(VoxelMeshDefinition!Z253<>"", VoxelMeshDefinition!Z253, ""),"") | J56: =IF(VoxelMeshDefinition!AE253="✅", IF(VoxelMeshDefinition!AA253<>"", VoxelMeshDefinition!AA253, ""),"") | K56: =IF(VoxelMeshDefinition!AE253="✅", VLOOKUP(A56,VoxelMeshDefinition!S:AE,10,FALSE),"")
A57: =IF(#REF!="✅", IF(#REF!<>"", #REF!, ""),"") | B57: =IF(#REF!="✅", "/Script/Engine.StaticMesh'/Game/Item/Mesh/Voxel/" & #REF! & "/" & #REF! & "/" & #REF! & "." & #REF! & "'", "") | C57: =IF(#REF!="✅", IF(#REF!<>"", #REF!, ""), "") | D57: =IF(#REF!="✅", IF(#REF!<>"", #REF!, ""),"") | E57: =IF(#REF!="✅", IF(#REF!<>"", #REF!, ""),"") | F57: =IF(#REF!="✅", IF(#REF!<>"", #REF!, ""),"") | G57: =IF(#REF!="✅", IF(#REF!<>"", #REF!, ""),"") | H57: =IF(#REF!="✅", IF(#REF!<>"", #REF!, ""),"") | I57: =IF(#REF!="✅", IF(#REF!<>"", #REF!, ""),"") | J57: =IF(#REF!="✅", IF(#REF!<>"", #REF!, ""),"") | K57: =IF(#REF!="✅", VLOOKUP(A57,VoxelMeshDefinition!S:AE,10,FALSE),"")
A58: =IF(VoxelMeshDefinition!AE294="✅", IF(#REF!<>"", #REF!, ""),"") | B58: =IF(VoxelMeshDefinition!AE294="✅", "/Script/Engine.StaticMesh'/Game/Item/Mesh/Voxel/" & VoxelMeshDefinition!Q294 & "/" & VoxelMeshDefinition!H294 & "/" & VoxelMeshDefinition!E294 & "." & VoxelMeshDefinition!E294 & "'", "") | C58: =IF(VoxelMeshDefinition!AE294="✅", IF(VoxelMeshDefinition!T294<>"", VoxelMeshDefinition!T294, ""), "") | D58: =IF(VoxelMeshDefinition!AE294="✅", IF(VoxelMeshDefinition!U294<>"", VoxelMeshDefinition!U294, ""),"") | E58: =IF(VoxelMeshDefinition!AE294="✅", IF(VoxelMeshDefinition!V294<>"", VoxelMeshDefinition!V294, ""),"") | F58: =IF(VoxelMeshDefinition!AE294="✅", IF(VoxelMeshDefinition!W294<>"", VoxelMeshDefinition!W294, ""),"") | G58: =IF(VoxelMeshDefinition!AE294="✅", IF(VoxelMeshDefinition!X294<>"", VoxelMeshDefinition!X294, ""),"") | H58: =IF(VoxelMeshDefinition!AE294="✅", IF(VoxelMeshDefinition!Y294<>"", VoxelMeshDefinition!Y294, ""),"") | I58: =IF(VoxelMeshDefinition!AE294="✅", IF(VoxelMeshDefinition!Z294<>"", VoxelMeshDefinition!Z294, ""),"") | J58: =IF(VoxelMeshDefinition!AE294="✅", IF(VoxelMeshDefinition!AA294<>"", VoxelMeshDefinition!AA294, ""),"") | K58: =IF(VoxelMeshDefinition!AE294="✅", VLOOKUP(A58,VoxelMeshDefinition!S:AE,10,FALSE),"")
A59: =IF(VoxelMeshDefinition!AE295="✅", IF(#REF!<>"", #REF!, ""),"") | B59: =IF(VoxelMeshDefinition!AE295="✅", "/Script/Engine.StaticMesh'/Game/Item/Mesh/Voxel/" & VoxelMeshDefinition!Q295 & "/" & VoxelMeshDefinition!H295 & "/" & VoxelMeshDefinition!E295 & "." & VoxelMeshDefinition!E295 & "'", "") | C59: =IF(VoxelMeshDefinition!AE295="✅", IF(VoxelMeshDefinition!T295<>"", VoxelMeshDefinition!T295, ""), "") | D59: =IF(VoxelMeshDefinition!AE295="✅", IF(VoxelMeshDefinition!U295<>"", VoxelMeshDefinition!U295, ""),"") | E59: =IF(VoxelMeshDefinition!AE295="✅", IF(VoxelMeshDefinition!V295<>"", VoxelMeshDefinition!V295, ""),"") | F59: =IF(VoxelMeshDefinition!AE295="✅", IF(VoxelMeshDefinition!W295<>"", VoxelMeshDefinition!W295, ""),"") | G59: =IF(VoxelMeshDefinition!AE295="✅", IF(VoxelMeshDefinition!X295<>"", VoxelMeshDefinition!X295, ""),"") | H59: =IF(VoxelMeshDefinition!AE295="✅", IF(VoxelMeshDefinition!Y295<>"", VoxelMeshDefinition!Y295, ""),"") | I59: =IF(VoxelMeshDefinition!AE295="✅", IF(VoxelMeshDefinition!Z295<>"", VoxelMeshDefinition!Z295, ""),"") | J59: =IF(VoxelMeshDefinition!AE295="✅", IF(VoxelMeshDefinition!AA295<>"", VoxelMeshDefinition!AA295, ""),"") | K59: =IF(VoxelMeshDefinition!AE295="✅", VLOOKUP(A59,VoxelMeshDefinition!S:AE,10,FALSE),"")
A60: =IF(VoxelMeshDefinition!AE296="✅", IF(#REF!<>"", #REF!, ""),"") | B60: =IF(VoxelMeshDefinition!AE296="✅", "/Script/Engine.StaticMesh'/Game/Item/Mesh/Voxel/" & VoxelMeshDefinition!Q296 & "/" & VoxelMeshDefinition!H296 & "/" & VoxelMeshDefinition!E296 & "." & VoxelMeshDefinition!E296 & "'", "") | C60: =IF(VoxelMeshDefinition!AE296="✅", IF(VoxelMeshDefinition!T296<>"", VoxelMeshDefinition!T296, ""), "") | D60: =IF(VoxelMeshDefinition!AE296="✅", IF(VoxelMeshDefinition!U296<>"", VoxelMeshDefinition!U296, ""),"") | E60: =IF(VoxelMeshDefinition!AE296="✅", IF(VoxelMeshDefinition!V296<>"", VoxelMeshDefinition!V296, ""),"") | F60: =IF(VoxelMeshDefinition!AE296="✅", IF(VoxelMeshDefinition!W296<>"", VoxelMeshDefinition!W296, ""),"") | G60: =IF(VoxelMeshDefinition!AE296="✅", IF(VoxelMeshDefinition!X296<>"", VoxelMeshDefinition!X296, ""),"") | H60: =IF(VoxelMeshDefinition!AE296="✅", IF(VoxelMeshDefinition!Y296<>"", VoxelMeshDefinition!Y296, ""),"") | I60: =IF(VoxelMeshDefinition!AE296="✅", IF(VoxelMeshDefinition!Z296<>"", VoxelMeshDefinition!Z296, ""),"") | J60: =IF(VoxelMeshDefinition!AE296="✅", IF(VoxelMeshDefinition!AA296<>"", VoxelMeshDefinition!AA296, ""),"") | K60: =IF(VoxelMeshDefinition!AE296="✅", VLOOKUP(A60,VoxelMeshDefinition!S:AE,10,FALSE),"")
A61: =IF(VoxelMeshDefinition!AE297="✅", IF(#REF!<>"", #REF!, ""),"") | B61: =IF(VoxelMeshDefinition!AE297="✅", "/Script/Engine.StaticMesh'/Game/Item/Mesh/Voxel/" & VoxelMeshDefinition!Q297 & "/" & VoxelMeshDefinition!H297 & "/" & VoxelMeshDefinition!E297 & "." & VoxelMeshDefinition!E297 & "'", "") | C61: =IF(VoxelMeshDefinition!AE297="✅", IF(VoxelMeshDefinition!T297<>"", VoxelMeshDefinition!T297, ""), "") | D61: =IF(VoxelMeshDefinition!AE297="✅", IF(VoxelMeshDefinition!U297<>"", VoxelMeshDefinition!U297, ""),"") | E61: =IF(VoxelMeshDefinition!AE297="✅", IF(VoxelMeshDefinition!V297<>"", VoxelMeshDefinition!V297, ""),"") | F61: =IF(VoxelMeshDefinition!AE297="✅", IF(VoxelMeshDefinition!W297<>"", VoxelMeshDefinition!W297, ""),"") | G61: =IF(VoxelMeshDefinition!AE297="✅", IF(VoxelMeshDefinition!X297<>"", VoxelMeshDefinition!X297, ""),"") | H61: =IF(VoxelMeshDefinition!AE297="✅", IF(VoxelMeshDefinition!Y297<>"", VoxelMeshDefinition!Y297, ""),"") | I61: =IF(VoxelMeshDefinition!AE297="✅", IF(VoxelMeshDefinition!Z297<>"", VoxelMeshDefinition!Z297, ""),"") | J61: =IF(VoxelMeshDefinition!AE297="✅", IF(VoxelMeshDefinition!AA297<>"", VoxelMeshDefinition!AA297, ""),"") | K61: =IF(VoxelMeshDefinition!AE297="✅", VLOOKUP(A61,VoxelMeshDefinition!S:AE,10,FALSE),"")
A62: =IF(VoxelMeshDefinition!AE298="✅", IF(#REF!<>"", #REF!, ""),"") | B62: =IF(VoxelMeshDefinition!AE298="✅", "/Script/Engine.StaticMesh'/Game/Item/Mesh/Voxel/" & VoxelMeshDefinition!Q298 & "/" & VoxelMeshDefinition!H298 & "/" & VoxelMeshDefinition!E298 & "." & VoxelMeshDefinition!E298 & "'", "") | C62: =IF(VoxelMeshDefinition!AE298="✅", IF(VoxelMeshDefinition!T298<>"", VoxelMeshDefinition!T298, ""), "") | D62: =IF(VoxelMeshDefinition!AE298="✅", IF(VoxelMeshDefinition!U298<>"", VoxelMeshDefinition!U298, ""),"") | E62: =IF(VoxelMeshDefinition!AE298="✅", IF(VoxelMeshDefinition!V298<>"", VoxelMeshDefinition!V298, ""),"") | F62: =IF(VoxelMeshDefinition!AE298="✅", IF(VoxelMeshDefinition!W298<>"", VoxelMeshDefinition!W298, ""),"") | G62: =IF(VoxelMeshDefinition!AE298="✅", IF(VoxelMeshDefinition!X298<>"", VoxelMeshDefinition!X298, ""),"") | H62: =IF(VoxelMeshDefinition!AE298="✅", IF(VoxelMeshDefinition!Y298<>"", VoxelMeshDefinition!Y298, ""),"") | I62: =IF(VoxelMeshDefinition!AE298="✅", IF(VoxelMeshDefinition!Z298<>"", VoxelMeshDefinition!Z298, ""),"") | J62: =IF(VoxelMeshDefinition!AE298="✅", IF(VoxelMeshDefinition!AA298<>"", VoxelMeshDefinition!AA298, ""),"") | K62: =IF(VoxelMeshDefinition!AE298="✅", VLOOKUP(A62,VoxelMeshDefinition!S:AE,10,FALSE),"")
A63: =IF(VoxelMeshDefinition!AE299="✅", IF(#REF!<>"", #REF!, ""),"") | B63: =IF(VoxelMeshDefinition!AE299="✅", "/Script/Engine.StaticMesh'/Game/Item/Mesh/Voxel/" & VoxelMeshDefinition!Q299 & "/" & VoxelMeshDefinition!H299 & "/" & VoxelMeshDefinition!E299 & "." & VoxelMeshDefinition!E299 & "'", "") | C63: =IF(VoxelMeshDefinition!AE299="✅", IF(VoxelMeshDefinition!T299<>"", VoxelMeshDefinition!T299, ""), "") | D63: =IF(VoxelMeshDefinition!AE299="✅", IF(VoxelMeshDefinition!U299<>"", VoxelMeshDefinition!U299, ""),"") | E63: =IF(VoxelMeshDefinition!AE299="✅", IF(VoxelMeshDefinition!V299<>"", VoxelMeshDefinition!V299, ""),"") | F63: =IF(VoxelMeshDefinition!AE299="✅", IF(VoxelMeshDefinition!W299<>"", VoxelMeshDefinition!W299, ""),"") | G63: =IF(VoxelMeshDefinition!AE299="✅", IF(VoxelMeshDefinition!X299<>"", VoxelMeshDefinition!X299, ""),"") | H63: =IF(VoxelMeshDefinition!AE299="✅", IF(VoxelMeshDefinition!Y299<>"", VoxelMeshDefinition!Y299, ""),"") | I63: =IF(VoxelMeshDefinition!AE299="✅", IF(VoxelMeshDefinition!Z299<>"", VoxelMeshDefinition!Z299, ""),"") | J63: =IF(VoxelMeshDefinition!AE299="✅", IF(VoxelMeshDefinition!AA299<>"", VoxelMeshDefinition!AA299, ""),"") | K63: =IF(VoxelMeshDefinition!AE299="✅", VLOOKUP(A63,VoxelMeshDefinition!S:AE,10,FALSE),"")
A64: =IF(#REF!="✅", IF(#REF!<>"", #REF!, ""),"") | B64: =IF(#REF!="✅", "/Script/Engine.StaticMesh'/Game/Item/Mesh/Voxel/" & #REF! & "/" & #REF! & "/" & #REF! & "." & #REF! & "'", "") | C64: =IF(#REF!="✅", IF(#REF!<>"", #REF!, ""), "") | D64: =IF(#REF!="✅", IF(#REF!<>"", #REF!, ""),"") | E64: =IF(#REF!="✅", IF(#REF!<>"", #REF!, ""),"") | F64: =IF(#REF!="✅", IF(#REF!<>"", #REF!, ""),"") | G64: =IF(#REF!="✅", IF(#REF!<>"", #REF!, ""),"") | H64: =IF(#REF!="✅", IF(#REF!<>"", #REF!, ""),"") | I64: =IF(#REF!="✅", IF(#REF!<>"", #REF!, ""),"") | J64: =IF(#REF!="✅", IF(#REF!<>"", #REF!, ""),"") | K64: =IF(#REF!="✅", VLOOKUP(A64,VoxelMeshDefinition!S:AE,10,FALSE),"")
A65: =IF(#REF!="✅", IF(#REF!<>"", #REF!, ""),"") | B65: =IF(#REF!="✅", "/Script/Engine.StaticMesh'/Game/Item/Mesh/Voxel/" & #REF! & "/" & #REF! & "/" & #REF! & "." & #REF! & "'", "") | C65: =IF(#REF!="✅", IF(#REF!<>"", #REF!, ""), "") | D65: =IF(#REF!="✅", IF(#REF!<>"", #REF!, ""),"") | E65: =IF(#REF!="✅", IF(#REF!<>"", #REF!, ""),"") | F65: =IF(#REF!="✅", IF(#REF!<>"", #REF!, ""),"") | G65: =IF(#REF!="✅", IF(#REF!<>"", #REF!, ""),"") | H65: =IF(#REF!="✅", IF(#REF!<>"", #REF!, ""),"") | I65: =IF(#REF!="✅", IF(#REF!<>"", #REF!, ""),"") | J65: =IF(#REF!="✅", IF(#REF!<>"", #REF!, ""),"") | K65: =IF(#REF!="✅", VLOOKUP(A65,VoxelMeshDefinition!S:AE,10,FALSE),"")
A66: =IF(VoxelMeshDefinition!AE300="✅", IF(#REF!<>"", #REF!, ""),"") | B66: =IF(VoxelMeshDefinition!AE300="✅", "/Script/Engine.StaticMesh'/Game/Item/Mesh/Voxel/" & VoxelMeshDefinition!Q300 & "/" & VoxelMeshDefinition!H300 & "/" & VoxelMeshDefinition!E300 & "." & VoxelMeshDefinition!E300 & "'", "") | C66: =IF(VoxelMeshDefinition!AE300="✅", IF(VoxelMeshDefinition!T300<>"", VoxelMeshDefinition!T300, ""), "") | D66: =IF(VoxelMeshDefinition!AE300="✅", IF(VoxelMeshDefinition!U300<>"", VoxelMeshDefinition!U300, ""),"") | E66: =IF(VoxelMeshDefinition!AE300="✅", IF(VoxelMeshDefinition!V300<>"", VoxelMeshDefinition!V300, ""),"") | F66: =IF(VoxelMeshDefinition!AE300="✅", IF(VoxelMeshDefinition!W300<>"", VoxelMeshDefinition!W300, ""),"") | G66: =IF(VoxelMeshDefinition!AE300="✅", IF(VoxelMeshDefinition!X300<>"", VoxelMeshDefinition!X300, ""),"") | H66: =IF(VoxelMeshDefinition!AE300="✅", IF(VoxelMeshDefinition!Y300<>"", VoxelMeshDefinition!Y300, ""),"") | I66: =IF(VoxelMeshDefinition!AE300="✅", IF(VoxelMeshDefinition!Z300<>"", VoxelMeshDefinition!Z300, ""),"") | J66: =IF(VoxelMeshDefinition!AE300="✅", IF(VoxelMeshDefinition!AA300<>"", VoxelMeshDefinition!AA300, ""),"") | K66: =IF(VoxelMeshDefinition!AE300="✅", VLOOKUP(A66,VoxelMeshDefinition!S:AE,10,FALSE),"")
A67: =IF(#REF!="✅", IF(#REF!<>"", #REF!, ""),"") | B67: =IF(#REF!="✅", "/Script/Engine.StaticMesh'/Game/Item/Mesh/Voxel/" & #REF! & "/" & #REF! & "/" & #REF! & "." & #REF! & "'", "") | C67: =IF(#REF!="✅", IF(#REF!<>"", #REF!, ""), "") | D67: =IF(#REF!="✅", IF(#REF!<>"", #REF!, ""),"") | E67: =IF(#REF!="✅", IF(#REF!<>"", #REF!, ""),"") | F67: =IF(#REF!="✅", IF(#REF!<>"", #REF!, ""),"") | G67: =IF(#REF!="✅", IF(#REF!<>"", #REF!, ""),"") | H67: =IF(#REF!="✅", IF(#REF!<>"", #REF!, ""),"") | I67: =IF(#REF!="✅", IF(#REF!<>"", #REF!, ""),"") | J67: =IF(#REF!="✅", IF(#REF!<>"", #REF!, ""),"") | K67: =IF(#REF!="✅", VLOOKUP(A67,VoxelMeshDefinition!S:AE,10,FALSE),"")
A68: =IF(#REF!="✅", IF(#REF!<>"", #REF!, ""),"") | B68: =IF(#REF!="✅", "/Script/Engine.StaticMesh'/Game/Item/Mesh/Voxel/" & #REF! & "/" & #REF! & "/" & #REF! & "." & #REF! & "'", "") | C68: =IF(#REF!="✅", IF(#REF!<>"", #REF!, ""), "") | D68: =IF(#REF!="✅", IF(#REF!<>"", #REF!, ""),"") | E68: =IF(#REF!="✅", IF(#REF!<>"", #REF!, ""),"") | F68: =IF(#REF!="✅", IF(#REF!<>"", #REF!, ""),"") | G68: =IF(#REF!="✅", IF(#REF!<>"", #REF!, ""),"") | H68: =IF(#REF!="✅", IF(#REF!<>"", #REF!, ""),"") | I68: =IF(#REF!="✅", IF(#REF!<>"", #REF!, ""),"") | J68: =IF(#REF!="✅", IF(#REF!<>"", #REF!, ""),"") | K68: =IF(#REF!="✅", VLOOKUP(A68,VoxelMeshDefinition!S:AE,10,FALSE),"")
A69: =IF(#REF!="✅", IF(#REF!<>"", #REF!, ""),"") | B69: =IF(#REF!="✅", "/Script/Engine.StaticMesh'/Game/Item/Mesh/Voxel/" & #REF! & "/" & #REF! & "/" & #REF! & "." & #REF! & "'", "") | C69: =IF(#REF!="✅", IF(#REF!<>"", #REF!, ""), "") | D69: =IF(#REF!="✅", IF(#REF!<>"", #REF!, ""),"") | E69: =IF(#REF!="✅", IF(#REF!<>"", #REF!, ""),"") | F69: =IF(#REF!="✅", IF(#REF!<>"", #REF!, ""),"") | G69: =IF(#REF!="✅", IF(#REF!<>"", #REF!, ""),"") | H69: =IF(#REF!="✅", IF(#REF!<>"", #REF!, ""),"") | I69: =IF(#REF!="✅", IF(#REF!<>"", #REF!, ""),"") | J69: =IF(#REF!="✅", IF(#REF!<>"", #REF!, ""),"") | K69: =IF(#REF!="✅", VLOOKUP(A69,VoxelMeshDefinition!S:AE,10,FALSE),"")
A70: =IF(#REF!="✅", IF(#REF!<>"", #REF!, ""),"") | B70: =IF(#REF!="✅", "/Script/Engine.StaticMesh'/Game/Item/Mesh/Voxel/" & #REF! & "/" & #REF! & "/" & #REF! & "." & #REF! & "'", "") | C70: =IF(#REF!="✅", IF(#REF!<>"", #REF!, ""), "") | D70: =IF(#REF!="✅", IF(#REF!<>"", #REF!, ""),"") | E70: =IF(#REF!="✅", IF(#REF!<>"", #REF!, ""),"") | F70: =IF(#REF!="✅", IF(#REF!<>"", #REF!, ""),"") | G70: =IF(#REF!="✅", IF(#REF!<>"", #REF!, ""),"") | H70: =IF(#REF!="✅", IF(#REF!<>"", #REF!, ""),"") | I70: =IF(#REF!="✅", IF(#REF!<>"", #REF!, ""),"") | J70: =IF(#REF!="✅", IF(#REF!<>"", #REF!, ""),"") | K70: =IF(#REF!="✅", VLOOKUP(A70,VoxelMeshDefinition!S:AE,10,FALSE),"")
A71: =IF(#REF!="✅", IF(#REF!<>"", #REF!, ""),"") | B71: =IF(#REF!="✅", "/Script/Engine.StaticMesh'/Game/Item/Mesh/Voxel/" & #REF! & "/" & #REF! & "/" & #REF! & "." & #REF! & "'", "") | C71: =IF(#REF!="✅", IF(#REF!<>"", #REF!, ""), "") | D71: =IF(#REF!="✅", IF(#REF!<>"", #REF!, ""),"") | E71: =IF(#REF!="✅", IF(#REF!<>"", #REF!, ""),"") | F71: =IF(#REF!="✅", IF(#REF!<>"", #REF!, ""),"") | G71: =IF(#REF!="✅", IF(#REF!<>"", #REF!, ""),"") | H71: =IF(#REF!="✅", IF(#REF!<>"", #REF!, ""),"") | I71: =IF(#REF!="✅", IF(#REF!<>"", #REF!, ""),"") | J71: =IF(#REF!="✅", IF(#REF!<>"", #REF!, ""),"") | K71: =IF(#REF!="✅", VLOOKUP(A71,VoxelMeshDefinition!S:AE,10,FALSE),"")
A72: =IF(#REF!="✅", IF(#REF!<>"", #REF!, ""),"") | B72: =IF(#REF!="✅", "/Script/Engine.StaticMesh'/Game/Item/Mesh/Voxel/" & #REF! & "/" & #REF! & "/" & #REF! & "." & #REF! & "'", "") | C72: =IF(#REF!="✅", IF(#REF!<>"", #REF!, ""), "") | D72: =IF(#REF!="✅", IF(#REF!<>"", #REF!, ""),"") | E72: =IF(#REF!="✅", IF(#REF!<>"", #REF!, ""),"") | F72: =IF(#REF!="✅", IF(#REF!<>"", #REF!, ""),"") | G72: =IF(#REF!="✅", IF(#REF!<>"", #REF!, ""),"") | H72: =IF(#REF!="✅", IF(#REF!<>"", #REF!, ""),"") | I72: =IF(#REF!="✅", IF(#REF!<>"", #REF!, ""),"") | J72: =IF(#REF!="✅", IF(#REF!<>"", #REF!, ""),"") | K72: =IF(#REF!="✅", VLOOKUP(A72,VoxelMeshDefinition!S:AE,10,FALSE),"")
A73: =IF(VoxelMeshDefinition!AE258="✅", IF(#REF!<>"", #REF!, ""),"") | B73: =IF(VoxelMeshDefinition!AE258="✅", "/Script/Engine.StaticMesh'/Game/Item/Mesh/Voxel/" & VoxelMeshDefinition!Q258 & "/" & VoxelMeshDefinition!H258 & "/" & VoxelMeshDefinition!E258 & "." & VoxelMeshDefinition!E258 & "'", "") | C73: =IF(VoxelMeshDefinition!AE258="✅", IF(VoxelMeshDefinition!T258<>"", VoxelMeshDefinition!T258, ""), "") | D73: =IF(VoxelMeshDefinition!AE258="✅", IF(VoxelMeshDefinition!U258<>"", VoxelMeshDefinition!U258, ""),"") | E73: =IF(VoxelMeshDefinition!AE258="✅", IF(VoxelMeshDefinition!V258<>"", VoxelMeshDefinition!V258, ""),"") | F73: =IF(VoxelMeshDefinition!AE258="✅", IF(VoxelMeshDefinition!W258<>"", VoxelMeshDefinition!W258, ""),"") | G73: =IF(VoxelMeshDefinition!AE258="✅", IF(VoxelMeshDefinition!X258<>"", VoxelMeshDefinition!X258, ""),"") | H73: =IF(VoxelMeshDefinition!AE258="✅", IF(VoxelMeshDefinition!Y258<>"", VoxelMeshDefinition!Y258, ""),"") | I73: =IF(VoxelMeshDefinition!AE258="✅", IF(VoxelMeshDefinition!Z258<>"", VoxelMeshDefinition!Z258, ""),"") | J73: =IF(VoxelMeshDefinition!AE258="✅", IF(VoxelMeshDefinition!AA258<>"", VoxelMeshDefinition!AA258, ""),"") | K73: =IF(VoxelMeshDefinition!AE258="✅", VLOOKUP(A73,VoxelMeshDefinition!S:AE,10,FALSE),"")
A74: =IF(VoxelMeshDefinition!AE259="✅", IF(#REF!<>"", #REF!, ""),"") | B74: =IF(VoxelMeshDefinition!AE259="✅", "/Script/Engine.StaticMesh'/Game/Item/Mesh/Voxel/" & VoxelMeshDefinition!Q259 & "/" & VoxelMeshDefinition!H259 & "/" & VoxelMeshDefinition!E259 & "." & VoxelMeshDefinition!E259 & "'", "") | C74: =IF(VoxelMeshDefinition!AE259="✅", IF(VoxelMeshDefinition!T259<>"", VoxelMeshDefinition!T259, ""), "") | D74: =IF(VoxelMeshDefinition!AE259="✅", IF(VoxelMeshDefinition!U259<>"", VoxelMeshDefinition!U259, ""),"") | E74: =IF(VoxelMeshDefinition!AE259="✅", IF(VoxelMeshDefinition!V259<>"", VoxelMeshDefinition!V259, ""),"") | F74: =IF(VoxelMeshDefinition!AE259="✅", IF(VoxelMeshDefinition!W259<>"", VoxelMeshDefinition!W259, ""),"") | G74: =IF(VoxelMeshDefinition!AE259="✅", IF(VoxelMeshDefinition!X259<>"", VoxelMeshDefinition!X259, ""),"") | H74: =IF(VoxelMeshDefinition!AE259="✅", IF(VoxelMeshDefinition!Y259<>"", VoxelMeshDefinition!Y259, ""),"") | I74: =IF(VoxelMeshDefinition!AE259="✅", IF(VoxelMeshDefinition!Z259<>"", VoxelMeshDefinition!Z259, ""),"") | J74: =IF(VoxelMeshDefinition!AE259="✅", IF(VoxelMeshDefinition!AA259<>"", VoxelMeshDefinition!AA259, ""),"") | K74: =IF(VoxelMeshDefinition!AE259="✅", VLOOKUP(A74,VoxelMeshDefinition!S:AE,10,FALSE),"")
A75: =IF(VoxelMeshDefinition!AE260="✅", IF(#REF!<>"", #REF!, ""),"") | B75: =IF(VoxelMeshDefinition!AE260="✅", "/Script/Engine.StaticMesh'/Game/Item/Mesh/Voxel/" & VoxelMeshDefinition!Q260 & "/" & VoxelMeshDefinition!H260 & "/" & VoxelMeshDefinition!E260 & "." & VoxelMeshDefinition!E260 & "'", "") | C75: =IF(VoxelMeshDefinition!AE260="✅", IF(VoxelMeshDefinition!T260<>"", VoxelMeshDefinition!T260, ""), "") | D75: =IF(VoxelMeshDefinition!AE260="✅", IF(VoxelMeshDefinition!U260<>"", VoxelMeshDefinition!U260, ""),"") | E75: =IF(VoxelMeshDefinition!AE260="✅", IF(VoxelMeshDefinition!V260<>"", VoxelMeshDefinition!V260, ""),"") | F75: =IF(VoxelMeshDefinition!AE260="✅", IF(VoxelMeshDefinition!W260<>"", VoxelMeshDefinition!W260, ""),"") | G75: =IF(VoxelMeshDefinition!AE260="✅", IF(VoxelMeshDefinition!X260<>"", VoxelMeshDefinition!X260, ""),"") | H75: =IF(VoxelMeshDefinition!AE260="✅", IF(VoxelMeshDefinition!Y260<>"", VoxelMeshDefinition!Y260, ""),"") | I75: =IF(VoxelMeshDefinition!AE260="✅", IF(VoxelMeshDefinition!Z260<>"", VoxelMeshDefinition!Z260, ""),"") | J75: =IF(VoxelMeshDefinition!AE260="✅", IF(VoxelMeshDefinition!AA260<>"", VoxelMeshDefinition!AA260, ""),"") | K75: =IF(VoxelMeshDefinition!AE260="✅", VLOOKUP(A75,VoxelMeshDefinition!S:AE,10,FALSE),"")
A76: =IF(VoxelMeshDefinition!AE261="✅", IF(#REF!<>"", #REF!, ""),"") | B76: =IF(VoxelMeshDefinition!AE261="✅", "/Script/Engine.StaticMesh'/Game/Item/Mesh/Voxel/" & VoxelMeshDefinition!Q261 & "/" & VoxelMeshDefinition!H261 & "/" & VoxelMeshDefinition!E261 & "." & VoxelMeshDefinition!E261 & "'", "") | C76: =IF(VoxelMeshDefinition!AE261="✅", IF(VoxelMeshDefinition!T261<>"", VoxelMeshDefinition!T261, ""), "") | D76: =IF(VoxelMeshDefinition!AE261="✅", IF(VoxelMeshDefinition!U261<>"", VoxelMeshDefinition!U261, ""),"") | E76: =IF(VoxelMeshDefinition!AE261="✅", IF(VoxelMeshDefinition!V261<>"", VoxelMeshDefinition!V261, ""),"") | F76: =IF(VoxelMeshDefinition!AE261="✅", IF(VoxelMeshDefinition!W261<>"", VoxelMeshDefinition!W261, ""),"") | G76: =IF(VoxelMeshDefinition!AE261="✅", IF(VoxelMeshDefinition!X261<>"", VoxelMeshDefinition!X261, ""),"") | H76: =IF(VoxelMeshDefinition!AE261="✅", IF(VoxelMeshDefinition!Y261<>"", VoxelMeshDefinition!Y261, ""),"") | I76: =IF(VoxelMeshDefinition!AE261="✅", IF(VoxelMeshDefinition!Z261<>"", VoxelMeshDefinition!Z261, ""),"") | J76: =IF(VoxelMeshDefinition!AE261="✅", IF(VoxelMeshDefinition!AA261<>"", VoxelMeshDefinition!AA261, ""),"") | K76: =IF(VoxelMeshDefinition!AE261="✅", VLOOKUP(A76,VoxelMeshDefinition!S:AE,10,FALSE),"")
A77: =IF(VoxelMeshDefinition!AE254="✅", IF(#REF!<>"", #REF!, ""),"") | B77: =IF(VoxelMeshDefinition!AE254="✅", "/Script/Engine.StaticMesh'/Game/Item/Mesh/Voxel/" & VoxelMeshDefinition!Q254 & "/" & VoxelMeshDefinition!H254 & "/" & VoxelMeshDefinition!E254 & "." & VoxelMeshDefinition!E254 & "'", "") | C77: =IF(VoxelMeshDefinition!AE254="✅", IF(VoxelMeshDefinition!T254<>"", VoxelMeshDefinition!T254, ""), "") | D77: =IF(VoxelMeshDefinition!AE254="✅", IF(VoxelMeshDefinition!U254<>"", VoxelMeshDefinition!U254, ""),"") | E77: =IF(VoxelMeshDefinition!AE254="✅", IF(VoxelMeshDefinition!V254<>"", VoxelMeshDefinition!V254, ""),"") | F77: =IF(VoxelMeshDefinition!AE254="✅", IF(VoxelMeshDefinition!W254<>"", VoxelMeshDefinition!W254, ""),"") | G77: =IF(VoxelMeshDefinition!AE254="✅", IF(VoxelMeshDefinition!X254<>"", VoxelMeshDefinition!X254, ""),"") | H77: =IF(VoxelMeshDefinition!AE254="✅", IF(VoxelMeshDefinition!Y254<>"", VoxelMeshDefinition!Y254, ""),"") | I77: =IF(VoxelMeshDefinition!AE254="✅", IF(VoxelMeshDefinition!Z254<>"", VoxelMeshDefinition!Z254, ""),"") | J77: =IF(VoxelMeshDefinition!AE254="✅", IF(VoxelMeshDefinition!AA254<>"", VoxelMeshDefinition!AA254, ""),"") | K77: =IF(VoxelMeshDefinition!AE254="✅", VLOOKUP(A77,VoxelMeshDefinition!S:AE,10,FALSE),"")
A78: =IF(VoxelMeshDefinition!AE255="✅", IF(#REF!<>"", #REF!, ""),"") | B78: =IF(VoxelMeshDefinition!AE255="✅", "/Script/Engine.StaticMesh'/Game/Item/Mesh/Voxel/" & VoxelMeshDefinition!Q255 & "/" & VoxelMeshDefinition!H255 & "/" & VoxelMeshDefinition!E255 & "." & VoxelMeshDefinition!E255 & "'", "") | C78: =IF(VoxelMeshDefinition!AE255="✅", IF(VoxelMeshDefinition!T255<>"", VoxelMeshDefinition!T255, ""), "") | D78: =IF(VoxelMeshDefinition!AE255="✅", IF(VoxelMeshDefinition!U255<>"", VoxelMeshDefinition!U255, ""),"") | E78: =IF(VoxelMeshDefinition!AE255="✅", IF(VoxelMeshDefinition!V255<>"", VoxelMeshDefinition!V255, ""),"") | F78: =IF(VoxelMeshDefinition!AE255="✅", IF(VoxelMeshDefinition!W255<>"", VoxelMeshDefinition!W255, ""),"") | G78: =IF(VoxelMeshDefinition!AE255="✅", IF(VoxelMeshDefinition!X255<>"", VoxelMeshDefinition!X255, ""),"") | H78: =IF(VoxelMeshDefinition!AE255="✅", IF(VoxelMeshDefinition!Y255<>"", VoxelMeshDefinition!Y255, ""),"") | I78: =IF(VoxelMeshDefinition!AE255="✅", IF(VoxelMeshDefinition!Z255<>"", VoxelMeshDefinition!Z255, ""),"") | J78: =IF(VoxelMeshDefinition!AE255="✅", IF(VoxelMeshDefinition!AA255<>"", VoxelMeshDefinition!AA255, ""),"") | K78: =IF(VoxelMeshDefinition!AE255="✅", VLOOKUP(A78,VoxelMeshDefinition!S:AE,10,FALSE),"")
A79: =IF(VoxelMeshDefinition!AE256="✅", IF(#REF!<>"", #REF!, ""),"") | B79: =IF(VoxelMeshDefinition!AE256="✅", "/Script/Engine.StaticMesh'/Game/Item/Mesh/Voxel/" & VoxelMeshDefinition!Q256 & "/" & VoxelMeshDefinition!H256 & "/" & VoxelMeshDefinition!E256 & "." & VoxelMeshDefinition!E256 & "'", "") | C79: =IF(VoxelMeshDefinition!AE256="✅", IF(VoxelMeshDefinition!T256<>"", VoxelMeshDefinition!T256, ""), "") | D79: =IF(VoxelMeshDefinition!AE256="✅", IF(VoxelMeshDefinition!U256<>"", VoxelMeshDefinition!U256, ""),"") | E79: =IF(VoxelMeshDefinition!AE256="✅", IF(VoxelMeshDefinition!V256<>"", VoxelMeshDefinition!V256, ""),"") | F79: =IF(VoxelMeshDefinition!AE256="✅", IF(VoxelMeshDefinition!W256<>"", VoxelMeshDefinition!W256, ""),"") | G79: =IF(VoxelMeshDefinition!AE256="✅", IF(VoxelMeshDefinition!X256<>"", VoxelMeshDefinition!X256, ""),"") | H79: =IF(VoxelMeshDefinition!AE256="✅", IF(VoxelMeshDefinition!Y256<>"", VoxelMeshDefinition!Y256, ""),"") | I79: =IF(VoxelMeshDefinition!AE256="✅", IF(VoxelMeshDefinition!Z256<>"", VoxelMeshDefinition!Z256, ""),"") | J79: =IF(VoxelMeshDefinition!AE256="✅", IF(VoxelMeshDefinition!AA256<>"", VoxelMeshDefinition!AA256, ""),"") | K79: =IF(VoxelMeshDefinition!AE256="✅", VLOOKUP(A79,VoxelMeshDefinition!S:AE,10,FALSE),"")
A80: =IF(VoxelMeshDefinition!AE257="✅", IF(#REF!<>"", #REF!, ""),"") | B80: =IF(VoxelMeshDefinition!AE257="✅", "/Script/Engine.StaticMesh'/Game/Item/Mesh/Voxel/" & VoxelMeshDefinition!Q257 & "/" & VoxelMeshDefinition!H257 & "/" & VoxelMeshDefinition!E257 & "." & VoxelMeshDefinition!E257 & "'", "") | C80: =IF(VoxelMeshDefinition!AE257="✅", IF(VoxelMeshDefinition!T257<>"", VoxelMeshDefinition!T257, ""), "") | D80: =IF(VoxelMeshDefinition!AE257="✅", IF(VoxelMeshDefinition!U257<>"", VoxelMeshDefinition!U257, ""),"") | E80: =IF(VoxelMeshDefinition!AE257="✅", IF(VoxelMeshDefinition!V257<>"", VoxelMeshDefinition!V257, ""),"") | F80: =IF(VoxelMeshDefinition!AE257="✅", IF(VoxelMeshDefinition!W257<>"", VoxelMeshDefinition!W257, ""),"") | G80: =IF(VoxelMeshDefinition!AE257="✅", IF(VoxelMeshDefinition!X257<>"", VoxelMeshDefinition!X257, ""),"") | H80: =IF(VoxelMeshDefinition!AE257="✅", IF(VoxelMeshDefinition!Y257<>"", VoxelMeshDefinition!Y257, ""),"") | I80: =IF(VoxelMeshDefinition!AE257="✅", IF(VoxelMeshDefinition!Z257<>"", VoxelMeshDefinition!Z257, ""),"") | J80: =IF(VoxelMeshDefinition!AE257="✅", IF(VoxelMeshDefinition!AA257<>"", VoxelMeshDefinition!AA257, ""),"") | K80: =IF(VoxelMeshDefinition!AE257="✅", VLOOKUP(A80,VoxelMeshDefinition!S:AE,10,FALSE),"")
A81: =IF(VoxelMeshDefinition!AE262="✅", IF(#REF!<>"", #REF!, ""),"") | B81: =IF(VoxelMeshDefinition!AE262="✅", "/Script/Engine.StaticMesh'/Game/Item/Mesh/Voxel/" & VoxelMeshDefinition!Q262 & "/" & VoxelMeshDefinition!H262 & "/" & VoxelMeshDefinition!E262 & "." & VoxelMeshDefinition!E262 & "'", "") | C81: =IF(VoxelMeshDefinition!AE262="✅", IF(VoxelMeshDefinition!T262<>"", VoxelMeshDefinition!T262, ""), "") | D81: =IF(VoxelMeshDefinition!AE262="✅", IF(VoxelMeshDefinition!U262<>"", VoxelMeshDefinition!U262, ""),"") | E81: =IF(VoxelMeshDefinition!AE262="✅", IF(VoxelMeshDefinition!V262<>"", VoxelMeshDefinition!V262, ""),"") | F81: =IF(VoxelMeshDefinition!AE262="✅", IF(VoxelMeshDefinition!W262<>"", VoxelMeshDefinition!W262, ""),"") | G81: =IF(VoxelMeshDefinition!AE262="✅", IF(VoxelMeshDefinition!X262<>"", VoxelMeshDefinition!X262, ""),"") | H81: =IF(VoxelMeshDefinition!AE262="✅", IF(VoxelMeshDefinition!Y262<>"", VoxelMeshDefinition!Y262, ""),"") | I81: =IF(VoxelMeshDefinition!AE262="✅", IF(VoxelMeshDefinition!Z262<>"", VoxelMeshDefinition!Z262, ""),"") | J81: =IF(VoxelMeshDefinition!AE262="✅", IF(VoxelMeshDefinition!AA262<>"", VoxelMeshDefinition!AA262, ""),"") | K81: =IF(VoxelMeshDefinition!AE262="✅", VLOOKUP(A81,VoxelMeshDefinition!S:AE,10,FALSE),"")
A82: =IF(VoxelMeshDefinition!AE263="✅", IF(#REF!<>"", #REF!, ""),"") | B82: =IF(VoxelMeshDefinition!AE263="✅", "/Script/Engine.StaticMesh'/Game/Item/Mesh/Voxel/" & VoxelMeshDefinition!Q263 & "/" & VoxelMeshDefinition!H263 & "/" & VoxelMeshDefinition!E263 & "." & VoxelMeshDefinition!E263 & "'", "") | C82: =IF(VoxelMeshDefinition!AE263="✅", IF(VoxelMeshDefinition!T263<>"", VoxelMeshDefinition!T263, ""), "") | D82: =IF(VoxelMeshDefinition!AE263="✅", IF(VoxelMeshDefinition!U263<>"", VoxelMeshDefinition!U263, ""),"") | E82: =IF(VoxelMeshDefinition!AE263="✅", IF(VoxelMeshDefinition!V263<>"", VoxelMeshDefinition!V263, ""),"") | F82: =IF(VoxelMeshDefinition!AE263="✅", IF(VoxelMeshDefinition!W263<>"", VoxelMeshDefinition!W263, ""),"") | G82: =IF(VoxelMeshDefinition!AE263="✅", IF(VoxelMeshDefinition!X263<>"", VoxelMeshDefinition!X263, ""),"") | H82: =IF(VoxelMeshDefinition!AE263="✅", IF(VoxelMeshDefinition!Y263<>"", VoxelMeshDefinition!Y263, ""),"") | I82: =IF(VoxelMeshDefinition!AE263="✅", IF(VoxelMeshDefinition!Z263<>"", VoxelMeshDefinition!Z263, ""),"") | J82: =IF(VoxelMeshDefinition!AE263="✅", IF(VoxelMeshDefinition!AA263<>"", VoxelMeshDefinition!AA263, ""),"") | K82: =IF(VoxelMeshDefinition!AE263="✅", VLOOKUP(A82,VoxelMeshDefinition!S:AE,10,FALSE),"")
A83: =IF(VoxelMeshDefinition!AE264="✅", IF(#REF!<>"", #REF!, ""),"") | B83: =IF(VoxelMeshDefinition!AE264="✅", "/Script/Engine.StaticMesh'/Game/Item/Mesh/Voxel/" & VoxelMeshDefinition!Q264 & "/" & VoxelMeshDefinition!H264 & "/" & VoxelMeshDefinition!E264 & "." & VoxelMeshDefinition!E264 & "'", "") | C83: =IF(VoxelMeshDefinition!AE264="✅", IF(VoxelMeshDefinition!T264<>"", VoxelMeshDefinition!T264, ""), "") | D83: =IF(VoxelMeshDefinition!AE264="✅", IF(VoxelMeshDefinition!U264<>"", VoxelMeshDefinition!U264, ""),"") | E83: =IF(VoxelMeshDefinition!AE264="✅", IF(VoxelMeshDefinition!V264<>"", VoxelMeshDefinition!V264, ""),"") | F83: =IF(VoxelMeshDefinition!AE264="✅", IF(VoxelMeshDefinition!W264<>"", VoxelMeshDefinition!W264, ""),"") | G83: =IF(VoxelMeshDefinition!AE264="✅", IF(VoxelMeshDefinition!X264<>"", VoxelMeshDefinition!X264, ""),"") | H83: =IF(VoxelMeshDefinition!AE264="✅", IF(VoxelMeshDefinition!Y264<>"", VoxelMeshDefinition!Y264, ""),"") | I83: =IF(VoxelMeshDefinition!AE264="✅", IF(VoxelMeshDefinition!Z264<>"", VoxelMeshDefinition!Z264, ""),"") | J83: =IF(VoxelMeshDefinition!AE264="✅", IF(VoxelMeshDefinition!AA264<>"", VoxelMeshDefinition!AA264, ""),"") | K83: =IF(VoxelMeshDefinition!AE264="✅", VLOOKUP(A83,VoxelMeshDefinition!S:AE,10,FALSE),"")
A84: =IF(VoxelMeshDefinition!AE265="✅", IF(#REF!<>"", #REF!, ""),"") | B84: =IF(VoxelMeshDefinition!AE265="✅", "/Script/Engine.StaticMesh'/Game/Item/Mesh/Voxel/" & VoxelMeshDefinition!Q265 & "/" & VoxelMeshDefinition!H265 & "/" & VoxelMeshDefinition!E265 & "." & VoxelMeshDefinition!E265 & "'", "") | C84: =IF(VoxelMeshDefinition!AE265="✅", IF(VoxelMeshDefinition!T265<>"", VoxelMeshDefinition!T265, ""), "") | D84: =IF(VoxelMeshDefinition!AE265="✅", IF(VoxelMeshDefinition!U265<>"", VoxelMeshDefinition!U265, ""),"") | E84: =IF(VoxelMeshDefinition!AE265="✅", IF(VoxelMeshDefinition!V265<>"", VoxelMeshDefinition!V265, ""),"") | F84: =IF(VoxelMeshDefinition!AE265="✅", IF(VoxelMeshDefinition!W265<>"", VoxelMeshDefinition!W265, ""),"") | G84: =IF(VoxelMeshDefinition!AE265="✅", IF(VoxelMeshDefinition!X265<>"", VoxelMeshDefinition!X265, ""),"") | H84: =IF(VoxelMeshDefinition!AE265="✅", IF(VoxelMeshDefinition!Y265<>"", VoxelMeshDefinition!Y265, ""),"") | I84: =IF(VoxelMeshDefinition!AE265="✅", IF(VoxelMeshDefinition!Z265<>"", VoxelMeshDefinition!Z265, ""),"") | J84: =IF(VoxelMeshDefinition!AE265="✅", IF(VoxelMeshDefinition!AA265<>"", VoxelMeshDefinition!AA265, ""),"") | K84: =IF(VoxelMeshDefinition!AE265="✅", VLOOKUP(A84,VoxelMeshDefinition!S:AE,10,FALSE),"")
A85: =IF(VoxelMeshDefinition!AE266="✅", IF(#REF!<>"", #REF!, ""),"") | B85: =IF(VoxelMeshDefinition!AE266="✅", "/Script/Engine.StaticMesh'/Game/Item/Mesh/Voxel/" & VoxelMeshDefinition!Q266 & "/" & VoxelMeshDefinition!H266 & "/" & VoxelMeshDefinition!E266 & "." & VoxelMeshDefinition!E266 & "'", "") | C85: =IF(VoxelMeshDefinition!AE266="✅", IF(VoxelMeshDefinition!T266<>"", VoxelMeshDefinition!T266, ""), "") | D85: =IF(VoxelMeshDefinition!AE266="✅", IF(VoxelMeshDefinition!U266<>"", VoxelMeshDefinition!U266, ""),"") | E85: =IF(VoxelMeshDefinition!AE266="✅", IF(VoxelMeshDefinition!V266<>"", VoxelMeshDefinition!V266, ""),"") | F85: =IF(VoxelMeshDefinition!AE266="✅", IF(VoxelMeshDefinition!W266<>"", VoxelMeshDefinition!W266, ""),"") | G85: =IF(VoxelMeshDefinition!AE266="✅", IF(VoxelMeshDefinition!X266<>"", VoxelMeshDefinition!X266, ""),"") | H85: =IF(VoxelMeshDefinition!AE266="✅", IF(VoxelMeshDefinition!Y266<>"", VoxelMeshDefinition!Y266, ""),"") | I85: =IF(VoxelMeshDefinition!AE266="✅", IF(VoxelMeshDefinition!Z266<>"", VoxelMeshDefinition!Z266, ""),"") | J85: =IF(VoxelMeshDefinition!AE266="✅", IF(VoxelMeshDefinition!AA266<>"", VoxelMeshDefinition!AA266, ""),"") | K85: =IF(VoxelMeshDefinition!AE266="✅", VLOOKUP(A85,VoxelMeshDefinition!S:AE,10,FALSE),"")
A86: =IF(VoxelMeshDefinition!AE267="✅", IF(#REF!<>"", #REF!, ""),"") | B86: =IF(VoxelMeshDefinition!AE267="✅", "/Script/Engine.StaticMesh'/Game/Item/Mesh/Voxel/" & VoxelMeshDefinition!Q267 & "/" & VoxelMeshDefinition!H267 & "/" & VoxelMeshDefinition!E267 & "." & VoxelMeshDefinition!E267 & "'", "") | C86: =IF(VoxelMeshDefinition!AE267="✅", IF(VoxelMeshDefinition!T267<>"", VoxelMeshDefinition!T267, ""), "") | D86: =IF(VoxelMeshDefinition!AE267="✅", IF(VoxelMeshDefinition!U267<>"", VoxelMeshDefinition!U267, ""),"") | E86: =IF(VoxelMeshDefinition!AE267="✅", IF(VoxelMeshDefinition!V267<>"", VoxelMeshDefinition!V267, ""),"") | F86: =IF(VoxelMeshDefinition!AE267="✅", IF(VoxelMeshDefinition!W267<>"", VoxelMeshDefinition!W267, ""),"") | G86: =IF(VoxelMeshDefinition!AE267="✅", IF(VoxelMeshDefinition!X267<>"", VoxelMeshDefinition!X267, ""),"") | H86: =IF(VoxelMeshDefinition!AE267="✅", IF(VoxelMeshDefinition!Y267<>"", VoxelMeshDefinition!Y267, ""),"") | I86: =IF(VoxelMeshDefinition!AE267="✅", IF(VoxelMeshDefinition!Z267<>"", VoxelMeshDefinition!Z267, ""),"") | J86: =IF(VoxelMeshDefinition!AE267="✅", IF(VoxelMeshDefinition!AA267<>"", VoxelMeshDefinition!AA267, ""),"") | K86: =IF(VoxelMeshDefinition!AE267="✅", VLOOKUP(A86,VoxelMeshDefinition!S:AE,10,FALSE),"")
A87: =IF(VoxelMeshDefinition!AE268="✅", IF(#REF!<>"", #REF!, ""),"") | B87: =IF(VoxelMeshDefinition!AE268="✅", "/Script/Engine.StaticMesh'/Game/Item/Mesh/Voxel/" & VoxelMeshDefinition!Q268 & "/" & VoxelMeshDefinition!H268 & "/" & VoxelMeshDefinition!E268 & "." & VoxelMeshDefinition!E268 & "'", "") | C87: =IF(VoxelMeshDefinition!AE268="✅", IF(VoxelMeshDefinition!T268<>"", VoxelMeshDefinition!T268, ""), "") | D87: =IF(VoxelMeshDefinition!AE268="✅", IF(VoxelMeshDefinition!U268<>"", VoxelMeshDefinition!U268, ""),"") | E87: =IF(VoxelMeshDefinition!AE268="✅", IF(VoxelMeshDefinition!V268<>"", VoxelMeshDefinition!V268, ""),"") | F87: =IF(VoxelMeshDefinition!AE268="✅", IF(VoxelMeshDefinition!W268<>"", VoxelMeshDefinition!W268, ""),"") | G87: =IF(VoxelMeshDefinition!AE268="✅", IF(VoxelMeshDefinition!X268<>"", VoxelMeshDefinition!X268, ""),"") | H87: =IF(VoxelMeshDefinition!AE268="✅", IF(VoxelMeshDefinition!Y268<>"", VoxelMeshDefinition!Y268, ""),"") | I87: =IF(VoxelMeshDefinition!AE268="✅", IF(VoxelMeshDefinition!Z268<>"", VoxelMeshDefinition!Z268, ""),"") | J87: =IF(VoxelMeshDefinition!AE268="✅", IF(VoxelMeshDefinition!AA268<>"", VoxelMeshDefinition!AA268, ""),"") | K87: =IF(VoxelMeshDefinition!AE268="✅", VLOOKUP(A87,VoxelMeshDefinition!S:AE,10,FALSE),"")
A88: =IF(VoxelMeshDefinition!AE269="✅", IF(#REF!<>"", #REF!, ""),"") | B88: =IF(VoxelMeshDefinition!AE269="✅", "/Script/Engine.StaticMesh'/Game/Item/Mesh/Voxel/" & VoxelMeshDefinition!Q269 & "/" & VoxelMeshDefinition!H269 & "/" & VoxelMeshDefinition!E269 & "." & VoxelMeshDefinition!E269 & "'", "") | C88: =IF(VoxelMeshDefinition!AE269="✅", IF(VoxelMeshDefinition!T269<>"", VoxelMeshDefinition!T269, ""), "") | D88: =IF(VoxelMeshDefinition!AE269="✅", IF(VoxelMeshDefinition!U269<>"", VoxelMeshDefinition!U269, ""),"") | E88: =IF(VoxelMeshDefinition!AE269="✅", IF(VoxelMeshDefinition!V269<>"", VoxelMeshDefinition!V269, ""),"") | F88: =IF(VoxelMeshDefinition!AE269="✅", IF(VoxelMeshDefinition!W269<>"", VoxelMeshDefinition!W269, ""),"") | G88: =IF(VoxelMeshDefinition!AE269="✅", IF(VoxelMeshDefinition!X269<>"", VoxelMeshDefinition!X269, ""),"") | H88: =IF(VoxelMeshDefinition!AE269="✅", IF(VoxelMeshDefinition!Y269<>"", VoxelMeshDefinition!Y269, ""),"") | I88: =IF(VoxelMeshDefinition!AE269="✅", IF(VoxelMeshDefinition!Z269<>"", VoxelMeshDefinition!Z269, ""),"") | J88: =IF(VoxelMeshDefinition!AE269="✅", IF(VoxelMeshDefinition!AA269<>"", VoxelMeshDefinition!AA269, ""),"") | K88: =IF(VoxelMeshDefinition!AE269="✅", VLOOKUP(A88,VoxelMeshDefinition!S:AE,10,FALSE),"")
A89: =IF(VoxelMeshDefinition!AE270="✅", IF(#REF!<>"", #REF!, ""),"") | B89: =IF(VoxelMeshDefinition!AE270="✅", "/Script/Engine.StaticMesh'/Game/Item/Mesh/Voxel/" & VoxelMeshDefinition!Q270 & "/" & VoxelMeshDefinition!H270 & "/" & VoxelMeshDefinition!E270 & "." & VoxelMeshDefinition!E270 & "'", "") | C89: =IF(VoxelMeshDefinition!AE270="✅", IF(VoxelMeshDefinition!T270<>"", VoxelMeshDefinition!T270, ""), "") | D89: =IF(VoxelMeshDefinition!AE270="✅", IF(VoxelMeshDefinition!U270<>"", VoxelMeshDefinition!U270, ""),"") | E89: =IF(VoxelMeshDefinition!AE270="✅", IF(VoxelMeshDefinition!V270<>"", VoxelMeshDefinition!V270, ""),"") | F89: =IF(VoxelMeshDefinition!AE270="✅", IF(VoxelMeshDefinition!W270<>"", VoxelMeshDefinition!W270, ""),"") | G89: =IF(VoxelMeshDefinition!AE270="✅", IF(VoxelMeshDefinition!X270<>"", VoxelMeshDefinition!X270, ""),"") | H89: =IF(VoxelMeshDefinition!AE270="✅", IF(VoxelMeshDefinition!Y270<>"", VoxelMeshDefinition!Y270, ""),"") | I89: =IF(VoxelMeshDefinition!AE270="✅", IF(VoxelMeshDefinition!Z270<>"", VoxelMeshDefinition!Z270, ""),"") | J89: =IF(VoxelMeshDefinition!AE270="✅", IF(VoxelMeshDefinition!AA270<>"", VoxelMeshDefinition!AA270, ""),"") | K89: =IF(VoxelMeshDefinition!AE270="✅", VLOOKUP(A89,VoxelMeshDefinition!S:AE,10,FALSE),"")
A90: =IF(VoxelMeshDefinition!AE271="✅", IF(#REF!<>"", #REF!, ""),"") | B90: =IF(VoxelMeshDefinition!AE271="✅", "/Script/Engine.StaticMesh'/Game/Item/Mesh/Voxel/" & VoxelMeshDefinition!Q271 & "/" & VoxelMeshDefinition!H271 & "/" & VoxelMeshDefinition!E271 & "." & VoxelMeshDefinition!E271 & "'", "") | C90: =IF(VoxelMeshDefinition!AE271="✅", IF(VoxelMeshDefinition!T271<>"", VoxelMeshDefinition!T271, ""), "") | D90: =IF(VoxelMeshDefinition!AE271="✅", IF(VoxelMeshDefinition!U271<>"", VoxelMeshDefinition!U271, ""),"") | E90: =IF(VoxelMeshDefinition!AE271="✅", IF(VoxelMeshDefinition!V271<>"", VoxelMeshDefinition!V271, ""),"") | F90: =IF(VoxelMeshDefinition!AE271="✅", IF(VoxelMeshDefinition!W271<>"", VoxelMeshDefinition!W271, ""),"") | G90: =IF(VoxelMeshDefinition!AE271="✅", IF(VoxelMeshDefinition!X271<>"", VoxelMeshDefinition!X271, ""),"") | H90: =IF(VoxelMeshDefinition!AE271="✅", IF(VoxelMeshDefinition!Y271<>"", VoxelMeshDefinition!Y271, ""),"") | I90: =IF(VoxelMeshDefinition!AE271="✅", IF(VoxelMeshDefinition!Z271<>"", VoxelMeshDefinition!Z271, ""),"") | J90: =IF(VoxelMeshDefinition!AE271="✅", IF(VoxelMeshDefinition!AA271<>"", VoxelMeshDefinition!AA271, ""),"") | K90: =IF(VoxelMeshDefinition!AE271="✅", VLOOKUP(A90,VoxelMeshDefinition!S:AE,10,FALSE),"")
A91: =IF(VoxelMeshDefinition!AE272="✅", IF(#REF!<>"", #REF!, ""),"") | B91: =IF(VoxelMeshDefinition!AE272="✅", "/Script/Engine.StaticMesh'/Game/Item/Mesh/Voxel/" & VoxelMeshDefinition!Q272 & "/" & VoxelMeshDefinition!H272 & "/" & VoxelMeshDefinition!E272 & "." & VoxelMeshDefinition!E272 & "'", "") | C91: =IF(VoxelMeshDefinition!AE272="✅", IF(VoxelMeshDefinition!T272<>"", VoxelMeshDefinition!T272, ""), "") | D91: =IF(VoxelMeshDefinition!AE272="✅", IF(VoxelMeshDefinition!U272<>"", VoxelMeshDefinition!U272, ""),"") | E91: =IF(VoxelMeshDefinition!AE272="✅", IF(VoxelMeshDefinition!V272<>"", VoxelMeshDefinition!V272, ""),"") | F91: =IF(VoxelMeshDefinition!AE272="✅", IF(VoxelMeshDefinition!W272<>"", VoxelMeshDefinition!W272, ""),"") | G91: =IF(VoxelMeshDefinition!AE272="✅", IF(VoxelMeshDefinition!X272<>"", VoxelMeshDefinition!X272, ""),"") | H91: =IF(VoxelMeshDefinition!AE272="✅", IF(VoxelMeshDefinition!Y272<>"", VoxelMeshDefinition!Y272, ""),"") | I91: =IF(VoxelMeshDefinition!AE272="✅", IF(VoxelMeshDefinition!Z272<>"", VoxelMeshDefinition!Z272, ""),"") | J91: =IF(VoxelMeshDefinition!AE272="✅", IF(VoxelMeshDefinition!AA272<>"", VoxelMeshDefinition!AA272, ""),"") | K91: =IF(VoxelMeshDefinition!AE272="✅", VLOOKUP(A91,VoxelMeshDefinition!S:AE,10,FALSE),"")
A92: =IF(VoxelMeshDefinition!AE273="✅", IF(#REF!<>"", #REF!, ""),"") | B92: =IF(VoxelMeshDefinition!AE273="✅", "/Script/Engine.StaticMesh'/Game/Item/Mesh/Voxel/" & VoxelMeshDefinition!Q273 & "/" & VoxelMeshDefinition!H273 & "/" & VoxelMeshDefinition!E273 & "." & VoxelMeshDefinition!E273 & "'", "") | C92: =IF(VoxelMeshDefinition!AE273="✅", IF(VoxelMeshDefinition!T273<>"", VoxelMeshDefinition!T273, ""), "") | D92: =IF(VoxelMeshDefinition!AE273="✅", IF(VoxelMeshDefinition!U273<>"", VoxelMeshDefinition!U273, ""),"") | E92: =IF(VoxelMeshDefinition!AE273="✅", IF(VoxelMeshDefinition!V273<>"", VoxelMeshDefinition!V273, ""),"") | F92: =IF(VoxelMeshDefinition!AE273="✅", IF(VoxelMeshDefinition!W273<>"", VoxelMeshDefinition!W273, ""),"") | G92: =IF(VoxelMeshDefinition!AE273="✅", IF(VoxelMeshDefinition!X273<>"", VoxelMeshDefinition!X273, ""),"") | H92: =IF(VoxelMeshDefinition!AE273="✅", IF(VoxelMeshDefinition!Y273<>"", VoxelMeshDefinition!Y273, ""),"") | I92: =IF(VoxelMeshDefinition!AE273="✅", IF(VoxelMeshDefinition!Z273<>"", VoxelMeshDefinition!Z273, ""),"") | J92: =IF(VoxelMeshDefinition!AE273="✅", IF(VoxelMeshDefinition!AA273<>"", VoxelMeshDefinition!AA273, ""),"") | K92: =IF(VoxelMeshDefinition!AE273="✅", VLOOKUP(A92,VoxelMeshDefinition!S:AE,10,FALSE),"")
... A112: =IF(VoxelMeshDefinition!AE293="✅", IF(#REF!<>"", #REF!, ""),"") | B112: =IF(VoxelMeshDefinition!AE293="✅", "/Script/Engine.StaticMesh'/Game/Item/Mesh/Voxel/" & VoxelMeshDefinition!Q293 & "/" & VoxelMeshDefinition!H293 & "/" & VoxelMeshDefinition!E293 & "." & VoxelMeshDefinition!E293 & "'", "") | C112: =IF(VoxelMeshDefinition!AE293="✅", IF(VoxelMeshDefinition!T293<>"", VoxelMeshDefinition!T293, ""), "") | D112: =IF(VoxelMeshDefinition!AE293="✅", IF(VoxelMeshDefinition!U293<>"", VoxelMeshDefinition!U293, ""),"") | E112: =IF(VoxelMeshDefinition!AE293="✅", IF(VoxelMeshDefinition!V293<>"", VoxelMeshDefinition!V293, ""),"") | F112: =IF(VoxelMeshDefinition!AE293="✅", IF(VoxelMeshDefinition!W293<>"", VoxelMeshDefinition!W293, ""),"") | G112: =IF(VoxelMeshDefinition!AE293="✅", IF(VoxelMeshDefinition!X293<>"", VoxelMeshDefinition!X293, ""),"") | H112: =IF(VoxelMeshDefinition!AE293="✅", IF(VoxelMeshDefinition!Y293<>"", VoxelMeshDefinition!Y293, ""),"") | I112: =IF(VoxelMeshDefinition!AE293="✅", IF(VoxelMeshDefinition!Z293<>"", VoxelMeshDefinition!Z293, ""),"") | J112: =IF(VoxelMeshDefinition!AE293="✅", IF(VoxelMeshDefinition!AA293<>"", VoxelMeshDefinition!AA293, ""),"") | K112: =IF(VoxelMeshDefinition!AE293="✅", VLOOKUP(A112,VoxelMeshDefinition!S:AE,10,FALSE),"")
A113: =IF(#REF!="✅", IF(#REF!<>"", #REF!, ""),"") | B113: =IF(#REF!="✅", "/Script/Engine.StaticMesh'/Game/Item/Mesh/Voxel/" & #REF! & "/" & #REF! & "/" & #REF! & "." & #REF! & "'", "") | C113: =IF(#REF!="✅", IF(#REF!<>"", #REF!, ""), "") | D113: =IF(#REF!="✅", IF(#REF!<>"", #REF!, ""),"") | E113: =IF(#REF!="✅", IF(#REF!<>"", #REF!, ""),"") | F113: =IF(#REF!="✅", IF(#REF!<>"", #REF!, ""),"") | G113: =IF(#REF!="✅", IF(#REF!<>"", #REF!, ""),"") | H113: =IF(#REF!="✅", IF(#REF!<>"", #REF!, ""),"") | I113: =IF(#REF!="✅", IF(#REF!<>"", #REF!, ""),"") | J113: =IF(#REF!="✅", IF(#REF!<>"", #REF!, ""),"") | K113: =IF(#REF!="✅", VLOOKUP(A113,VoxelMeshDefinition!S:AE,10,FALSE),"")
A114: =IF(#REF!="✅", IF(#REF!<>"", #REF!, ""),"") | B114: =IF(#REF!="✅", "/Script/Engine.StaticMesh'/Game/Item/Mesh/Voxel/" & #REF! & "/" & #REF! & "/" & #REF! & "." & #REF! & "'", "") | C114: =IF(#REF!="✅", IF(#REF!<>"", #REF!, ""), "") | D114: =IF(#REF!="✅", IF(#REF!<>"", #REF!, ""),"") | E114: =IF(#REF!="✅", IF(#REF!<>"", #REF!, ""),"") | F114: =IF(#REF!="✅", IF(#REF!<>"", #REF!, ""),"") | G114: =IF(#REF!="✅", IF(#REF!<>"", #REF!, ""),"") | H114: =IF(#REF!="✅", IF(#REF!<>"", #REF!, ""),"") | I114: =IF(#REF!="✅", IF(#REF!<>"", #REF!, ""),"") | J114: =IF(#REF!="✅", IF(#REF!<>"", #REF!, ""),"") | K114: =IF(#REF!="✅", VLOOKUP(A114,VoxelMeshDefinition!S:AE,10,FALSE),"")
A115: =IF(#REF!="✅", IF(#REF!<>"", #REF!, ""),"") | B115: =IF(#REF!="✅", "/Script/Engine.StaticMesh'/Game/Item/Mesh/Voxel/" & #REF! & "/" & #REF! & "/" & #REF! & "." & #REF! & "'", "") | C115: =IF(#REF!="✅", IF(#REF!<>"", #REF!, ""), "") | D115: =IF(#REF!="✅", IF(#REF!<>"", #REF!, ""),"") | E115: =IF(#REF!="✅", IF(#REF!<>"", #REF!, ""),"") | F115: =IF(#REF!="✅", IF(#REF!<>"", #REF!, ""),"") | G115: =IF(#REF!="✅", IF(#REF!<>"", #REF!, ""),"") | H115: =IF(#REF!="✅", IF(#REF!<>"", #REF!, ""),"") | I115: =IF(#REF!="✅", IF(#REF!<>"", #REF!, ""),"") | J115: =IF(#REF!="✅", IF(#REF!<>"", #REF!, ""),"") | K115: =IF(#REF!="✅", VLOOKUP(A115,VoxelMeshDefinition!S:AE,10,FALSE),"")
A116: =IF(#REF!="✅", IF(#REF!<>"", #REF!, ""),"") | B116: =IF(#REF!="✅", "/Script/Engine.StaticMesh'/Game/Item/Mesh/Voxel/" & #REF! & "/" & #REF! & "/" & #REF! & "." & #REF! & "'", "") | C116: =IF(#REF!="✅", IF(#REF!<>"", #REF!, ""), "") | D116: =IF(#REF!="✅", IF(#REF!<>"", #REF!, ""),"") | E116: =IF(#REF!="✅", IF(#REF!<>"", #REF!, ""),"") | F116: =IF(#REF!="✅", IF(#REF!<>"", #REF!, ""),"") | G116: =IF(#REF!="✅", IF(#REF!<>"", #REF!, ""),"") | H116: =IF(#REF!="✅", IF(#REF!<>"", #REF!, ""),"") | I116: =IF(#REF!="✅", IF(#REF!<>"", #REF!, ""),"") | J116: =IF(#REF!="✅", IF(#REF!<>"", #REF!, ""),"") | K116: =IF(#REF!="✅", VLOOKUP(A116,VoxelMeshDefinition!S:AE,10,FALSE),"")
A117: =IF(VoxelMeshDefinition!AE311="✅", IF(#REF!<>"", #REF!, ""),"") | B117: =IF(VoxelMeshDefinition!AE311="✅", "/Script/Engine.StaticMesh'/Game/Item/Mesh/Voxel/" & VoxelMeshDefinition!Q311 & "/" & VoxelMeshDefinition!H311 & "/" & VoxelMeshDefinition!E311 & "." & VoxelMeshDefinition!E311 & "'", "") | C117: =IF(VoxelMeshDefinition!AE311="✅", IF(VoxelMeshDefinition!T311<>"", VoxelMeshDefinition!T311, ""), "") | D117: =IF(VoxelMeshDefinition!AE311="✅", IF(VoxelMeshDefinition!U311<>"", VoxelMeshDefinition!U311, ""),"") | E117: =IF(VoxelMeshDefinition!AE311="✅", IF(VoxelMeshDefinition!V311<>"", VoxelMeshDefinition!V311, ""),"") | F117: =IF(VoxelMeshDefinition!AE311="✅", IF(VoxelMeshDefinition!W311<>"", VoxelMeshDefinition!W311, ""),"") | G117: =IF(VoxelMeshDefinition!AE311="✅", IF(VoxelMeshDefinition!X311<>"", VoxelMeshDefinition!X311, ""),"") | H117: =IF(VoxelMeshDefinition!AE311="✅", IF(VoxelMeshDefinition!Y311<>"", VoxelMeshDefinition!Y311, ""),"") | I117: =IF(VoxelMeshDefinition!AE311="✅", IF(VoxelMeshDefinition!Z311<>"", VoxelMeshDefinition!Z311, ""),"") | J117: =IF(VoxelMeshDefinition!AE311="✅", IF(VoxelMeshDefinition!AA311<>"", VoxelMeshDefinition!AA311, ""),"") | K117: =IF(VoxelMeshDefinition!AE311="✅", VLOOKUP(A117,VoxelMeshDefinition!S:AE,10,FALSE),"")
A118: =IF(VoxelMeshDefinition!AE312="✅", IF(#REF!<>"", #REF!, ""),"") | B118: =IF(VoxelMeshDefinition!AE312="✅", "/Script/Engine.StaticMesh'/Game/Item/Mesh/Voxel/" & VoxelMeshDefinition!Q312 & "/" & VoxelMeshDefinition!H312 & "/" & VoxelMeshDefinition!E312 & "." & VoxelMeshDefinition!E312 & "'", "") | C118: =IF(VoxelMeshDefinition!AE312="✅", IF(VoxelMeshDefinition!T312<>"", VoxelMeshDefinition!T312, ""), "") | D118: =IF(VoxelMeshDefinition!AE312="✅", IF(VoxelMeshDefinition!U312<>"", VoxelMeshDefinition!U312, ""),"") | E118: =IF(VoxelMeshDefinition!AE312="✅", IF(VoxelMeshDefinition!V312<>"", VoxelMeshDefinition!V312, ""),"") | F118: =IF(VoxelMeshDefinition!AE312="✅", IF(VoxelMeshDefinition!W312<>"", VoxelMeshDefinition!W312, ""),"") | G118: =IF(VoxelMeshDefinition!AE312="✅", IF(VoxelMeshDefinition!X312<>"", VoxelMeshDefinition!X312, ""),"") | H118: =IF(VoxelMeshDefinition!AE312="✅", IF(VoxelMeshDefinition!Y312<>"", VoxelMeshDefinition!Y312, ""),"") | I118: =IF(VoxelMeshDefinition!AE312="✅", IF(VoxelMeshDefinition!Z312<>"", VoxelMeshDefinition!Z312, ""),"") | J118: =IF(VoxelMeshDefinition!AE312="✅", IF(VoxelMeshDefinition!AA312<>"", VoxelMeshDefinition!AA312, ""),"") | K118: =IF(VoxelMeshDefinition!AE312="✅", VLOOKUP(A118,VoxelMeshDefinition!S:AE,10,FALSE),"")
A119: =IF(VoxelMeshDefinition!AE303="✅", IF(#REF!<>"", #REF!, ""),"") | B119: =IF(VoxelMeshDefinition!AE303="✅", "/Script/Engine.StaticMesh'/Game/Item/Mesh/Voxel/" & VoxelMeshDefinition!Q303 & "/" & VoxelMeshDefinition!H303 & "/" & VoxelMeshDefinition!E303 & "." & VoxelMeshDefinition!E303 & "'", "") | C119: =IF(VoxelMeshDefinition!AE303="✅", IF(VoxelMeshDefinition!T303<>"", VoxelMeshDefinition!T303, ""), "") | D119: =IF(VoxelMeshDefinition!AE303="✅", IF(VoxelMeshDefinition!U303<>"", VoxelMeshDefinition!U303, ""),"") | E119: =IF(VoxelMeshDefinition!AE303="✅", IF(VoxelMeshDefinition!V303<>"", VoxelMeshDefinition!V303, ""),"") | F119: =IF(VoxelMeshDefinition!AE303="✅", IF(VoxelMeshDefinition!W303<>"", VoxelMeshDefinition!W303, ""),"") | G119: =IF(VoxelMeshDefinition!AE303="✅", IF(VoxelMeshDefinition!X303<>"", VoxelMeshDefinition!X303, ""),"") | H119: =IF(VoxelMeshDefinition!AE303="✅", IF(VoxelMeshDefinition!Y303<>"", VoxelMeshDefinition!Y303, ""),"") | I119: =IF(VoxelMeshDefinition!AE303="✅", IF(VoxelMeshDefinition!Z303<>"", VoxelMeshDefinition!Z303, ""),"") | J119: =IF(VoxelMeshDefinition!AE303="✅", IF(VoxelMeshDefinition!AA303<>"", VoxelMeshDefinition!AA303, ""),"") | K119: =IF(VoxelMeshDefinition!AE303="✅", VLOOKUP(A119,VoxelMeshDefinition!S:AE,10,FALSE),"")
...

Sheet 引用列表
A1: Type | B1: 特征 | C1: 难度 | E1: Direction | F1: 方向 | G1: 难度 | I1: Config | J1: 配置 | K1: 难度 | L1: ConfigCombinition | N1: Position | O1: Proxy位置 | Q1: World | R1: No. | S1: 世界 | U1: Position | V1: 位置 | X1: Style Desc | Y1: 风格 | AA1: Edge Style | AB1: Style No. | AD1: Angle | AE1: 角度 | AG1: Face | AH1: 面情况 | AJ1: 进度 | AK1: 描述
A2: Start | B2: 起点 | C2: 0 | E2: F | F2: 向前 | G2: 0 | I2: Borderless | J2: 所有边缺失 | K2: 2 | L2: Normal | N2: B | O2: 底部代理 | Q2: Test | R2: 00 | S2: 测试 | U2: Blank | V2: 空置占位 | X2: Sidewalk | Y2: 人行道 | AA2: Blank | AB2: 0 | AD2: B | AE2: 后 | AG2: Hollow | AH2: 镂空 | AJ2: ⭕ | AK2: 待办
A3: End | B3: 终点 | C3: 0 | E3: L90 | F3: 90度向左 | G3: 0 | I3: Borderless_L | J3: 左侧边缺失 | K3: 1 | L3: {=UNIQUE(FILTER(RailDefinition!J3:J5202&IF((RailDefinition!J3:J5202<>"")*(RailDefinition!K3:K5202<>""),"_","")&RailDefinition!K3:K5202,RailDefinition!J3:J5202&RailDefinition!K3:K5202<>""))} | N3: L | O3: 左侧代理 | Q3: TheCity | R3: 01 | S3: 都市 | U3: Ground | V3: 地面 | X3: Grass | Y3: 草地 | AA3: Sidewalk | AB3: 1 | AD3: C | AE3: 中 | AG3: Single | AH3: 单面实心 | AJ3: ✅ | AK3: 完成
A4: CheckPoint | B4: 检查点 | C4: 0 | E4: R90 | F4: 90度向右 | G4: 0 | I4: Borderless_R | J4: 右侧边缺失 | K4: 1 | N4: R | O4: 右侧代理 | Q4: TheMine | R4: 02 | S4: 矿洞 | U4: GroundLine | V4: 地面整条 | X4: Road | Y4: 马路 | AA4: Grass | AB4: 2 | AD4: T | AE4: 前 | AG4: Corner | AH4: 两面角落 | AJ4: ❌ | AK4: 废弃
A5: Gap | B5: 空隙 | C5: 2 | E5: T | F5: T字路口 | G5: 0 | I5: Borderless_I | J5: 内侧边缺失 | K5: 0 | N5: BL | O5: 左侧底部代理 | Q5: TheIsland | R5: 03 | S5: 海岛 | U5: Side | V5: 两边 | X5: SidewalkToRoad | Y5: 人行道到马路 | AA5: Road | AB5: 3 | AD5: L | AE5: 左 | AG5: Double | AH5: 两面实心 | AJ5: ➖ | AK5: 搁置
A6: Straight | B6: 直轨 | C6: 0 | E6: CR | F6: 十字路口 | G6: 0 | I6: Borderless_O | J6: 外侧边缺失 | K6: 1.5 | N6: BR | O6: 右侧底部代理 | Q6: TheValley | R6: 04 | S6: 峡谷 | U6: SideL | V6: 左边 | X6: SidewalkToGrass | Y6: 人行道到草地 | AA6: Sidework-Grass | AB6: 4 | AD6: R | AE6: 右 | AG6: Tri | AH6: 三面实心 | AJ6: ❓ | AK6: 待定
A7: Curve | B7: 弯轨 | C7: 1 | E7: FL90 | F7: 向前或90度向左 | G7: 0 | I7: Borderless_T | J7: 前侧边缺失 | K7: 2 | N7: Side | O7: 周围代理 | Q7: TheBlackHole | R7: 05 | S7: 黑洞 | U7: SideR | V7: 右边 | X7: GrassToSidewalk | Y7: 草地到人行道 | AA7: Grass-Sidework | AB7: 5 | AD7: S | AE7: 单独 | AG7: Full | AH7: 四面实心 | AJ7: ❗ | AK7: 特殊/有问题
A8: Bump | B8: 颠簸 | C8: 2 | E8: FR90 | F8: 向前或90度向右 | G8: 0 | I8: Borderless_Side | J8: 两侧边缺失 | K8: 3 | N8: F | O8: 前侧代理 | Q8: TheDarkRoom | R8: 06 | S8: 暗室 | U8: StartHole | V8: 起点洞 | X8: House | Y8: 房子 | AA8: Sidework-Road | AB8: 6 | AD8: Loop | AE8: 循环
A9: BoxTube | B9: 方管道 | C9: 0 | E9: U90 | F9: 90度向上 | G9: 1 | I9: Caved | J9: 开槽 | K9: -1 | U9: EndHole | V9: 终点洞 | X9: MudBottom | Y9: 仅泥土地面 | AA9: Road-Sidework | AB9: 7 | AD9: BL | AE9: 左后
A10: RoundTube | B10: 圆管道 | C10: 0 | E10: D90 | F10: 90度向下 | G10: 2 | I10: Tube | J10: 管状 | K10: -2 | U10: CheckHole | V10: 检查点洞 | X10: GrassSide | Y10: 草地侧面 | AA10: RoadLineA | AB10: 8 | AD10: BR | AE10: 右后
A11: TriggerElevator | B11: 触发电梯 | C11: 3 | E11: FU | F11: 向前上移 | G11: 1 | I11: HoleInRail | J11: 开洞 | K11: 2 | U11: RailHole | V11: 轨道中洞 | X11: RoadSide | Y11: 马路侧面 | AA11: RoadLineB | AB11: 9 | AD11: TL | AE11: 左前
A12: OrbitRotationElevator | B12: 公转电梯 | C12: 3 | E12: FD | F12: 向前下移 | G12: 2 | I12: CheckHole | J12: 检查点尺寸洞 | K12: -1 | U12: HoleLine | V12: 洞口 | X12: SidewalkSide | Y12: 人行道侧面 | AA12: HousePK | AB12: 10 | AD12: TR | AE12: 右前
A13: SpinRotationElevator | B13: 自转电梯 | C13: 4 | I13: FunnelStarts | J13: 漏斗展开 | K13: 0 | U13: Special | V13: 特殊用途
A14: SplineElevator | B14: 轨道电梯 | C14: 4 | I14: FunnelEnds | J14: 漏斗结束 | K14: 0
A15: SwingBasket | B15: 吊篮 | C15: 3 | I15: Rotate_Y | J15: 绕Y轴旋转 | K15: 3
A16: RailBasket | B16: 轨道矿车 | C16: 2 | I16: Rotate_X | J16: 绕Z轴旋转 | K16: 3
A17: FlipDoor | B17: 翻板门 | C17: 1 | AD17: DiagBLTR | AE17: 对角线左下右上
A18: SlideDoor | B18: 闸门 | C18: 1 | AD18: DiagTLBR | AE18: 对角线左上右下
B19: 开槽 | AD19: TLCenter | AE19: 顶部左侧中央
B20: 轨道带洞 | AD20: TLMid | AE20: 顶部左侧腰部
B21: 一侧边缺失
B22: 两侧边缺失 | AD22: TRCenter | AE22: 顶部右侧中央
AD23: TRMid | AE23: 顶部右侧腰部
AD25: BLCenter | AE25: 底部左侧中央
AD26: BLMid | AE26: 底部左侧腰部
AD28: BRCenter | AE28: 底部右侧中央
AD29: BRMid | AE29: 底部右侧腰部

Sheet 小球
A1: No. | B1: 名称 | C1: Description | D1: Name | E1: Comment | F1: ="模型 "& COUNTIF(F2:F1000,"✅") & "/" & COUNTA(F2:F1000) | G1: ="贴纸 "& COUNTIF(G2:G1000,"✅") & "/" & COUNTA(G2:G1000) | H1: ="开发 "& COUNTIF(H2:H1000,"✅") & "/" & COUNTA(H2:H1000) | J1: 平均每关需要 | K1: =(MAX(A:A) * K2) / MAX('迷宫世界规划'!G:G) | L1: 星可以解锁所有小球
A2: 1 | B2: 普通球 | C2: 没有特殊能力，但当首次以普通球3星过关时，额外获得1颗星星。 | D2: Normal Ball | E2: “Exceptionally Ordinary.” | F2: ✅ | G2: ⭕ | H2: ✅ | J2: 1张兑奖券需要 | K2: 6 | L2: 颗星星获取
A3: 2 | B3: 引力球 | C3: 持续使用，使小球被迷宫核心吸引，且受到更轻微的重力影响。 | D3: Attraction Ball | E3: 超能力小球会互相吸引。 | F3: ✅ | G3: ⭕ | H3: ✅
A4: 3 | B4: 斥力球 | C4: 持续使用，使小球被迷宫核心排斥，且受到更轻微的重力影响。 | D4: Repulsion Ball | E4: 不要靠近我啊啊啊啊！ | F4: ✅ | G4: ⭕ | H4: ✅
A5: 4 | B5: 相位球 | C5: 持续使用，使小球可以穿透迷宫轨道。 | D5: Phasing Ball | E5: “This is gonna feel kinda weird.” | F5: ✅ | G5: ⭕ | H5: ✅
A6: 5 | B6: 篮球 | C6: 按下使用，使小球跳跃。这颗球似乎弹性很好？ | D6: Basketball | E6: 也会唱、跳、Rap。 | F6: ✅ | G6: ✅ | H6: ✅
A7: 6 | B7: 仓鼠球 | C7: 按下使用，切换操作对象为小球，而非迷宫，再次按下恢复操作。 | D7: Hamsterball | E7: 本游戏制作过程中无动物受到伤害或虐待。 | F7: ✅ | G7: ⭕ | H7: ✅
A8: 7 | B8: 高尔夫球 | C8: 在轨道上按下瞄准，再次按下后挥杆，将小球击出 | F8: ✅ | G8: ✅ | H8: ⭕
A9: 8 | B9: 油漆球 | C9: 滚动时会在轨道上留下油漆痕迹。按下使用，可以将小球溶解在油漆痕迹中自由移动。再次按下从油漆中恢复。油漆会逐渐干涸。 | E9: 它超油型的。 | F9: ⭕ | G9: ⭕ | H9: ⭕
A10: 9 | B10: 时停球 | C10: 按下使用，使小球静止在原地。再次按下后，小球不会恢复先前的运动。静止期间，迷宫的碰撞依旧可以带动小球位移。 | E10: “ザ・ワールド！時よ止まれ！” | F10: ⭕ | G10: ⭕ | H10: ⭕
A11: 10 | B11: 锁定球 | C11: 按下使用，使小球锁定在原地。再次按下后，小球会恢复先前的运动。锁定期间，小球可能会卡住迷宫。 | F11: ⭕ | G11: ⭕ | H11: ⭕
A12: 11 | B12: 浮空球 | C12: 持续使用，使小球不受重力影响。 | E12: “It's Leviosa, not Leviosar.” | F12: ⭕ | G12: ⭕ | H12: ⭕
A13: 12 | B13: 网球 | C13: 持续使用，在空中瞄准。释放时将小球打向目标方向。瞄准期间似乎时间都变慢了。 | F13: ✅ | G13: ✅ | H13: ⭕
A14: 13 | B14: 匹克球 | C14: 这颗球不受风力和浮力影响。 | F14: ⭕ | G14: ⭕ | H14: ⭕
A15: 14 | B15: 两颗球 | C15: 每次开始时，会有两颗球被生成。任意一颗球都能触发检查点和终点。两颗球都掉落才会判定掉落。 | E15: 多就是好。 | F15: ⭕ | G15: ⭕ | H15: ⭕
A16: 15 | B16: 保龄球 | C16: 这颗球似乎比其他球更光滑、也更重一些。 | F16: ⭕ | G16: ⭕ | H16: ⭕
A17: 16 | B17: 橄榄球 | C17: 按下使用，向前踢出小球。小球长得和别人似乎也有一些不一样。 | F17: ⭕ | G17: ⭕ | H17: ⭕
A18: 17 | B18: 史莱姆球 | C18: 持续使用，使小球粘附在墙壁或天花板上滚动。另外，这颗球似乎没什么弹性？ | F18: ⭕ | G18: ⭕ | H18: ⭕
A19: 18 | B19: 玻璃球 | C19: 极其脆弱，从高处跌落或以高速度撞墙会直接碎裂。 | F19: ⭕ | G19: ⭕ | H19: ⭕
A20: 19 | B20: 回溯球 | C20: 按下使用，在当前位置留下一个“残影”。再次按下，小球会瞬间传送回残影的位置，并且小球不会恢复先前的运动。残影只能存在最多10秒。 | F20: ⭕ | G20: ⭕ | H20: ⭕
A21: 20 | B21: 方块球 | C21: 很显然，这是一个正方体。 | F21: ⭕ | G21: ⭕ | H21: ⭕
A22: 21 | B22: 灯泡球 | C22: 按下使用，点亮或熄灭自己。 | E22: 要有光。 | F22: ⭕ | G22: ⭕ | H22: ⭕
A23: 22 | B23: 炸弹球 | C23: 按下使用，3秒后爆炸。爆炸不会摧毁小球，但产生的冲击波会将小球垂直弹起，同时摧毁周围的轨道。 | E23: “芸術は爆発だ！” | F23: ⭕ | G23: ⭕ | H23: ⭕
A24: 23 | B24: 悠悠球 | C24: 持续使用，使小球被悠悠球绳拴住，并高速自转。释放后，小球会被拉回到原位。 | F24: ⭕ | G24: ⭕ | H24: ⭕
A25: 24 | B25: 乒乓球 | C25: 按下使用，将小球垂直打出。这颗球似乎弹性格外的好？ | F25: ⭕ | G25: ⭕ | H25: ⭕
A26: 25 | B26: 羽毛球 | C26: 这颗球似乎比其他球更轻一些，感觉掉在地上也没事。 | F26: ⭕ | G26: ⭕ | H26: ⭕
A27: 26 | B27: 冰球 | C27: 这颗球似乎完全光滑。 | F27: ⭕ | G27: ⭕ | H27: ⭕
A28: 27 | B28: 火箭球 | C28: 持续使用，使小球喷射起飞，飞行期间可以控制方向，但飞一会要休息一下。 | E28: “To infinity and beyond!” | F28: ⭕ | G28: ⭕ | H28: ⭕
A29: 28 | B29: 大号球 | C29: 这颗球似乎稍大一些 | E29: 大就是美。 | F29: ⭕ | G29: ⭕ | H29: ⭕
A30: 29 | B30: 小号球 | C30: 这颗球似乎稍小一些 | F30: ⭕ | G30: ⭕ | H30: ⭕
A31: 30 | B31: 篝火球 | C31: 按下使用，在轨道上释放一个临时的检查点。小球掉落后，会从检查点而非起点复活。再次使用、或者激活轨道上的其他检查点，会移除已经放置的检查点。 | E31: “赞美太阳！” | F31: ⭕ | G31: ⭕ | H31: ⭕
A32: 31 | B32: 桌球 | F32: ⭕ | G32: ✅ | H32: ⭕
A33: 32 | B33: 棒球 | F33: ⭕ | G33: ✅ | H33: ⭕

Sheet 体素模块
B1: World | D1: Position | E1: Style Desc | F1: =IF(G1<>"", G1&"_", "") & IF(B1<>"", B1, "") & IF(D1<>"", "_" & D1, "") & IF(E1<>"", "_" & E1, "") & IF(H1<>"", "_" & H1, "") & IF(I1<>"", "_" & I1, "") & IF(J1<>"", "_" & J1, "") & IF(K1<>"", "_" & K1, "") | G1: Type | H1: Angle | I1: Face | J1: C1 | K1: C2 | M1: Folder Name | N1: Row Name | O1: Mesh | P1: StartOpeningType | Q1: EndOpeningType | R1: LeftOpeningType | S1: RightOpeningType | T1: StartStyleType | U1: EndStyleType | V1: LeftStyleType | W1: RightStyleType | X1: bEndOnly | Z1: ="建模 "&COUNTIF(Z61:Z252,"✅") | AA1: 材质实例 | AB1: 贴图
B2: TheMine | D2: Ground | E2: YellowSoil | F2: =IF(G2<>"", G2&"_", "") & IF(B2<>"", B2, "") & IF(D2<>"", "_" & D2, "") & IF(E2<>"", "_" & E2, "") & IF(H2<>"", "_" & H2, "") & IF(I2<>"", "_" & I2, "") & IF(J2<>"", "_" & J2, "") & IF(K2<>"", "_" & K2, "") | G2: SM | H2: C | I2: Single | J2: Major | K2: 1 | M2: ="World_"&VLOOKUP(B2,'引用列表'!Q:R,2,FALSE)&"_"&B2&IF(COUNTIF(D2,"*Hole*"),"/Hole","") | N2: =IF(B2<>"", B2, "") & IF(D2<>"", "_" & D2, "") & IF(E2<>"", "_" & E2, "") & IF(H2<>"", "_" & H2, "") & IF(I2<>"", "_" & I2, "") & IF(J2<>"", "_" & J2, "") & IF(K2<>"", "_" & K2, "")
B3: TheMine | D3: Ground | E3: YellowSoil | F3: =IF(G3<>"", G3&"_", "") & IF(B3<>"", B3, "") & IF(D3<>"", "_" & D3, "") & IF(E3<>"", "_" & E3, "") & IF(H3<>"", "_" & H3, "") & IF(I3<>"", "_" & I3, "") & IF(J3<>"", "_" & J3, "") & IF(K3<>"", "_" & K3, "") | G3: SM | H3: T | I3: Single | J3: Major | K3: 1 | M3: ="World_"&VLOOKUP(B3,'引用列表'!Q:R,2,FALSE)&"_"&B3&IF(COUNTIF(D3,"*Hole*"),"/Hole","") | N3: =IF(B3<>"", B3, "") & IF(D3<>"", "_" & D3, "") & IF(E3<>"", "_" & E3, "") & IF(H3<>"", "_" & H3, "") & IF(I3<>"", "_" & I3, "") & IF(J3<>"", "_" & J3, "") & IF(K3<>"", "_" & K3, "")
B4: TheMine | D4: Ground | E4: YellowSoil | F4: =IF(G4<>"", G4&"_", "") & IF(B4<>"", B4, "") & IF(D4<>"", "_" & D4, "") & IF(E4<>"", "_" & E4, "") & IF(H4<>"", "_" & H4, "") & IF(I4<>"", "_" & I4, "") & IF(J4<>"", "_" & J4, "") & IF(K4<>"", "_" & K4, "") | G4: SM | H4: TR | I4: Corner | J4: Major | K4: 1 | M4: ="World_"&VLOOKUP(B4,'引用列表'!Q:R,2,FALSE)&"_"&B4&IF(COUNTIF(D4,"*Hole*"),"/Hole","") | N4: =IF(B4<>"", B4, "") & IF(D4<>"", "_" & D4, "") & IF(E4<>"", "_" & E4, "") & IF(H4<>"", "_" & H4, "") & IF(I4<>"", "_" & I4, "") & IF(J4<>"", "_" & J4, "") & IF(K4<>"", "_" & K4, "")
B5: TheMine | D5: Ground | E5: RedSoil | F5: =IF(G5<>"", G5&"_", "") & IF(B5<>"", B5, "") & IF(D5<>"", "_" & D5, "") & IF(E5<>"", "_" & E5, "") & IF(H5<>"", "_" & H5, "") & IF(I5<>"", "_" & I5, "") & IF(J5<>"", "_" & J5, "") & IF(K5<>"", "_" & K5, "") | G5: SM | H5: C | I5: Single | J5: Major | K5: 1 | M5: ="World_"&VLOOKUP(B5,'引用列表'!Q:R,2,FALSE)&"_"&B5&IF(COUNTIF(D5,"*Hole*"),"/Hole","") | N5: =IF(B5<>"", B5, "") & IF(D5<>"", "_" & D5, "") & IF(E5<>"", "_" & E5, "") & IF(H5<>"", "_" & H5, "") & IF(I5<>"", "_" & I5, "") & IF(J5<>"", "_" & J5, "") & IF(K5<>"", "_" & K5, "")
B6: TheMine | D6: Ground | E6: RedSoil | F6: =IF(G6<>"", G6&"_", "") & IF(B6<>"", B6, "") & IF(D6<>"", "_" & D6, "") & IF(E6<>"", "_" & E6, "") & IF(H6<>"", "_" & H6, "") & IF(I6<>"", "_" & I6, "") & IF(J6<>"", "_" & J6, "") & IF(K6<>"", "_" & K6, "") | G6: SM | H6: T | I6: Single | J6: Major | K6: 1 | M6: ="World_"&VLOOKUP(B6,'引用列表'!Q:R,2,FALSE)&"_"&B6&IF(COUNTIF(D6,"*Hole*"),"/Hole","") | N6: =IF(B6<>"", B6, "") & IF(D6<>"", "_" & D6, "") & IF(E6<>"", "_" & E6, "") & IF(H6<>"", "_" & H6, "") & IF(I6<>"", "_" & I6, "") & IF(J6<>"", "_" & J6, "") & IF(K6<>"", "_" & K6, "")
B7: TheMine | D7: Ground | E7: RedSoil | F7: =IF(G7<>"", G7&"_", "") & IF(B7<>"", B7, "") & IF(D7<>"", "_" & D7, "") & IF(E7<>"", "_" & E7, "") & IF(H7<>"", "_" & H7, "") & IF(I7<>"", "_" & I7, "") & IF(J7<>"", "_" & J7, "") & IF(K7<>"", "_" & K7, "") | G7: SM | H7: TR | I7: Corner | J7: Major | K7: 1 | M7: ="World_"&VLOOKUP(B7,'引用列表'!Q:R,2,FALSE)&"_"&B7&IF(COUNTIF(D7,"*Hole*"),"/Hole","") | N7: =IF(B7<>"", B7, "") & IF(D7<>"", "_" & D7, "") & IF(E7<>"", "_" & E7, "") & IF(H7<>"", "_" & H7, "") & IF(I7<>"", "_" & I7, "") & IF(J7<>"", "_" & J7, "") & IF(K7<>"", "_" & K7, "")
B8: TheMine | D8: Ground | E8: RedToYellow | F8: =IF(G8<>"", G8&"_", "") & IF(B8<>"", B8, "") & IF(D8<>"", "_" & D8, "") & IF(E8<>"", "_" & E8, "") & IF(H8<>"", "_" & H8, "") & IF(I8<>"", "_" & I8, "") & IF(J8<>"", "_" & J8, "") & IF(K8<>"", "_" & K8, "") | G8: SM | H8: B | I8: Single | J8: Major | K8: 1 | M8: ="World_"&VLOOKUP(B8,'引用列表'!Q:R,2,FALSE)&"_"&B8&IF(COUNTIF(D8,"*Hole*"),"/Hole","") | N8: =IF(B8<>"", B8, "") & IF(D8<>"", "_" & D8, "") & IF(E8<>"", "_" & E8, "") & IF(H8<>"", "_" & H8, "") & IF(I8<>"", "_" & I8, "") & IF(J8<>"", "_" & J8, "") & IF(K8<>"", "_" & K8, "")
B9: TheMine | D9: Ground | E9: RedToYellow | F9: =IF(G9<>"", G9&"_", "") & IF(B9<>"", B9, "") & IF(D9<>"", "_" & D9, "") & IF(E9<>"", "_" & E9, "") & IF(H9<>"", "_" & H9, "") & IF(I9<>"", "_" & I9, "") & IF(J9<>"", "_" & J9, "") & IF(K9<>"", "_" & K9, "") | G9: SM | H9: B | I9: Single | J9: Major | K9: 2 | M9: ="World_"&VLOOKUP(B9,'引用列表'!Q:R,2,FALSE)&"_"&B9&IF(COUNTIF(D9,"*Hole*"),"/Hole","") | N9: =IF(B9<>"", B9, "") & IF(D9<>"", "_" & D9, "") & IF(E9<>"", "_" & E9, "") & IF(H9<>"", "_" & H9, "") & IF(I9<>"", "_" & I9, "") & IF(J9<>"", "_" & J9, "") & IF(K9<>"", "_" & K9, "")
B10: TheMine | D10: Ground | E10: RedSoil | F10: =IF(G10<>"", G10&"_", "") & IF(B10<>"", B10, "") & IF(D10<>"", "_" & D10, "") & IF(E10<>"", "_" & E10, "") & IF(H10<>"", "_" & H10, "") & IF(I10<>"", "_" & I10, "") & IF(J10<>"", "_" & J10, "") & IF(K10<>"", "_" & K10, "") | G10: SM | H10: C | I10: Hollow | J10: Major | K10: 1 | M10: ="World_"&VLOOKUP(B10,'引用列表'!Q:R,2,FALSE)&"_"&B10&IF(COUNTIF(D10,"*Hole*"),"/Hole","") | N10: =IF(B10<>"", B10, "") & IF(D10<>"", "_" & D10, "") & IF(E10<>"", "_" & E10, "") & IF(H10<>"", "_" & H10, "") & IF(I10<>"", "_" & I10, "") & IF(J10<>"", "_" & J10, "") & IF(K10<>"", "_" & K10, "")
B11: TheMine | D11: Ground | E11: YellowSoil | F11: =IF(G11<>"", G11&"_", "") & IF(B11<>"", B11, "") & IF(D11<>"", "_" & D11, "") & IF(E11<>"", "_" & E11, "") & IF(H11<>"", "_" & H11, "") & IF(I11<>"", "_" & I11, "") & IF(J11<>"", "_" & J11, "") & IF(K11<>"", "_" & K11, "") | G11: SM | H11: C | I11: Hollow | J11: Major | K11: 1 | M11: ="World_"&VLOOKUP(B11,'引用列表'!Q:R,2,FALSE)&"_"&B11&IF(COUNTIF(D11,"*Hole*"),"/Hole","") | N11: =IF(B11<>"", B11, "") & IF(D11<>"", "_" & D11, "") & IF(E11<>"", "_" & E11, "") & IF(H11<>"", "_" & H11, "") & IF(I11<>"", "_" & I11, "") & IF(J11<>"", "_" & J11, "") & IF(K11<>"", "_" & K11, "")
B12: TheMine | D12: Ground | E12: RedSoil | F12: =IF(G12<>"", G12&"_", "") & IF(B12<>"", B12, "") & IF(D12<>"", "_" & D12, "") & IF(E12<>"", "_" & E12, "") & IF(H12<>"", "_" & H12, "") & IF(I12<>"", "_" & I12, "") & IF(J12<>"", "_" & J12, "") & IF(K12<>"", "_" & K12, "") | G12: SM | H12: Round | K12: 1 | M12: ="World_"&VLOOKUP(B12,'引用列表'!Q:R,2,FALSE)&"_"&B12&IF(COUNTIF(D12,"*Hole*"),"/Hole","") | N12: =IF(B12<>"", B12, "") & IF(D12<>"", "_" & D12, "") & IF(E12<>"", "_" & E12, "") & IF(H12<>"", "_" & H12, "") & IF(I12<>"", "_" & I12, "") & IF(J12<>"", "_" & J12, "") & IF(K12<>"", "_" & K12, "")
B13: TheMine | D13: Ground | E13: RedSoil | F13: =IF(G13<>"", G13&"_", "") & IF(B13<>"", B13, "") & IF(D13<>"", "_" & D13, "") & IF(E13<>"", "_" & E13, "") & IF(H13<>"", "_" & H13, "") & IF(I13<>"", "_" & I13, "") & IF(J13<>"", "_" & J13, "") & IF(K13<>"", "_" & K13, "") | G13: SM | H13: Round | K13: 2 | M13: ="World_"&VLOOKUP(B13,'引用列表'!Q:R,2,FALSE)&"_"&B13&IF(COUNTIF(D13,"*Hole*"),"/Hole","") | N13: =IF(B13<>"", B13, "") & IF(D13<>"", "_" & D13, "") & IF(E13<>"", "_" & E13, "") & IF(H13<>"", "_" & H13, "") & IF(I13<>"", "_" & I13, "") & IF(J13<>"", "_" & J13, "") & IF(K13<>"", "_" & K13, "")
B14: TheMine | D14: Ground | E14: RedSoil | F14: =IF(G14<>"", G14&"_", "") & IF(B14<>"", B14, "") & IF(D14<>"", "_" & D14, "") & IF(E14<>"", "_" & E14, "") & IF(H14<>"", "_" & H14, "") & IF(I14<>"", "_" & I14, "") & IF(J14<>"", "_" & J14, "") & IF(K14<>"", "_" & K14, "") | G14: SM | H14: Round | K14: 3 | M14: ="World_"&VLOOKUP(B14,'引用列表'!Q:R,2,FALSE)&"_"&B14&IF(COUNTIF(D14,"*Hole*"),"/Hole","") | N14: =IF(B14<>"", B14, "") & IF(D14<>"", "_" & D14, "") & IF(E14<>"", "_" & E14, "") & IF(H14<>"", "_" & H14, "") & IF(I14<>"", "_" & I14, "") & IF(J14<>"", "_" & J14, "") & IF(K14<>"", "_" & K14, "")
B15: TheMine | D15: Ground | E15: RedSoil | F15: =IF(G15<>"", G15&"_", "") & IF(B15<>"", B15, "") & IF(D15<>"", "_" & D15, "") & IF(E15<>"", "_" & E15, "") & IF(H15<>"", "_" & H15, "") & IF(I15<>"", "_" & I15, "") & IF(J15<>"", "_" & J15, "") & IF(K15<>"", "_" & K15, "") | G15: SM | H15: Round | K15: 4 | M15: ="World_"&VLOOKUP(B15,'引用列表'!Q:R,2,FALSE)&"_"&B15&IF(COUNTIF(D15,"*Hole*"),"/Hole","") | N15: =IF(B15<>"", B15, "") & IF(D15<>"", "_" & D15, "") & IF(E15<>"", "_" & E15, "") & IF(H15<>"", "_" & H15, "") & IF(I15<>"", "_" & I15, "") & IF(J15<>"", "_" & J15, "") & IF(K15<>"", "_" & K15, "")
B16: TheMine | D16: Ground | E16: RedToYellow | F16: =IF(G16<>"", G16&"_", "") & IF(B16<>"", B16, "") & IF(D16<>"", "_" & D16, "") & IF(E16<>"", "_" & E16, "") & IF(H16<>"", "_" & H16, "") & IF(I16<>"", "_" & I16, "") & IF(J16<>"", "_" & J16, "") & IF(K16<>"", "_" & K16, "") | G16: SM | H16: Round | K16: 1 | M16: ="World_"&VLOOKUP(B16,'引用列表'!Q:R,2,FALSE)&"_"&B16&IF(COUNTIF(D16,"*Hole*"),"/Hole","") | N16: =IF(B16<>"", B16, "") & IF(D16<>"", "_" & D16, "") & IF(E16<>"", "_" & E16, "") & IF(H16<>"", "_" & H16, "") & IF(I16<>"", "_" & I16, "") & IF(J16<>"", "_" & J16, "") & IF(K16<>"", "_" & K16, "")
B17: TheMine | D17: Ground | E17: RedToYellow | F17: =IF(G17<>"", G17&"_", "") & IF(B17<>"", B17, "") & IF(D17<>"", "_" & D17, "") & IF(E17<>"", "_" & E17, "") & IF(H17<>"", "_" & H17, "") & IF(I17<>"", "_" & I17, "") & IF(J17<>"", "_" & J17, "") & IF(K17<>"", "_" & K17, "") | G17: SM | H17: Round | K17: 2 | M17: ="World_"&VLOOKUP(B17,'引用列表'!Q:R,2,FALSE)&"_"&B17&IF(COUNTIF(D17,"*Hole*"),"/Hole","") | N17: =IF(B17<>"", B17, "") & IF(D17<>"", "_" & D17, "") & IF(E17<>"", "_" & E17, "") & IF(H17<>"", "_" & H17, "") & IF(I17<>"", "_" & I17, "") & IF(J17<>"", "_" & J17, "") & IF(K17<>"", "_" & K17, "")
B18: TheMine | D18: Ground | E18: RedToYellow | F18: =IF(G18<>"", G18&"_", "") & IF(B18<>"", B18, "") & IF(D18<>"", "_" & D18, "") & IF(E18<>"", "_" & E18, "") & IF(H18<>"", "_" & H18, "") & IF(I18<>"", "_" & I18, "") & IF(J18<>"", "_" & J18, "") & IF(K18<>"", "_" & K18, "") | G18: SM | H18: Round | K18: 3 | M18: ="World_"&VLOOKUP(B18,'引用列表'!Q:R,2,FALSE)&"_"&B18&IF(COUNTIF(D18,"*Hole*"),"/Hole","") | N18: =IF(B18<>"", B18, "") & IF(D18<>"", "_" & D18, "") & IF(E18<>"", "_" & E18, "") & IF(H18<>"", "_" & H18, "") & IF(I18<>"", "_" & I18, "") & IF(J18<>"", "_" & J18, "") & IF(K18<>"", "_" & K18, "")
B19: TheMine | D19: Ground | E19: YellowSoil | F19: =IF(G19<>"", G19&"_", "") & IF(B19<>"", B19, "") & IF(D19<>"", "_" & D19, "") & IF(E19<>"", "_" & E19, "") & IF(H19<>"", "_" & H19, "") & IF(I19<>"", "_" & I19, "") & IF(J19<>"", "_" & J19, "") & IF(K19<>"", "_" & K19, "") | G19: SM | H19: Hole | I19: 20 | K19: 1 | M19: ="World_"&VLOOKUP(B19,'引用列表'!Q:R,2,FALSE)&"_"&B19&IF(COUNTIF(D19,"*Hole*"),"/Hole","") | N19: =IF(B19<>"", B19, "") & IF(D19<>"", "_" & D19, "") & IF(E19<>"", "_" & E19, "") & IF(H19<>"", "_" & H19, "") & IF(I19<>"", "_" & I19, "") & IF(J19<>"", "_" & J19, "") & IF(K19<>"", "_" & K19, "")
B20: TheMine | D20: Ground | E20: YellowSoil | F20: =IF(G20<>"", G20&"_", "") & IF(B20<>"", B20, "") & IF(D20<>"", "_" & D20, "") & IF(E20<>"", "_" & E20, "") & IF(H20<>"", "_" & H20, "") & IF(I20<>"", "_" & I20, "") & IF(J20<>"", "_" & J20, "") & IF(K20<>"", "_" & K20, "") | G20: SM | H20: Hole | I20: 40 | K20: 1 | M20: ="World_"&VLOOKUP(B20,'引用列表'!Q:R,2,FALSE)&"_"&B20&IF(COUNTIF(D20,"*Hole*"),"/Hole","") | N20: =IF(B20<>"", B20, "") & IF(D20<>"", "_" & D20, "") & IF(E20<>"", "_" & E20, "") & IF(H20<>"", "_" & H20, "") & IF(I20<>"", "_" & I20, "") & IF(J20<>"", "_" & J20, "") & IF(K20<>"", "_" & K20, "")
B21: TheMine | D21: Ground | E21: YellowSoil | F21: =IF(G21<>"", G21&"_", "") & IF(B21<>"", B21, "") & IF(D21<>"", "_" & D21, "") & IF(E21<>"", "_" & E21, "") & IF(H21<>"", "_" & H21, "") & IF(I21<>"", "_" & I21, "") & IF(J21<>"", "_" & J21, "") & IF(K21<>"", "_" & K21, "") | G21: SM | H21: Hole | I21: 60 | K21: 1 | M21: ="World_"&VLOOKUP(B21,'引用列表'!Q:R,2,FALSE)&"_"&B21&IF(COUNTIF(D21,"*Hole*"),"/Hole","") | N21: =IF(B21<>"", B21, "") & IF(D21<>"", "_" & D21, "") & IF(E21<>"", "_" & E21, "") & IF(H21<>"", "_" & H21, "") & IF(I21<>"", "_" & I21, "") & IF(J21<>"", "_" & J21, "") & IF(K21<>"", "_" & K21, "")
B22: TheMine | D22: Ground | E22: YellowSoil | F22: =IF(G22<>"", G22&"_", "") & IF(B22<>"", B22, "") & IF(D22<>"", "_" & D22, "") & IF(E22<>"", "_" & E22, "") & IF(H22<>"", "_" & H22, "") & IF(I22<>"", "_" & I22, "") & IF(J22<>"", "_" & J22, "") & IF(K22<>"", "_" & K22, "") | G22: SM | H22: Hole | I22: 60 | K22: 2 | M22: ="World_"&VLOOKUP(B22,'引用列表'!Q:R,2,FALSE)&"_"&B22&IF(COUNTIF(D22,"*Hole*"),"/Hole","") | N22: =IF(B22<>"", B22, "") & IF(D22<>"", "_" & D22, "") & IF(E22<>"", "_" & E22, "") & IF(H22<>"", "_" & H22, "") & IF(I22<>"", "_" & I22, "") & IF(J22<>"", "_" & J22, "") & IF(K22<>"", "_" & K22, "")
B23: TheMine | D23: Ground | E23: RedSoil | F23: =IF(G23<>"", G23&"_", "") & IF(B23<>"", B23, "") & IF(D23<>"", "_" & D23, "") & IF(E23<>"", "_" & E23, "") & IF(H23<>"", "_" & H23, "") & IF(I23<>"", "_" & I23, "") & IF(J23<>"", "_" & J23, "") & IF(K23<>"", "_" & K23, "") | G23: SM | H23: Hole | I23: 120 | K23: 1 | M23: ="World_"&VLOOKUP(B23,'引用列表'!Q:R,2,FALSE)&"_"&B23&IF(COUNTIF(D23,"*Hole*"),"/Hole","") | N23: =IF(B23<>"", B23, "") & IF(D23<>"", "_" & D23, "") & IF(E23<>"", "_" & E23, "") & IF(H23<>"", "_" & H23, "") & IF(I23<>"", "_" & I23, "") & IF(J23<>"", "_" & J23, "") & IF(K23<>"", "_" & K23, "")
B24: TheMine | D24: Ground | E24: RedSoil | F24: =IF(G24<>"", G24&"_", "") & IF(B24<>"", B24, "") & IF(D24<>"", "_" & D24, "") & IF(E24<>"", "_" & E24, "") & IF(H24<>"", "_" & H24, "") & IF(I24<>"", "_" & I24, "") & IF(J24<>"", "_" & J24, "") & IF(K24<>"", "_" & K24, "") | G24: SM | H24: Hole | I24: 120 | K24: 2 | M24: ="World_"&VLOOKUP(B24,'引用列表'!Q:R,2,FALSE)&"_"&B24&IF(COUNTIF(D24,"*Hole*"),"/Hole","") | N24: =IF(B24<>"", B24, "") & IF(D24<>"", "_" & D24, "") & IF(E24<>"", "_" & E24, "") & IF(H24<>"", "_" & H24, "") & IF(I24<>"", "_" & I24, "") & IF(J24<>"", "_" & J24, "") & IF(K24<>"", "_" & K24, "")
B25: TheMine | D25: Ground | E25: RedToYellow | F25: =IF(G25<>"", G25&"_", "") & IF(B25<>"", B25, "") & IF(D25<>"", "_" & D25, "") & IF(E25<>"", "_" & E25, "") & IF(H25<>"", "_" & H25, "") & IF(I25<>"", "_" & I25, "") & IF(J25<>"", "_" & J25, "") & IF(K25<>"", "_" & K25, "") | G25: SM | H25: Hole | I25: 120 | K25: 1 | M25: ="World_"&VLOOKUP(B25,'引用列表'!Q:R,2,FALSE)&"_"&B25&IF(COUNTIF(D25,"*Hole*"),"/Hole","") | N25: =IF(B25<>"", B25, "") & IF(D25<>"", "_" & D25, "") & IF(E25<>"", "_" & E25, "") & IF(H25<>"", "_" & H25, "") & IF(I25<>"", "_" & I25, "") & IF(J25<>"", "_" & J25, "") & IF(K25<>"", "_" & K25, "")
B26: TheMine | D26: Ground | E26: YellowSoil | F26: =IF(G26<>"", G26&"_", "") & IF(B26<>"", B26, "") & IF(D26<>"", "_" & D26, "") & IF(E26<>"", "_" & E26, "") & IF(H26<>"", "_" & H26, "") & IF(I26<>"", "_" & I26, "") & IF(J26<>"", "_" & J26, "") & IF(K26<>"", "_" & K26, "") | G26: SM | H26: Hole | I26: 120 | K26: 1 | M26: ="World_"&VLOOKUP(B26,'引用列表'!Q:R,2,FALSE)&"_"&B26&IF(COUNTIF(D26,"*Hole*"),"/Hole","") | N26: =IF(B26<>"", B26, "") & IF(D26<>"", "_" & D26, "") & IF(E26<>"", "_" & E26, "") & IF(H26<>"", "_" & H26, "") & IF(I26<>"", "_" & I26, "") & IF(J26<>"", "_" & J26, "") & IF(K26<>"", "_" & K26, "")
B27: TheMine | D27: Ground | E27: YellowSoil | F27: =IF(G27<>"", G27&"_", "") & IF(B27<>"", B27, "") & IF(D27<>"", "_" & D27, "") & IF(E27<>"", "_" & E27, "") & IF(H27<>"", "_" & H27, "") & IF(I27<>"", "_" & I27, "") & IF(J27<>"", "_" & J27, "") & IF(K27<>"", "_" & K27, "") | G27: SM | H27: Hole | I27: 120 | K27: 2 | M27: ="World_"&VLOOKUP(B27,'引用列表'!Q:R,2,FALSE)&"_"&B27&IF(COUNTIF(D27,"*Hole*"),"/Hole","") | N27: =IF(B27<>"", B27, "") & IF(D27<>"", "_" & D27, "") & IF(E27<>"", "_" & E27, "") & IF(H27<>"", "_" & H27, "") & IF(I27<>"", "_" & I27, "") & IF(J27<>"", "_" & J27, "") & IF(K27<>"", "_" & K27, "")
B28: TheMine | D28: Ground | E28: RedToYellow | F28: =IF(G28<>"", G28&"_", "") & IF(B28<>"", B28, "") & IF(D28<>"", "_" & D28, "") & IF(E28<>"", "_" & E28, "") & IF(H28<>"", "_" & H28, "") & IF(I28<>"", "_" & I28, "") & IF(J28<>"", "_" & J28, "") & IF(K28<>"", "_" & K28, "") | G28: SM | H28: C | I28: Hollow | K28: 1 | M28: ="World_"&VLOOKUP(B28,'引用列表'!Q:R,2,FALSE)&"_"&B28&IF(COUNTIF(D28,"*Hole*"),"/Hole","") | N28: =IF(B28<>"", B28, "") & IF(D28<>"", "_" & D28, "") & IF(E28<>"", "_" & E28, "") & IF(H28<>"", "_" & H28, "") & IF(I28<>"", "_" & I28, "") & IF(J28<>"", "_" & J28, "") & IF(K28<>"", "_" & K28, "")
B29: TheMine | D29: Ground | E29: RedToYellow | F29: =IF(G29<>"", G29&"_", "") & IF(B29<>"", B29, "") & IF(D29<>"", "_" & D29, "") & IF(E29<>"", "_" & E29, "") & IF(H29<>"", "_" & H29, "") & IF(I29<>"", "_" & I29, "") & IF(J29<>"", "_" & J29, "") & IF(K29<>"", "_" & K29, "") | G29: SM | H29: T | I29: Single | K29: 1 | M29: ="World_"&VLOOKUP(B29,'引用列表'!Q:R,2,FALSE)&"_"&B29&IF(COUNTIF(D29,"*Hole*"),"/Hole","") | N29: =IF(B29<>"", B29, "") & IF(D29<>"", "_" & D29, "") & IF(E29<>"", "_" & E29, "") & IF(H29<>"", "_" & H29, "") & IF(I29<>"", "_" & I29, "") & IF(J29<>"", "_" & J29, "") & IF(K29<>"", "_" & K29, "")
B30: TheMine | D30: Ground | E30: RedToYellow | F30: =IF(G30<>"", G30&"_", "") & IF(B30<>"", B30, "") & IF(D30<>"", "_" & D30, "") & IF(E30<>"", "_" & E30, "") & IF(H30<>"", "_" & H30, "") & IF(I30<>"", "_" & I30, "") & IF(J30<>"", "_" & J30, "") & IF(K30<>"", "_" & K30, "") | G30: SM | H30: Deco | I30: 120 | K30: 1 | M30: ="World_"&VLOOKUP(B30,'引用列表'!Q:R,2,FALSE)&"_"&B30&IF(COUNTIF(D30,"*Hole*"),"/Hole","") | N30: =IF(B30<>"", B30, "") & IF(D30<>"", "_" & D30, "") & IF(E30<>"", "_" & E30, "") & IF(H30<>"", "_" & H30, "") & IF(I30<>"", "_" & I30, "") & IF(J30<>"", "_" & J30, "") & IF(K30<>"", "_" & K30, "")
B31: TheMine | D31: Ground | E31: RedToYellow | F31: =IF(G31<>"", G31&"_", "") & IF(B31<>"", B31, "") & IF(D31<>"", "_" & D31, "") & IF(E31<>"", "_" & E31, "") & IF(H31<>"", "_" & H31, "") & IF(I31<>"", "_" & I31, "") & IF(J31<>"", "_" & J31, "") & IF(K31<>"", "_" & K31, "") | G31: SM | H31: Deco | I31: 120 | K31: 2 | M31: ="World_"&VLOOKUP(B31,'引用列表'!Q:R,2,FALSE)&"_"&B31&IF(COUNTIF(D31,"*Hole*"),"/Hole","") | N31: =IF(B31<>"", B31, "") & IF(D31<>"", "_" & D31, "") & IF(E31<>"", "_" & E31, "") & IF(H31<>"", "_" & H31, "") & IF(I31<>"", "_" & I31, "") & IF(J31<>"", "_" & J31, "") & IF(K31<>"", "_" & K31, "")
B32: TheMine | D32: Ground | E32: RedToYellow | F32: =IF(G32<>"", G32&"_", "") & IF(B32<>"", B32, "") & IF(D32<>"", "_" & D32, "") & IF(E32<>"", "_" & E32, "") & IF(H32<>"", "_" & H32, "") & IF(I32<>"", "_" & I32, "") & IF(J32<>"", "_" & J32, "") & IF(K32<>"", "_" & K32, "") | G32: SM | H32: Deco | I32: 120 | K32: 3 | M32: ="World_"&VLOOKUP(B32,'引用列表'!Q:R,2,FALSE)&"_"&B32&IF(COUNTIF(D32,"*Hole*"),"/Hole","") | N32: =IF(B32<>"", B32, "") & IF(D32<>"", "_" & D32, "") & IF(E32<>"", "_" & E32, "") & IF(H32<>"", "_" & H32, "") & IF(I32<>"", "_" & I32, "") & IF(J32<>"", "_" & J32, "") & IF(K32<>"", "_" & K32, "")
B33: TheMine | D33: Ground | E33: RedToYellow | F33: =IF(G33<>"", G33&"_", "") & IF(B33<>"", B33, "") & IF(D33<>"", "_" & D33, "") & IF(E33<>"", "_" & E33, "") & IF(H33<>"", "_" & H33, "") & IF(I33<>"", "_" & I33, "") & IF(J33<>"", "_" & J33, "") & IF(K33<>"", "_" & K33, "") | G33: SM | H33: Deco | I33: 120 | K33: 4 | M33: ="World_"&VLOOKUP(B33,'引用列表'!Q:R,2,FALSE)&"_"&B33&IF(COUNTIF(D33,"*Hole*"),"/Hole","") | N33: =IF(B33<>"", B33, "") & IF(D33<>"", "_" & D33, "") & IF(E33<>"", "_" & E33, "") & IF(H33<>"", "_" & H33, "") & IF(I33<>"", "_" & I33, "") & IF(J33<>"", "_" & J33, "") & IF(K33<>"", "_" & K33, "")
B34: TheMine | D34: Ground | E34: RedToYellow | F34: =IF(G34<>"", G34&"_", "") & IF(B34<>"", B34, "") & IF(D34<>"", "_" & D34, "") & IF(E34<>"", "_" & E34, "") & IF(H34<>"", "_" & H34, "") & IF(I34<>"", "_" & I34, "") & IF(J34<>"", "_" & J34, "") & IF(K34<>"", "_" & K34, "") | G34: SM | H34: Deco | I34: 120 | K34: 5 | M34: ="World_"&VLOOKUP(B34,'引用列表'!Q:R,2,FALSE)&"_"&B34&IF(COUNTIF(D34,"*Hole*"),"/Hole","") | N34: =IF(B34<>"", B34, "") & IF(D34<>"", "_" & D34, "") & IF(E34<>"", "_" & E34, "") & IF(H34<>"", "_" & H34, "") & IF(I34<>"", "_" & I34, "") & IF(J34<>"", "_" & J34, "") & IF(K34<>"", "_" & K34, "")
B35: TheMine | D35: Ground | E35: RedToYellow | F35: =IF(G35<>"", G35&"_", "") & IF(B35<>"", B35, "") & IF(D35<>"", "_" & D35, "") & IF(E35<>"", "_" & E35, "") & IF(H35<>"", "_" & H35, "") & IF(I35<>"", "_" & I35, "") & IF(J35<>"", "_" & J35, "") & IF(K35<>"", "_" & K35, "") | G35: SM | H35: Deco | I35: 120 | K35: 6 | M35: ="World_"&VLOOKUP(B35,'引用列表'!Q:R,2,FALSE)&"_"&B35&IF(COUNTIF(D35,"*Hole*"),"/Hole","") | N35: =IF(B35<>"", B35, "") & IF(D35<>"", "_" & D35, "") & IF(E35<>"", "_" & E35, "") & IF(H35<>"", "_" & H35, "") & IF(I35<>"", "_" & I35, "") & IF(J35<>"", "_" & J35, "") & IF(K35<>"", "_" & K35, "")
B36: TheMine | D36: Ground | E36: RedToYellow | F36: =IF(G36<>"", G36&"_", "") & IF(B36<>"", B36, "") & IF(D36<>"", "_" & D36, "") & IF(E36<>"", "_" & E36, "") & IF(H36<>"", "_" & H36, "") & IF(I36<>"", "_" & I36, "") & IF(J36<>"", "_" & J36, "") & IF(K36<>"", "_" & K36, "") | G36: SM | H36: Deco | I36: 120 | K36: 7 | M36: ="World_"&VLOOKUP(B36,'引用列表'!Q:R,2,FALSE)&"_"&B36&IF(COUNTIF(D36,"*Hole*"),"/Hole","") | N36: =IF(B36<>"", B36, "") & IF(D36<>"", "_" & D36, "") & IF(E36<>"", "_" & E36, "") & IF(H36<>"", "_" & H36, "") & IF(I36<>"", "_" & I36, "") & IF(J36<>"", "_" & J36, "") & IF(K36<>"", "_" & K36, "")
B37: TheMine | D37: Ground | E37: RedToYellow | F37: =IF(G37<>"", G37&"_", "") & IF(B37<>"", B37, "") & IF(D37<>"", "_" & D37, "") & IF(E37<>"", "_" & E37, "") & IF(H37<>"", "_" & H37, "") & IF(I37<>"", "_" & I37, "") & IF(J37<>"", "_" & J37, "") & IF(K37<>"", "_" & K37, "") | G37: SM | H37: Deco | I37: 120 | K37: 8 | M37: ="World_"&VLOOKUP(B37,'引用列表'!Q:R,2,FALSE)&"_"&B37&IF(COUNTIF(D37,"*Hole*"),"/Hole","") | N37: =IF(B37<>"", B37, "") & IF(D37<>"", "_" & D37, "") & IF(E37<>"", "_" & E37, "") & IF(H37<>"", "_" & H37, "") & IF(I37<>"", "_" & I37, "") & IF(J37<>"", "_" & J37, "") & IF(K37<>"", "_" & K37, "")
B38: TheMine | D38: Ground | E38: RedToYellow | F38: =IF(G38<>"", G38&"_", "") & IF(B38<>"", B38, "") & IF(D38<>"", "_" & D38, "") & IF(E38<>"", "_" & E38, "") & IF(H38<>"", "_" & H38, "") & IF(I38<>"", "_" & I38, "") & IF(J38<>"", "_" & J38, "") & IF(K38<>"", "_" & K38, "") | G38: SM | H38: Deco | I38: 120 | K38: 9 | M38: ="World_"&VLOOKUP(B38,'引用列表'!Q:R,2,FALSE)&"_"&B38&IF(COUNTIF(D38,"*Hole*"),"/Hole","") | N38: =IF(B38<>"", B38, "") & IF(D38<>"", "_" & D38, "") & IF(E38<>"", "_" & E38, "") & IF(H38<>"", "_" & H38, "") & IF(I38<>"", "_" & I38, "") & IF(J38<>"", "_" & J38, "") & IF(K38<>"", "_" & K38, "")
B39: TheMine | D39: Ground | E39: RedToYellow | F39: =IF(G39<>"", G39&"_", "") & IF(B39<>"", B39, "") & IF(D39<>"", "_" & D39, "") & IF(E39<>"", "_" & E39, "") & IF(H39<>"", "_" & H39, "") & IF(I39<>"", "_" & I39, "") & IF(J39<>"", "_" & J39, "") & IF(K39<>"", "_" & K39, "") | G39: SM | H39: Deco | I39: 120 | K39: 10 | M39: ="World_"&VLOOKUP(B39,'引用列表'!Q:R,2,FALSE)&"_"&B39&IF(COUNTIF(D39,"*Hole*"),"/Hole","") | N39: =IF(B39<>"", B39, "") & IF(D39<>"", "_" & D39, "") & IF(E39<>"", "_" & E39, "") & IF(H39<>"", "_" & H39, "") & IF(I39<>"", "_" & I39, "") & IF(J39<>"", "_" & J39, "") & IF(K39<>"", "_" & K39, "")
B40: TheMine | D40: Ground | E40: RedToYellow | F40: =IF(G40<>"", G40&"_", "") & IF(B40<>"", B40, "") & IF(D40<>"", "_" & D40, "") & IF(E40<>"", "_" & E40, "") & IF(H40<>"", "_" & H40, "") & IF(I40<>"", "_" & I40, "") & IF(J40<>"", "_" & J40, "") & IF(K40<>"", "_" & K40, "") | G40: SM | H40: Deco | I40: 120 | K40: 11 | M40: ="World_"&VLOOKUP(B40,'引用列表'!Q:R,2,FALSE)&"_"&B40&IF(COUNTIF(D40,"*Hole*"),"/Hole","") | N40: =IF(B40<>"", B40, "") & IF(D40<>"", "_" & D40, "") & IF(E40<>"", "_" & E40, "") & IF(H40<>"", "_" & H40, "") & IF(I40<>"", "_" & I40, "") & IF(J40<>"", "_" & J40, "") & IF(K40<>"", "_" & K40, "")
B41: TheMine | D41: Ground | E41: RedToYellow | F41: =IF(G41<>"", G41&"_", "") & IF(B41<>"", B41, "") & IF(D41<>"", "_" & D41, "") & IF(E41<>"", "_" & E41, "") & IF(H41<>"", "_" & H41, "") & IF(I41<>"", "_" & I41, "") & IF(J41<>"", "_" & J41, "") & IF(K41<>"", "_" & K41, "") | G41: SM | H41: Deco | I41: 120 | K41: 12 | M41: ="World_"&VLOOKUP(B41,'引用列表'!Q:R,2,FALSE)&"_"&B41&IF(COUNTIF(D41,"*Hole*"),"/Hole","") | N41: =IF(B41<>"", B41, "") & IF(D41<>"", "_" & D41, "") & IF(E41<>"", "_" & E41, "") & IF(H41<>"", "_" & H41, "") & IF(I41<>"", "_" & I41, "") & IF(J41<>"", "_" & J41, "") & IF(K41<>"", "_" & K41, "")
... B44: TheMine | D44: Ground | E44: RedToYellow | F44: =IF(G44<>"", G44&"_", "") & IF(B44<>"", B44, "") & IF(D44<>"", "_" & D44, "") & IF(E44<>"", "_" & E44, "") & IF(H44<>"", "_" & H44, "") & IF(I44<>"", "_" & I44, "") & IF(J44<>"", "_" & J44, "") & IF(K44<>"", "_" & K44, "") | G44: SM | H44: Deco | I44: 120 | K44: 15 | M44: ="World_"&VLOOKUP(B44,'引用列表'!Q:R,2,FALSE)&"_"&B44&IF(COUNTIF(D44,"*Hole*"),"/Hole","") | N44: =IF(B44<>"", B44, "") & IF(D44<>"", "_" & D44, "") & IF(E44<>"", "_" & E44, "") & IF(H44<>"", "_" & H44, "") & IF(I44<>"", "_" & I44, "") & IF(J44<>"", "_" & J44, "") & IF(K44<>"", "_" & K44, "")
B45: TheMine | D45: Ground | E45: Yellow | F45: =IF(G45<>"", G45&"_", "") & IF(B45<>"", B45, "") & IF(D45<>"", "_" & D45, "") & IF(E45<>"", "_" & E45, "") & IF(H45<>"", "_" & H45, "") & IF(I45<>"", "_" & I45, "") & IF(J45<>"", "_" & J45, "") & IF(K45<>"", "_" & K45, "") | G45: SM | H45: C | I45: Hollow | J45: Deco | K45: 1 | M45: ="World_"&VLOOKUP(B45,'引用列表'!Q:R,2,FALSE)&"_"&B45&IF(COUNTIF(D45,"*Hole*"),"/Hole","") | N45: =IF(B45<>"", B45, "") & IF(D45<>"", "_" & D45, "") & IF(E45<>"", "_" & E45, "") & IF(H45<>"", "_" & H45, "") & IF(I45<>"", "_" & I45, "") & IF(J45<>"", "_" & J45, "") & IF(K45<>"", "_" & K45, "")
B46: TheMine | D46: Ground | E46: Yellow | F46: =IF(G46<>"", G46&"_", "") & IF(B46<>"", B46, "") & IF(D46<>"", "_" & D46, "") & IF(E46<>"", "_" & E46, "") & IF(H46<>"", "_" & H46, "") & IF(I46<>"", "_" & I46, "") & IF(J46<>"", "_" & J46, "") & IF(K46<>"", "_" & K46, "") | G46: SM | H46: C | I46: Hollow | J46: Deco | K46: 2 | M46: ="World_"&VLOOKUP(B46,'引用列表'!Q:R,2,FALSE)&"_"&B46&IF(COUNTIF(D46,"*Hole*"),"/Hole","") | N46: =IF(B46<>"", B46, "") & IF(D46<>"", "_" & D46, "") & IF(E46<>"", "_" & E46, "") & IF(H46<>"", "_" & H46, "") & IF(I46<>"", "_" & I46, "") & IF(J46<>"", "_" & J46, "") & IF(K46<>"", "_" & K46, "")
B47: TheMine | D47: Ground | E47: Yellow | F47: =IF(G47<>"", G47&"_", "") & IF(B47<>"", B47, "") & IF(D47<>"", "_" & D47, "") & IF(E47<>"", "_" & E47, "") & IF(H47<>"", "_" & H47, "") & IF(I47<>"", "_" & I47, "") & IF(J47<>"", "_" & J47, "") & IF(K47<>"", "_" & K47, "") | G47: SM | H47: C | I47: Hollow | J47: Deco | K47: 3 | M47: ="World_"&VLOOKUP(B47,'引用列表'!Q:R,2,FALSE)&"_"&B47&IF(COUNTIF(D47,"*Hole*"),"/Hole","") | N47: =IF(B47<>"", B47, "") & IF(D47<>"", "_" & D47, "") & IF(E47<>"", "_" & E47, "") & IF(H47<>"", "_" & H47, "") & IF(I47<>"", "_" & I47, "") & IF(J47<>"", "_" & J47, "") & IF(K47<>"", "_" & K47, "")
B48: TheMine | D48: Ground | E48: Yellow | F48: =IF(G48<>"", G48&"_", "") & IF(B48<>"", B48, "") & IF(D48<>"", "_" & D48, "") & IF(E48<>"", "_" & E48, "") & IF(H48<>"", "_" & H48, "") & IF(I48<>"", "_" & I48, "") & IF(J48<>"", "_" & J48, "") & IF(K48<>"", "_" & K48, "") | G48: SM | H48: C | I48: Hollow | J48: Deco | K48: 4 | M48: ="World_"&VLOOKUP(B48,'引用列表'!Q:R,2,FALSE)&"_"&B48&IF(COUNTIF(D48,"*Hole*"),"/Hole","") | N48: =IF(B48<>"", B48, "") & IF(D48<>"", "_" & D48, "") & IF(E48<>"", "_" & E48, "") & IF(H48<>"", "_" & H48, "") & IF(I48<>"", "_" & I48, "") & IF(J48<>"", "_" & J48, "") & IF(K48<>"", "_" & K48, "")
B49: TheMine | D49: Ground | E49: Yellow | F49: =IF(G49<>"", G49&"_", "") & IF(B49<>"", B49, "") & IF(D49<>"", "_" & D49, "") & IF(E49<>"", "_" & E49, "") & IF(H49<>"", "_" & H49, "") & IF(I49<>"", "_" & I49, "") & IF(J49<>"", "_" & J49, "") & IF(K49<>"", "_" & K49, "") | G49: SM | H49: C | I49: Hollow | J49: Deco | K49: 5 | M49: ="World_"&VLOOKUP(B49,'引用列表'!Q:R,2,FALSE)&"_"&B49&IF(COUNTIF(D49,"*Hole*"),"/Hole","") | N49: =IF(B49<>"", B49, "") & IF(D49<>"", "_" & D49, "") & IF(E49<>"", "_" & E49, "") & IF(H49<>"", "_" & H49, "") & IF(I49<>"", "_" & I49, "") & IF(J49<>"", "_" & J49, "") & IF(K49<>"", "_" & K49, "")
B50: TheMine | D50: Ground | E50: Yellow | F50: =IF(G50<>"", G50&"_", "") & IF(B50<>"", B50, "") & IF(D50<>"", "_" & D50, "") & IF(E50<>"", "_" & E50, "") & IF(H50<>"", "_" & H50, "") & IF(I50<>"", "_" & I50, "") & IF(J50<>"", "_" & J50, "") & IF(K50<>"", "_" & K50, "") | G50: SM | H50: C | I50: Hollow | J50: Deco | K50: 6 | M50: ="World_"&VLOOKUP(B50,'引用列表'!Q:R,2,FALSE)&"_"&B50&IF(COUNTIF(D50,"*Hole*"),"/Hole","") | N50: =IF(B50<>"", B50, "") & IF(D50<>"", "_" & D50, "") & IF(E50<>"", "_" & E50, "") & IF(H50<>"", "_" & H50, "") & IF(I50<>"", "_" & I50, "") & IF(J50<>"", "_" & J50, "") & IF(K50<>"", "_" & K50, "")
B51: TheMine | D51: Ground | E51: Yellow | F51: =IF(G51<>"", G51&"_", "") & IF(B51<>"", B51, "") & IF(D51<>"", "_" & D51, "") & IF(E51<>"", "_" & E51, "") & IF(H51<>"", "_" & H51, "") & IF(I51<>"", "_" & I51, "") & IF(J51<>"", "_" & J51, "") & IF(K51<>"", "_" & K51, "") | G51: SM | H51: C | I51: Hollow | J51: Deco | K51: 7 | M51: ="World_"&VLOOKUP(B51,'引用列表'!Q:R,2,FALSE)&"_"&B51&IF(COUNTIF(D51,"*Hole*"),"/Hole","") | N51: =IF(B51<>"", B51, "") & IF(D51<>"", "_" & D51, "") & IF(E51<>"", "_" & E51, "") & IF(H51<>"", "_" & H51, "") & IF(I51<>"", "_" & I51, "") & IF(J51<>"", "_" & J51, "") & IF(K51<>"", "_" & K51, "")
B52: TheMine | D52: Ground | E52: Yellow | F52: =IF(G52<>"", G52&"_", "") & IF(B52<>"", B52, "") & IF(D52<>"", "_" & D52, "") & IF(E52<>"", "_" & E52, "") & IF(H52<>"", "_" & H52, "") & IF(I52<>"", "_" & I52, "") & IF(J52<>"", "_" & J52, "") & IF(K52<>"", "_" & K52, "") | G52: SM | H52: C | I52: Hollow | J52: Deco | K52: 8 | M52: ="World_"&VLOOKUP(B52,'引用列表'!Q:R,2,FALSE)&"_"&B52&IF(COUNTIF(D52,"*Hole*"),"/Hole","") | N52: =IF(B52<>"", B52, "") & IF(D52<>"", "_" & D52, "") & IF(E52<>"", "_" & E52, "") & IF(H52<>"", "_" & H52, "") & IF(I52<>"", "_" & I52, "") & IF(J52<>"", "_" & J52, "") & IF(K52<>"", "_" & K52, "")
B53: TheMine | D53: Ground | E53: Yellow | F53: =IF(G53<>"", G53&"_", "") & IF(B53<>"", B53, "") & IF(D53<>"", "_" & D53, "") & IF(E53<>"", "_" & E53, "") & IF(H53<>"", "_" & H53, "") & IF(I53<>"", "_" & I53, "") & IF(J53<>"", "_" & J53, "") & IF(K53<>"", "_" & K53, "") | G53: SM | H53: C | I53: Hollow | J53: Deco | K53: 9 | M53: ="World_"&VLOOKUP(B53,'引用列表'!Q:R,2,FALSE)&"_"&B53&IF(COUNTIF(D53,"*Hole*"),"/Hole","") | N53: =IF(B53<>"", B53, "") & IF(D53<>"", "_" & D53, "") & IF(E53<>"", "_" & E53, "") & IF(H53<>"", "_" & H53, "") & IF(I53<>"", "_" & I53, "") & IF(J53<>"", "_" & J53, "") & IF(K53<>"", "_" & K53, "")
B54: TheMine | D54: Ground | E54: Yellow | F54: =IF(G54<>"", G54&"_", "") & IF(B54<>"", B54, "") & IF(D54<>"", "_" & D54, "") & IF(E54<>"", "_" & E54, "") & IF(H54<>"", "_" & H54, "") & IF(I54<>"", "_" & I54, "") & IF(J54<>"", "_" & J54, "") & IF(K54<>"", "_" & K54, "") | G54: SM | H54: C | I54: Hollow | J54: Deco | K54: 10 | M54: ="World_"&VLOOKUP(B54,'引用列表'!Q:R,2,FALSE)&"_"&B54&IF(COUNTIF(D54,"*Hole*"),"/Hole","") | N54: =IF(B54<>"", B54, "") & IF(D54<>"", "_" & D54, "") & IF(E54<>"", "_" & E54, "") & IF(H54<>"", "_" & H54, "") & IF(I54<>"", "_" & I54, "") & IF(J54<>"", "_" & J54, "") & IF(K54<>"", "_" & K54, "")
B57: TheCity | D57: Ground | E57: Sidewalk | F57: =IF(G57<>"", G57&"_", "") & IF(B57<>"", B57, "") & IF(D57<>"", "_" & D57, "") & IF(E57<>"", "_" & E57, "") & IF(H57<>"", "_" & H57, "") & IF(I57<>"", "_" & I57, "") & IF(J57<>"", "_" & J57, "") & IF(K57<>"", "_" & K57, "") | G57: SM | H57: C | I57: Hollow | J57: Alt | K57: 1 | M57: ="World_"&VLOOKUP(B57,'引用列表'!Q:R,2,FALSE)&"_"&B57&IF(COUNTIF(D57,"*Hole*"),"/Hole","") | N57: =IF(B57<>"", B57, "") & IF(D57<>"", "_" & D57, "") & IF(E57<>"", "_" & E57, "") & IF(H57<>"", "_" & H57, "") & IF(I57<>"", "_" & I57, "") & IF(J57<>"", "_" & J57, "") & IF(K57<>"", "_" & K57, "") | O57: =IF(Z57="✅", "/Script/Engine.StaticMesh'/Game/Item/Mesh/Voxel/" & M57 & "/" & D57 & "/" & F57 & "." & F57 & "'", "") | Z57: ⭕ | AA57: =IF(G57<>"", "MI"&"_", "") & IF(B57<>"", B57, "") & IF(D57<>"", "_" & D57, "") & IF(E57<>"", "_" & E57, "") & IF(H57<>"", "_" & H57, "") & IF(I57<>"", "_" & I57, "") & IF(J57<>"", "_" & J57, "") & IF(K57<>"", "_" & K57, "")
B58: TheCity | D58: Ground | E58: Sidewalk | F58: =IF(G58<>"", G58&"_", "") & IF(B58<>"", B58, "") & IF(D58<>"", "_" & D58, "") & IF(E58<>"", "_" & E58, "") & IF(H58<>"", "_" & H58, "") & IF(I58<>"", "_" & I58, "") & IF(J58<>"", "_" & J58, "") & IF(K58<>"", "_" & K58, "") | G58: SM | H58: T | I58: Single | J58: Alt | K58: 1 | M58: ="World_"&VLOOKUP(B58,'引用列表'!Q:R,2,FALSE)&"_"&B58&IF(COUNTIF(D58,"*Hole*"),"/Hole","") | N58: =IF(B58<>"", B58, "") & IF(D58<>"", "_" & D58, "") & IF(E58<>"", "_" & E58, "") & IF(H58<>"", "_" & H58, "") & IF(I58<>"", "_" & I58, "") & IF(J58<>"", "_" & J58, "") & IF(K58<>"", "_" & K58, "") | O58: =IF(Z58="✅", "/Script/Engine.StaticMesh'/Game/Item/Mesh/Voxel/" & M58 & "/" & D58 & "/" & F58 & "." & F58 & "'", "") | Z58: ⭕ | AA58: =IF(G58<>"", "MI"&"_", "") & IF(B58<>"", B58, "") & IF(D58<>"", "_" & D58, "") & IF(E58<>"", "_" & E58, "") & IF(H58<>"", "_" & H58, "") & IF(I58<>"", "_" & I58, "") & IF(J58<>"", "_" & J58, "") & IF(K58<>"", "_" & K58, "")
B59: TheCity | D59: Ground | E59: Sidewalk | F59: =IF(G59<>"", G59&"_", "") & IF(B59<>"", B59, "") & IF(D59<>"", "_" & D59, "") & IF(E59<>"", "_" & E59, "") & IF(H59<>"", "_" & H59, "") & IF(I59<>"", "_" & I59, "") & IF(J59<>"", "_" & J59, "") & IF(K59<>"", "_" & K59, "") | G59: SM | H59: R | I59: Single | J59: Alt | K59: 1 | M59: ="World_"&VLOOKUP(B59,'引用列表'!Q:R,2,FALSE)&"_"&B59&IF(COUNTIF(D59,"*Hole*"),"/Hole","") | N59: =IF(B59<>"", B59, "") & IF(D59<>"", "_" & D59, "") & IF(E59<>"", "_" & E59, "") & IF(H59<>"", "_" & H59, "") & IF(I59<>"", "_" & I59, "") & IF(J59<>"", "_" & J59, "") & IF(K59<>"", "_" & K59, "") | O59: =IF(Z59="✅", "/Script/Engine.StaticMesh'/Game/Item/Mesh/Voxel/" & M59 & "/" & D59 & "/" & F59 & "." & F59 & "'", "") | Z59: ⭕ | AA59: =IF(G59<>"", "MI"&"_", "") & IF(B59<>"", B59, "") & IF(D59<>"", "_" & D59, "") & IF(E59<>"", "_" & E59, "") & IF(H59<>"", "_" & H59, "") & IF(I59<>"", "_" & I59, "") & IF(J59<>"", "_" & J59, "") & IF(K59<>"", "_" & K59, "")
B60: TheCity | D60: Ground | E60: Sidewalk | F60: =IF(G60<>"", G60&"_", "") & IF(B60<>"", B60, "") & IF(D60<>"", "_" & D60, "") & IF(E60<>"", "_" & E60, "") & IF(H60<>"", "_" & H60, "") & IF(I60<>"", "_" & I60, "") & IF(J60<>"", "_" & J60, "") & IF(K60<>"", "_" & K60, "") | G60: SM | H60: TR | I60: Corner | J60: Alt | K60: 1 | M60: ="World_"&VLOOKUP(B60,'引用列表'!Q:R,2,FALSE)&"_"&B60&IF(COUNTIF(D60,"*Hole*"),"/Hole","") | N60: =IF(B60<>"", B60, "") & IF(D60<>"", "_" & D60, "") & IF(E60<>"", "_" & E60, "") & IF(H60<>"", "_" & H60, "") & IF(I60<>"", "_" & I60, "") & IF(J60<>"", "_" & J60, "") & IF(K60<>"", "_" & K60, "") | O60: =IF(Z60="✅", "/Script/Engine.StaticMesh'/Game/Item/Mesh/Voxel/" & M60 & "/" & D60 & "/" & F60 & "." & F60 & "'", "") | Z60: ⭕ | AA60: =IF(G60<>"", "MI"&"_", "") & IF(B60<>"", B60, "") & IF(D60<>"", "_" & D60, "") & IF(E60<>"", "_" & E60, "") & IF(H60<>"", "_" & H60, "") & IF(I60<>"", "_" & I60, "") & IF(J60<>"", "_" & J60, "") & IF(K60<>"", "_" & K60, "")
B61: TheCity | D61: Ground | E61: Sidewalk | F61: =IF(G61<>"", G61&"_", "") & IF(B61<>"", B61, "") & IF(D61<>"", "_" & D61, "") & IF(E61<>"", "_" & E61, "") & IF(H61<>"", "_" & H61, "") & IF(I61<>"", "_" & I61, "") & IF(J61<>"", "_" & J61, "") & IF(K61<>"", "_" & K61, "") | G61: SM | H61: C | I61: Hollow | K61: 1 | M61: ="World_"&VLOOKUP(B61,'引用列表'!Q:R,2,FALSE)&"_"&B61&IF(COUNTIF(D61,"*Hole*"),"/Hole","") | N61: =IF(B61<>"", B61, "") & IF(D61<>"", "_" & D61, "") & IF(E61<>"", "_" & E61, "") & IF(H61<>"", "_" & H61, "") & IF(I61<>"", "_" & I61, "") & IF(J61<>"", "_" & J61, "") & IF(K61<>"", "_" & K61, "") | O61: =IF(Z61="✅", "/Script/Engine.StaticMesh'/Game/Item/Mesh/Voxel/" & M61 & "/" & D61 & "/" & F61 & "." & F61 & "'", "") | Z61: ⭕ | AA61: =IF(G61<>"", "MI"&"_", "") & IF(B61<>"", B61, "") & IF(D61<>"", "_" & D61, "") & IF(E61<>"", "_" & E61, "") & IF(H61<>"", "_" & H61, "") & IF(I61<>"", "_" & I61, "") & IF(J61<>"", "_" & J61, "") & IF(K61<>"", "_" & K61, "")
B62: TheCity | D62: Ground | E62: Sidewalk | F62: =IF(G62<>"", G62&"_", "") & IF(B62<>"", B62, "") & IF(D62<>"", "_" & D62, "") & IF(E62<>"", "_" & E62, "") & IF(H62<>"", "_" & H62, "") & IF(I62<>"", "_" & I62, "") & IF(J62<>"", "_" & J62, "") & IF(K62<>"", "_" & K62, "") | G62: SM | H62: T | I62: Single | K62: 1 | M62: ="World_"&VLOOKUP(B62,'引用列表'!Q:R,2,FALSE)&"_"&B62&IF(COUNTIF(D62,"*Hole*"),"/Hole","") | N62: =IF(B62<>"", B62, "") & IF(D62<>"", "_" & D62, "") & IF(E62<>"", "_" & E62, "") & IF(H62<>"", "_" & H62, "") & IF(I62<>"", "_" & I62, "") & IF(J62<>"", "_" & J62, "") & IF(K62<>"", "_" & K62, "") | O62: =IF(Z62="✅", "/Script/Engine.StaticMesh'/Game/Item/Mesh/Voxel/" & M62 & "/" & D62 & "/" & F62 & "." & F62 & "'", "") | Z62: ⭕ | AA62: =IF(G62<>"", "MI"&"_", "") & IF(B62<>"", B62, "") & IF(D62<>"", "_" & D62, "") & IF(E62<>"", "_" & E62, "") & IF(H62<>"", "_" & H62, "") & IF(I62<>"", "_" & I62, "") & IF(J62<>"", "_" & J62, "") & IF(K62<>"", "_" & K62, "")
B63: TheCity | D63: Ground | E63: Sidewalk | F63: =IF(G63<>"", G63&"_", "") & IF(B63<>"", B63, "") & IF(D63<>"", "_" & D63, "") & IF(E63<>"", "_" & E63, "") & IF(H63<>"", "_" & H63, "") & IF(I63<>"", "_" & I63, "") & IF(J63<>"", "_" & J63, "") & IF(K63<>"", "_" & K63, "") | G63: SM | H63: R | I63: Single | K63: 1 | M63: ="World_"&VLOOKUP(B63,'引用列表'!Q:R,2,FALSE)&"_"&B63&IF(COUNTIF(D63,"*Hole*"),"/Hole","") | N63: =IF(B63<>"", B63, "") & IF(D63<>"", "_" & D63, "") & IF(E63<>"", "_" & E63, "") & IF(H63<>"", "_" & H63, "") & IF(I63<>"", "_" & I63, "") & IF(J63<>"", "_" & J63, "") & IF(K63<>"", "_" & K63, "") | O63: =IF(Z63="✅", "/Script/Engine.StaticMesh'/Game/Item/Mesh/Voxel/" & M63 & "/" & D63 & "/" & F63 & "." & F63 & "'", "") | Z63: ⭕ | AA63: =IF(G63<>"", "MI"&"_", "") & IF(B63<>"", B63, "") & IF(D63<>"", "_" & D63, "") & IF(E63<>"", "_" & E63, "") & IF(H63<>"", "_" & H63, "") & IF(I63<>"", "_" & I63, "") & IF(J63<>"", "_" & J63, "") & IF(K63<>"", "_" & K63, "")
B64: TheCity | D64: Ground | E64: Sidewalk | F64: =IF(G64<>"", G64&"_", "") & IF(B64<>"", B64, "") & IF(D64<>"", "_" & D64, "") & IF(E64<>"", "_" & E64, "") & IF(H64<>"", "_" & H64, "") & IF(I64<>"", "_" & I64, "") & IF(J64<>"", "_" & J64, "") & IF(K64<>"", "_" & K64, "") | G64: SM | H64: TR | I64: Corner | K64: 1 | M64: ="World_"&VLOOKUP(B64,'引用列表'!Q:R,2,FALSE)&"_"&B64&IF(COUNTIF(D64,"*Hole*"),"/Hole","") | N64: =IF(B64<>"", B64, "") & IF(D64<>"", "_" & D64, "") & IF(E64<>"", "_" & E64, "") & IF(H64<>"", "_" & H64, "") & IF(I64<>"", "_" & I64, "") & IF(J64<>"", "_" & J64, "") & IF(K64<>"", "_" & K64, "") | O64: =IF(Z64="✅", "/Script/Engine.StaticMesh'/Game/Item/Mesh/Voxel/" & M64 & "/" & D64 & "/" & F64 & "." & F64 & "'", "") | Z64: ⭕ | AA64: =IF(G64<>"", "MI"&"_", "") & IF(B64<>"", B64, "") & IF(D64<>"", "_" & D64, "") & IF(E64<>"", "_" & E64, "") & IF(H64<>"", "_" & H64, "") & IF(I64<>"", "_" & I64, "") & IF(J64<>"", "_" & J64, "") & IF(K64<>"", "_" & K64, "")
B65: TheCity | D65: Ground | E65: Sidewalk | F65: =IF(G65<>"", G65&"_", "") & IF(B65<>"", B65, "") & IF(D65<>"", "_" & D65, "") & IF(E65<>"", "_" & E65, "") & IF(H65<>"", "_" & H65, "") & IF(I65<>"", "_" & I65, "") & IF(J65<>"", "_" & J65, "") & IF(K65<>"", "_" & K65, "") | G65: SM | H65: T | I65: Single | J65: DecoA | K65: 1 | M65: ="World_"&VLOOKUP(B65,'引用列表'!Q:R,2,FALSE)&"_"&B65&IF(COUNTIF(D65,"*Hole*"),"/Hole","") | N65: =IF(B65<>"", B65, "") & IF(D65<>"", "_" & D65, "") & IF(E65<>"", "_" & E65, "") & IF(H65<>"", "_" & H65, "") & IF(I65<>"", "_" & I65, "") & IF(J65<>"", "_" & J65, "") & IF(K65<>"", "_" & K65, "") | O65: =IF(Z65="✅", "/Script/Engine.StaticMesh'/Game/Item/Mesh/Voxel/" & M65 & "/" & D65 & "/" & F65 & "." & F65 & "'", "") | Z65: ⭕ | AA65: =IF(G65<>"", "MI"&"_", "") & IF(B65<>"", B65, "") & IF(D65<>"", "_" & D65, "") & IF(E65<>"", "_" & E65, "") & IF(H65<>"", "_" & H65, "") & IF(I65<>"", "_" & I65, "") & IF(J65<>"", "_" & J65, "") & IF(K65<>"", "_" & K65, "")
B66: TheCity | D66: Ground | E66: Sidewalk | F66: =IF(G66<>"", G66&"_", "") & IF(B66<>"", B66, "") & IF(D66<>"", "_" & D66, "") & IF(E66<>"", "_" & E66, "") & IF(H66<>"", "_" & H66, "") & IF(I66<>"", "_" & I66, "") & IF(J66<>"", "_" & J66, "") & IF(K66<>"", "_" & K66, "") | G66: SM | H66: C | I66: Hollow | J66: DecoA | K66: 1 | M66: ="World_"&VLOOKUP(B66,'引用列表'!Q:R,2,FALSE)&"_"&B66&IF(COUNTIF(D66,"*Hole*"),"/Hole","") | N66: =IF(B66<>"", B66, "") & IF(D66<>"", "_" & D66, "") & IF(E66<>"", "_" & E66, "") & IF(H66<>"", "_" & H66, "") & IF(I66<>"", "_" & I66, "") & IF(J66<>"", "_" & J66, "") & IF(K66<>"", "_" & K66, "") | O66: =IF(Z66="✅", "/Script/Engine.StaticMesh'/Game/Item/Mesh/Voxel/" & M66 & "/" & D66 & "/" & F66 & "." & F66 & "'", "") | Z66: ⭕ | AA66: =IF(G66<>"", "MI"&"_", "") & IF(B66<>"", B66, "") & IF(D66<>"", "_" & D66, "") & IF(E66<>"", "_" & E66, "") & IF(H66<>"", "_" & H66, "") & IF(I66<>"", "_" & I66, "") & IF(J66<>"", "_" & J66, "") & IF(K66<>"", "_" & K66, "")
B67: TheCity | D67: Ground | E67: Sidewalk | F67: =IF(G67<>"", G67&"_", "") & IF(B67<>"", B67, "") & IF(D67<>"", "_" & D67, "") & IF(E67<>"", "_" & E67, "") & IF(H67<>"", "_" & H67, "") & IF(I67<>"", "_" & I67, "") & IF(J67<>"", "_" & J67, "") & IF(K67<>"", "_" & K67, "") | G67: SM | H67: C | I67: Hollow | J67: DecoA | K67: 2 | M67: ="World_"&VLOOKUP(B67,'引用列表'!Q:R,2,FALSE)&"_"&B67&IF(COUNTIF(D67,"*Hole*"),"/Hole","") | N67: =IF(B67<>"", B67, "") & IF(D67<>"", "_" & D67, "") & IF(E67<>"", "_" & E67, "") & IF(H67<>"", "_" & H67, "") & IF(I67<>"", "_" & I67, "") & IF(J67<>"", "_" & J67, "") & IF(K67<>"", "_" & K67, "") | O67: =IF(Z67="✅", "/Script/Engine.StaticMesh'/Game/Item/Mesh/Voxel/" & M67 & "/" & D67 & "/" & F67 & "." & F67 & "'", "") | Z67: ⭕ | AA67: =IF(G67<>"", "MI"&"_", "") & IF(B67<>"", B67, "") & IF(D67<>"", "_" & D67, "") & IF(E67<>"", "_" & E67, "") & IF(H67<>"", "_" & H67, "") & IF(I67<>"", "_" & I67, "") & IF(J67<>"", "_" & J67, "") & IF(K67<>"", "_" & K67, "")
