Workbook

Sheet 引用数据库
A1: Party | B1: 阵营 | C1: 模型资产命名 | D1: 模型资产描述 | E1: 模型注释A命名 | F1: 模型注释A描述 | G1: 模型注释B命名 | H1: 模型注释B描述
A2: Generic | B2: 通用 | C2: Wall | D2: 墙壁 | E2: Single | F2: 单体 | G2: Side | H2: 侧边
A3: Prototype | B3: 白模 | C3: Window | D3: 带窗墙壁 | E3: Small | F3: 小型 | G3: Center | H3: 中央
A4: Monument | B4: 纪念碑 | C4: Floor | D4: 地板 | E4: Mid | F4: 中型 | G4: HalfThick | H4: 半厚
A5: WildWatch | B5: 野望 | C5: Door | D5: 门 | E5: Big | F5: 大型 | G5: Left | H5: 左侧
A6: Labor | B6: 劳旅 | C6: DoorFrame | D6: 门框 | E6: Large | F6: 巨型 | G6: Right | H6: 右侧
A7: SynPu | B7: 新浦会 | C7: DoorWall | D7: 带门洞墙壁 | E7: Square | F7: 矩形 | G7: SingleFace | H7: 单面
A8: LockHeader | B8: 洛克海德 | C8: Arch | D8: 拱门 | E8: Triangle | F8: 三角形 | G8: DoubleFace | H8: 双面
B9: 寰宇 | C9: Deco | D9: 装饰 | E9: LevelControl | F9: 关卡切换 | G9: InDoor | H9: 室内
B10: 东海工业 | C10: Block | D10: 障碍 | E10: Escape | F10: 逃生 | G10: OutDoor | H10: 室外
B11: 耶利哥 | C11: Lift | D11: 电梯 | E11: Normal | F11: 普通 | G11: BulletProof | H11: 不可破坏
B12: 律动智能 | C12: Balcony | D12: 阳台 | E12: AmmoVEM | F12: 子弹
B13: 致远生物 | C13: Reward | D13: 奖励 | E13: WeaponPrinter | F13: 武器
C14: SectionGate | D14: 区域门 | E14: Low | F14: 矮
C15: Pillar | D15: 支柱 | E15: High | F15: 高
E16: SuperHigh | F16: 超高
E17: Diagonal | F17: 斜对角
E18: Center | F18: 中央
E19: Side | F19: 侧面
E20: Corner | F20: 角落
E21: Long | F21: 长条

Sheet 模型资产表
E1: 蓝图 | F1: 模型 | G1: 材质命名 | H1: 贴图命名 | I1: 阵营 | J1: 对象类型 | K1: 注释 A | L1: 注释 B | M1: 注释 C | N1: 注释 D | O1: 序号 E | P1: UE-X | Q1: UE-X | R1: UE-Z | S1: BP | T1: SM | U1: 原点位置
A2: Labor | E2: =IF(I2="","", "BP_" & I2 & IF(J2<>"", "_" & J2, "") & IF(K2<>"", "_" & K2, "") & IF(L2<>"", "_" & L2, "") & IF(M2<>"", "_" & M2, "") & IF(P2<>"", "_X" & P2, "") & IF(Q2<>"", "_Y" & Q2, "") & IF(R2<>"", "_Z" & R2, "") & IF(N2<>"", "_" & N2, "") & IF(O2<>"", "_" & O2, "")) | F2: =IF(I2="","", "SM_" & I2 & IF(J2<>"", "_" & J2, "") & IF(K2<>"", "_" & K2, "") & IF(L2<>"", "_" & L2, "") & IF(M2<>"", "_" & M2, "") & IF(P2<>"", "_X" & P2, "") & IF(Q2<>"", "_Y" & Q2, "") & IF(R2<>"", "_Z" & R2, "") & IF(N2<>"", "_" & N2, "") & IF(O2<>"", "_" & O2, ""))
B3: Interactable
C4: Balcony
C5: Door
E6: =IF(I6="","", "BP_" & I6 & IF(J6<>"", "_" & J6, "") & IF(K6<>"", "_" & K6, "") & IF(L6<>"", "_" & L6, "") & IF(M6<>"", "_" & M6, "") & IF(P6<>"", "_X" & P6, "") & IF(Q6<>"", "_Y" & Q6, "") & IF(R6<>"", "_Z" & R6, "") & IF(N6<>"", "_" & N6, "") & IF(O6<>"", "_" & O6, "")) | I6: Labor | J6: Door | O6: 001 | P6: 110 | Q6: 35 | R6: 250
F7: =IF(I7="","", "SM_" & I7 & IF(J7<>"", "_" & J7, "") & IF(K7<>"", "_" & K7, "") & IF(L7<>"", "_" & L7, "") & IF(M7<>"", "_" & M7, "") & IF(P7<>"", "_X" & P7, "") & IF(Q7<>"", "_Y" & Q7, "") & IF(R7<>"", "_Z" & R7, "") & IF(N7<>"", "_" & N7, "") & IF(O7<>"", "_" & O7, "")) | I7: Labor | J7: Door | L7: Single | O7: 001 | P7: 110 | Q7: 35 | R7: 250 | S7: DONE | T7: DONE
F8: =IF(I8="","", "SM_" & I8 & IF(J8<>"", "_" & J8, "") & IF(K8<>"", "_" & K8, "") & IF(L8<>"", "_" & L8, "") & IF(M8<>"", "_" & M8, "") & IF(P8<>"", "_X" & P8, "") & IF(Q8<>"", "_Y" & Q8, "") & IF(R8<>"", "_Z" & R8, "") & IF(N8<>"", "_" & N8, "") & IF(O8<>"", "_" & O8, "")) | I8: Labor | J8: DoorFrame | O8: 001 | P8: 110 | Q8: 50 | R8: 250 | S8: DONE | T8: DONE
E9: =IF(I9="","", "BP_" & I9 & IF(J9<>"", "_" & J9, "") & IF(K9<>"", "_" & K9, "") & IF(L9<>"", "_" & L9, "") & IF(M9<>"", "_" & M9, "") & IF(P9<>"", "_X" & P9, "") & IF(Q9<>"", "_Y" & Q9, "") & IF(R9<>"", "_Z" & R9, "") & IF(N9<>"", "_" & N9, "") & IF(O9<>"", "_" & O9, "")) | I9: Labor | J9: Door | K9: Lift | O9: 001 | P9: 150 | Q9: 30 | R9: 250
F10: =IF(I10="","", "SM_" & I10 & IF(J10<>"", "_" & J10, "") & IF(K10<>"", "_" & K10, "") & IF(L10<>"", "_" & L10, "") & IF(M10<>"", "_" & M10, "") & IF(P10<>"", "_X" & P10, "") & IF(Q10<>"", "_Y" & Q10, "") & IF(R10<>"", "_Z" & R10, "") & IF(N10<>"", "_" & N10, "") & IF(O10<>"", "_" & O10, "")) | I10: Labor | J10: DoorFrame | K10: Lift | O10: 001 | P10: 150 | Q10: 50 | R10: 250 | S10: DONE | T10: DONE
F11: =IF(I11="","", "SM_" & I11 & IF(J11<>"", "_" & J11, "") & IF(K11<>"", "_" & K11, "") & IF(L11<>"", "_" & L11, "") & IF(M11<>"", "_" & M11, "") & IF(P11<>"", "_X" & P11, "") & IF(Q11<>"", "_Y" & Q11, "") & IF(R11<>"", "_Z" & R11, "") & IF(N11<>"", "_" & N11, "") & IF(O11<>"", "_" & O11, "")) | I11: Labor | J11: Door | K11: Lift | L11: Left | O11: 001 | P11: 150 | Q11: 30 | R11: 250 | S11: DONE | T11: DONE
F12: =IF(I12="","", "SM_" & I12 & IF(J12<>"", "_" & J12, "") & IF(K12<>"", "_" & K12, "") & IF(L12<>"", "_" & L12, "") & IF(M12<>"", "_" & M12, "") & IF(P12<>"", "_X" & P12, "") & IF(Q12<>"", "_Y" & Q12, "") & IF(R12<>"", "_Z" & R12, "") & IF(N12<>"", "_" & N12, "") & IF(O12<>"", "_" & O12, "")) | I12: Labor | J12: Door | K12: Lift | L12: Right | O12: 001 | P12: 150 | Q12: 30 | R12: 250 | S12: DONE | T12: DONE
E13: =IF(I13="","", "BP_" & I13 & IF(J13<>"", "_" & J13, "") & IF(K13<>"", "_" & K13, "") & IF(L13<>"", "_" & L13, "") & IF(M13<>"", "_" & M13, "") & IF(P13<>"", "_X" & P13, "") & IF(Q13<>"", "_Y" & Q13, "") & IF(R13<>"", "_Z" & R13, "") & IF(N13<>"", "_" & N13, "") & IF(O13<>"", "_" & O13, "")) | I13: Labor | J13: Door | K13: Section | O13: 001 | P13: 150 | Q13: 30 | R13: 250
F14: =IF(I14="","", "SM_" & I14 & IF(J14<>"", "_" & J14, "") & IF(K14<>"", "_" & K14, "") & IF(L14<>"", "_" & L14, "") & IF(M14<>"", "_" & M14, "") & IF(P14<>"", "_X" & P14, "") & IF(Q14<>"", "_Y" & Q14, "") & IF(R14<>"", "_Z" & R14, "") & IF(N14<>"", "_" & N14, "") & IF(O14<>"", "_" & O14, "")) | I14: Labor | J14: DoorFrame | K14: Section | O14: 001 | P14: 150 | Q14: 50 | R14: 250 | S14: DONE | T14: DONE
F15: =IF(I15="","", "SM_" & I15 & IF(J15<>"", "_" & J15, "") & IF(K15<>"", "_" & K15, "") & IF(L15<>"", "_" & L15, "") & IF(M15<>"", "_" & M15, "") & IF(P15<>"", "_X" & P15, "") & IF(Q15<>"", "_Y" & Q15, "") & IF(R15<>"", "_Z" & R15, "") & IF(N15<>"", "_" & N15, "") & IF(O15<>"", "_" & O15, "")) | I15: Labor | J15: DoorFrame | K15: SectionSaddle | O15: 001 | P15: 150 | Q15: 50 | R15: 250 | S15: DONE | T15: DONE
F16: =IF(I16="","", "SM_" & I16 & IF(J16<>"", "_" & J16, "") & IF(K16<>"", "_" & K16, "") & IF(L16<>"", "_" & L16, "") & IF(M16<>"", "_" & M16, "") & IF(P16<>"", "_X" & P16, "") & IF(Q16<>"", "_Y" & Q16, "") & IF(R16<>"", "_Z" & R16, "") & IF(N16<>"", "_" & N16, "") & IF(O16<>"", "_" & O16, "")) | I16: Labor | J16: Door | K16: Section | L16: Up | O16: 001 | P16: 150 | Q16: 30 | R16: 250 | S16: DONE | T16: DONE
F17: =IF(I17="","", "SM_" & I17 & IF(J17<>"", "_" & J17, "") & IF(K17<>"", "_" & K17, "") & IF(L17<>"", "_" & L17, "") & IF(M17<>"", "_" & M17, "") & IF(P17<>"", "_X" & P17, "") & IF(Q17<>"", "_Y" & Q17, "") & IF(R17<>"", "_Z" & R17, "") & IF(N17<>"", "_" & N17, "") & IF(O17<>"", "_" & O17, "")) | I17: Labor | J17: Door | K17: Section | L17: Down | O17: 001 | P17: 150 | Q17: 30 | R17: 250 | S17: DONE | T17: DONE
E18: =IF(I18="","", "BP_" & I18 & IF(J18<>"", "_" & J18, "") & IF(K18<>"", "_" & K18, "") & IF(L18<>"", "_" & L18, "") & IF(M18<>"", "_" & M18, "") & IF(P18<>"", "_X" & P18, "") & IF(Q18<>"", "_Y" & Q18, "") & IF(R18<>"", "_Z" & R18, "") & IF(N18<>"", "_" & N18, "") & IF(O18<>"", "_" & O18, "")) | I18: Labor | J18: Door | O18: 001 | P18: 200 | Q18: 35 | R18: 250
F19: =IF(I19="","", "SM_" & I19 & IF(J19<>"", "_" & J19, "") & IF(K19<>"", "_" & K19, "") & IF(L19<>"", "_" & L19, "") & IF(M19<>"", "_" & M19, "") & IF(P19<>"", "_X" & P19, "") & IF(Q19<>"", "_Y" & Q19, "") & IF(R19<>"", "_Z" & R19, "") & IF(N19<>"", "_" & N19, "") & IF(O19<>"", "_" & O19, "")) | I19: Labor | J19: DoorFrame | O19: 001 | P19: 200 | Q19: 50 | R19: 250 | S19: DONE | T19: DONE
F20: =IF(I20="","", "SM_" & I20 & IF(J20<>"", "_" & J20, "") & IF(K20<>"", "_" & K20, "") & IF(L20<>"", "_" & L20, "") & IF(M20<>"", "_" & M20, "") & IF(P20<>"", "_X" & P20, "") & IF(Q20<>"", "_Y" & Q20, "") & IF(R20<>"", "_Z" & R20, "") & IF(N20<>"", "_" & N20, "") & IF(O20<>"", "_" & O20, "")) | I20: Labor | J20: Door | L20: Left | O20: 001 | P20: 200 | Q20: 35 | R20: 250 | S20: DONE | T20: DONE
F21: =IF(I21="","", "SM_" & I21 & IF(J21<>"", "_" & J21, "") & IF(K21<>"", "_" & K21, "") & IF(L21<>"", "_" & L21, "") & IF(M21<>"", "_" & M21, "") & IF(P21<>"", "_X" & P21, "") & IF(Q21<>"", "_Y" & Q21, "") & IF(R21<>"", "_Z" & R21, "") & IF(N21<>"", "_" & N21, "") & IF(O21<>"", "_" & O21, "")) | I21: Labor | J21: Door | L21: Right | O21: 001 | P21: 200 | Q21: 35 | R21: 250 | S21: DONE | T21: DONE
E22: =IF(I22="","", "BP_" & I22 & IF(J22<>"", "_" & J22, "") & IF(K22<>"", "_" & K22, "") & IF(L22<>"", "_" & L22, "") & IF(M22<>"", "_" & M22, "") & IF(P22<>"", "_X" & P22, "") & IF(Q22<>"", "_Y" & Q22, "") & IF(R22<>"", "_Z" & R22, "") & IF(N22<>"", "_" & N22, "") & IF(O22<>"", "_" & O22, "")) | I22: Labor | J22: Door | O22: 001 | P22: 300 | Q22: 35 | R22: 250
F23: =IF(I23="","", "SM_" & I23 & IF(J23<>"", "_" & J23, "") & IF(K23<>"", "_" & K23, "") & IF(L23<>"", "_" & L23, "") & IF(M23<>"", "_" & M23, "") & IF(P23<>"", "_X" & P23, "") & IF(Q23<>"", "_Y" & Q23, "") & IF(R23<>"", "_Z" & R23, "") & IF(N23<>"", "_" & N23, "") & IF(O23<>"", "_" & O23, "")) | I23: Labor | J23: DoorFrame | O23: 001 | P23: 300 | Q23: 50 | R23: 250 | S23: DONE | T23: DONE
F24: =IF(I24="","", "SM_" & I24 & IF(J24<>"", "_" & J24, "") & IF(K24<>"", "_" & K24, "") & IF(L24<>"", "_" & L24, "") & IF(M24<>"", "_" & M24, "") & IF(P24<>"", "_X" & P24, "") & IF(Q24<>"", "_Y" & Q24, "") & IF(R24<>"", "_Z" & R24, "") & IF(N24<>"", "_" & N24, "") & IF(O24<>"", "_" & O24, "")) | I24: Labor | J24: Door | L24: Left | O24: 001 | P24: 300 | Q24: 35 | R24: 250 | S24: DONE | T24: DONE
F25: =IF(I25="","", "SM_" & I25 & IF(J25<>"", "_" & J25, "") & IF(K25<>"", "_" & K25, "") & IF(L25<>"", "_" & L25, "") & IF(M25<>"", "_" & M25, "") & IF(P25<>"", "_X" & P25, "") & IF(Q25<>"", "_Y" & Q25, "") & IF(R25<>"", "_Z" & R25, "") & IF(N25<>"", "_" & N25, "") & IF(O25<>"", "_" & O25, "")) | I25: Labor | J25: Door | L25: Right | O25: 001 | P25: 300 | Q25: 35 | R25: 250 | S25: DONE | T25: DONE
E26: =IF(I26="","", "BP_" & I26 & IF(J26<>"", "_" & J26, "") & IF(K26<>"", "_" & K26, "") & IF(L26<>"", "_" & L26, "") & IF(M26<>"", "_" & M26, "") & IF(P26<>"", "_X" & P26, "") & IF(Q26<>"", "_Y" & Q26, "") & IF(R26<>"", "_Z" & R26, "") & IF(N26<>"", "_" & N26, "") & IF(O26<>"", "_" & O26, "")) | I26: Labor | J26: Door | O26: 001 | P26: 400 | Q26: 35 | R26: 250
F27: =IF(I27="","", "SM_" & I27 & IF(J27<>"", "_" & J27, "") & IF(K27<>"", "_" & K27, "") & IF(L27<>"", "_" & L27, "") & IF(M27<>"", "_" & M27, "") & IF(P27<>"", "_X" & P27, "") & IF(Q27<>"", "_Y" & Q27, "") & IF(R27<>"", "_Z" & R27, "") & IF(N27<>"", "_" & N27, "") & IF(O27<>"", "_" & O27, "")) | I27: Labor | J27: DoorFrame | O27: 001 | P27: 400 | Q27: 50 | R27: 250 | S27: DONE | T27: DONE
F28: =IF(I28="","", "SM_" & I28 & IF(J28<>"", "_" & J28, "") & IF(K28<>"", "_" & K28, "") & IF(L28<>"", "_" & L28, "") & IF(M28<>"", "_" & M28, "") & IF(P28<>"", "_X" & P28, "") & IF(Q28<>"", "_Y" & Q28, "") & IF(R28<>"", "_Z" & R28, "") & IF(N28<>"", "_" & N28, "") & IF(O28<>"", "_" & O28, "")) | I28: Labor | J28: Door | L28: Single | O28: 001 | P28: 400 | Q28: 35 | R28: 250 | S28: DONE | T28: DONE
E29: =IF(I29="","", "BP_" & I29 & IF(J29<>"", "_" & J29, "") & IF(K29<>"", "_" & K29, "") & IF(L29<>"", "_" & L29, "") & IF(M29<>"", "_" & M29, "") & IF(P29<>"", "_X" & P29, "") & IF(Q29<>"", "_Y" & Q29, "") & IF(R29<>"", "_Z" & R29, "") & IF(N29<>"", "_" & N29, "") & IF(O29<>"", "_" & O29, "")) | I29: Labor | J29: Door | O29: 001 | P29: 500 | Q29: 35 | R29: 250
F30: =IF(I30="","", "SM_" & I30 & IF(J30<>"", "_" & J30, "") & IF(K30<>"", "_" & K30, "") & IF(L30<>"", "_" & L30, "") & IF(M30<>"", "_" & M30, "") & IF(P30<>"", "_X" & P30, "") & IF(Q30<>"", "_Y" & Q30, "") & IF(R30<>"", "_Z" & R30, "") & IF(N30<>"", "_" & N30, "") & IF(O30<>"", "_" & O30, "")) | I30: Labor | J30: Door | L30: Single | O30: 001 | P30: 500 | Q30: 30 | R30: 250 | S30: DONE | T30: DONE
F31: =IF(I31="","", "SM_" & I31 & IF(J31<>"", "_" & J31, "") & IF(K31<>"", "_" & K31, "") & IF(L31<>"", "_" & L31, "") & IF(M31<>"", "_" & M31, "") & IF(P31<>"", "_X" & P31, "") & IF(Q31<>"", "_Y" & Q31, "") & IF(R31<>"", "_Z" & R31, "") & IF(N31<>"", "_" & N31, "") & IF(O31<>"", "_" & O31, "")) | I31: Labor | J31: DoorFrame | O31: 001 | P31: 500 | Q31: 50 | R31: 250 | S31: DONE | T31: DONE
B32: Structure
C33: Floor
D34: Center
E35: =IF(I35="","", "BP_" & I35 & IF(J35<>"", "_" & J35, "") & IF(K35<>"", "_" & K35, "") & IF(L35<>"", "_" & L35, "") & IF(M35<>"", "_" & M35, "") & IF(P35<>"", "_X" & P35, "") & IF(Q35<>"", "_Y" & Q35, "") & IF(R35<>"", "_Z" & R35, "") & IF(N35<>"", "_" & N35, "") & IF(O35<>"", "_" & O35, "")) | F35: =IF(I35="","", "SM_" & I35 & IF(J35<>"", "_" & J35, "") & IF(K35<>"", "_" & K35, "") & IF(L35<>"", "_" & L35, "") & IF(M35<>"", "_" & M35, "") & IF(P35<>"", "_X" & P35, "") & IF(Q35<>"", "_Y" & Q35, "") & IF(R35<>"", "_Z" & R35, "") & IF(N35<>"", "_" & N35, "") & IF(O35<>"", "_" & O35, "")) | I35: Labor | J35: Floor | K35: Center | L35: Blank | N35: A | O35: 001 | P35: 100 | Q35: 100 | R35: 20 | S35: ✅ | T35: ✅
E36: =IF(I36="","", "BP_" & I36 & IF(J36<>"", "_" & J36, "") & IF(K36<>"", "_" & K36, "") & IF(L36<>"", "_" & L36, "") & IF(M36<>"", "_" & M36, "") & IF(P36<>"", "_X" & P36, "") & IF(Q36<>"", "_Y" & Q36, "") & IF(R36<>"", "_Z" & R36, "") & IF(N36<>"", "_" & N36, "") & IF(O36<>"", "_" & O36, "")) | F36: =IF(I36="","", "SM_" & I36 & IF(J36<>"", "_" & J36, "") & IF(K36<>"", "_" & K36, "") & IF(L36<>"", "_" & L36, "") & IF(M36<>"", "_" & M36, "") & IF(P36<>"", "_X" & P36, "") & IF(Q36<>"", "_Y" & Q36, "") & IF(R36<>"", "_Z" & R36, "") & IF(N36<>"", "_" & N36, "") & IF(O36<>"", "_" & O36, "")) | I36: Labor | J36: Floor | K36: Center | L36: Forward | N36: A | O36: 001 | P36: 100 | Q36: 100 | R36: 20 | S36: ✅ | T36: ✅
E37: =IF(I37="","", "BP_" & I37 & IF(J37<>"", "_" & J37, "") & IF(K37<>"", "_" & K37, "") & IF(L37<>"", "_" & L37, "") & IF(M37<>"", "_" & M37, "") & IF(P37<>"", "_X" & P37, "") & IF(Q37<>"", "_Y" & Q37, "") & IF(R37<>"", "_Z" & R37, "") & IF(N37<>"", "_" & N37, "") & IF(O37<>"", "_" & O37, "")) | F37: =IF(I37="","", "SM_" & I37 & IF(J37<>"", "_" & J37, "") & IF(K37<>"", "_" & K37, "") & IF(L37<>"", "_" & L37, "") & IF(M37<>"", "_" & M37, "") & IF(P37<>"", "_X" & P37, "") & IF(Q37<>"", "_Y" & Q37, "") & IF(R37<>"", "_Z" & R37, "") & IF(N37<>"", "_" & N37, "") & IF(O37<>"", "_" & O37, "")) | I37: Labor | J37: Floor | K37: Center | L37: Forward | N37: A | O37: 002 | P37: 100 | Q37: 100 | R37: 20 | S37: ✅ | T37: ✅
E38: =IF(I38="","", "BP_" & I38 & IF(J38<>"", "_" & J38, "") & IF(K38<>"", "_" & K38, "") & IF(L38<>"", "_" & L38, "") & IF(M38<>"", "_" & M38, "") & IF(P38<>"", "_X" & P38, "") & IF(Q38<>"", "_Y" & Q38, "") & IF(R38<>"", "_Z" & R38, "") & IF(N38<>"", "_" & N38, "") & IF(O38<>"", "_" & O38, "")) | F38: =IF(I38="","", "SM_" & I38 & IF(J38<>"", "_" & J38, "") & IF(K38<>"", "_" & K38, "") & IF(L38<>"", "_" & L38, "") & IF(M38<>"", "_" & M38, "") & IF(P38<>"", "_X" & P38, "") & IF(Q38<>"", "_Y" & Q38, "") & IF(R38<>"", "_Z" & R38, "") & IF(N38<>"", "_" & N38, "") & IF(O38<>"", "_" & O38, "")) | I38: Labor | J38: Floor | K38: Center | L38: Forward | N38: A | O38: 003 | P38: 100 | Q38: 100 | R38: 20 | S38: ✅ | T38: ✅
E39: =IF(I39="","", "BP_" & I39 & IF(J39<>"", "_" & J39, "") & IF(K39<>"", "_" & K39, "") & IF(L39<>"", "_" & L39, "") & IF(M39<>"", "_" & M39, "") & IF(P39<>"", "_X" & P39, "") & IF(Q39<>"", "_Y" & Q39, "") & IF(R39<>"", "_Z" & R39, "") & IF(N39<>"", "_" & N39, "") & IF(O39<>"", "_" & O39, "")) | F39: =IF(I39="","", "SM_" & I39 & IF(J39<>"", "_" & J39, "") & IF(K39<>"", "_" & K39, "") & IF(L39<>"", "_" & L39, "") & IF(M39<>"", "_" & M39, "") & IF(P39<>"", "_X" & P39, "") & IF(Q39<>"", "_Y" & Q39, "") & IF(R39<>"", "_Z" & R39, "") & IF(N39<>"", "_" & N39, "") & IF(O39<>"", "_" & O39, "")) | I39: Labor | J39: Floor | K39: Center | L39: Forward | N39: A | O39: 004 | P39: 100 | Q39: 100 | R39: 20 | S39: ✅ | T39: ✅
E40: =IF(I40="","", "BP_" & I40 & IF(J40<>"", "_" & J40, "") & IF(K40<>"", "_" & K40, "") & IF(L40<>"", "_" & L40, "") & IF(M40<>"", "_" & M40, "") & IF(P40<>"", "_X" & P40, "") & IF(Q40<>"", "_Y" & Q40, "") & IF(R40<>"", "_Z" & R40, "") & IF(N40<>"", "_" & N40, "") & IF(O40<>"", "_" & O40, "")) | F40: =IF(I40="","", "SM_" & I40 & IF(J40<>"", "_" & J40, "") & IF(K40<>"", "_" & K40, "") & IF(L40<>"", "_" & L40, "") & IF(M40<>"", "_" & M40, "") & IF(P40<>"", "_X" & P40, "") & IF(Q40<>"", "_Y" & Q40, "") & IF(R40<>"", "_Z" & R40, "") & IF(N40<>"", "_" & N40, "") & IF(O40<>"", "_" & O40, "")) | I40: Labor | J40: Floor | K40: Center | L40: Turn | N40: A | O40: 001 | P40: 100 | Q40: 100 | R40: 20 | S40: ✅ | T40: ✅
D41: CenterToSide
E42: =IF(I42="","", "BP_" & I42 & IF(J42<>"", "_" & J42, "") & IF(K42<>"", "_" & K42, "") & IF(L42<>"", "_" & L42, "") & IF(M42<>"", "_" & M42, "") & IF(P42<>"", "_X" & P42, "") & IF(Q42<>"", "_Y" & Q42, "") & IF(R42<>"", "_Z" & R42, "") & IF(N42<>"", "_" & N42, "") & IF(O42<>"", "_" & O42, "")) | F42: =IF(I42="","", "SM_" & I42 & IF(J42<>"", "_" & J42, "") & IF(K42<>"", "_" & K42, "") & IF(L42<>"", "_" & L42, "") & IF(M42<>"", "_" & M42, "") & IF(P42<>"", "_X" & P42, "") & IF(Q42<>"", "_Y" & Q42, "") & IF(R42<>"", "_Z" & R42, "") & IF(N42<>"", "_" & N42, "") & IF(O42<>"", "_" & O42, "")) | I42: Labor | J42: Floor | K42: CenterToSide | L42: Turn | N42: A | O42: 001 | P42: 100 | Q42: 100 | R42: 20 | S42: ✅ | T42: ✅
E43: =IF(I43="","", "BP_" & I43 & IF(J43<>"", "_" & J43, "") & IF(K43<>"", "_" & K43, "") & IF(L43<>"", "_" & L43, "") & IF(M43<>"", "_" & M43, "") & IF(P43<>"", "_X" & P43, "") & IF(Q43<>"", "_Y" & Q43, "") & IF(R43<>"", "_Z" & R43, "") & IF(N43<>"", "_" & N43, "") & IF(O43<>"", "_" & O43, "")) | F43: =IF(I43="","", "SM_" & I43 & IF(J43<>"", "_" & J43, "") & IF(K43<>"", "_" & K43, "") & IF(L43<>"", "_" & L43, "") & IF(M43<>"", "_" & M43, "") & IF(P43<>"", "_X" & P43, "") & IF(Q43<>"", "_Y" & Q43, "") & IF(R43<>"", "_Z" & R43, "") & IF(N43<>"", "_" & N43, "") & IF(O43<>"", "_" & O43, "")) | I43: Labor | J43: Floor | K43: CenterToSide | L43: End | N43: A | O43: 001 | P43: 100 | Q43: 100 | R43: 20 | S43: ✅ | T43: ✅
D44: Side
E45: =IF(I45="","", "BP_" & I45 & IF(J45<>"", "_" & J45, "") & IF(K45<>"", "_" & K45, "") & IF(L45<>"", "_" & L45, "") & IF(M45<>"", "_" & M45, "") & IF(P45<>"", "_X" & P45, "") & IF(Q45<>"", "_Y" & Q45, "") & IF(R45<>"", "_Z" & R45, "") & IF(N45<>"", "_" & N45, "") & IF(O45<>"", "_" & O45, "")) | F45: =IF(I45="","", "SM_" & I45 & IF(J45<>"", "_" & J45, "") & IF(K45<>"", "_" & K45, "") & IF(L45<>"", "_" & L45, "") & IF(M45<>"", "_" & M45, "") & IF(P45<>"", "_X" & P45, "") & IF(Q45<>"", "_Y" & Q45, "") & IF(R45<>"", "_Z" & R45, "") & IF(N45<>"", "_" & N45, "") & IF(O45<>"", "_" & O45, "")) | I45: Labor | J45: Floor | K45: Side | M45: Blank | N45: A | O45: 001 | P45: 100 | Q45: 100 | R45: 20 | S45: ✅ | T45: ✅
E46: =IF(I46="","", "BP_" & I46 & IF(J46<>"", "_" & J46, "") & IF(K46<>"", "_" & K46, "") & IF(L46<>"", "_" & L46, "") & IF(M46<>"", "_" & M46, "") & IF(P46<>"", "_X" & P46, "") & IF(Q46<>"", "_Y" & Q46, "") & IF(R46<>"", "_Z" & R46, "") & IF(N46<>"", "_" & N46, "") & IF(O46<>"", "_" & O46, "")) | F46: =IF(I46="","", "SM_" & I46 & IF(J46<>"", "_" & J46, "") & IF(K46<>"", "_" & K46, "") & IF(L46<>"", "_" & L46, "") & IF(M46<>"", "_" & M46, "") & IF(P46<>"", "_X" & P46, "") & IF(Q46<>"", "_Y" & Q46, "") & IF(R46<>"", "_Z" & R46, "") & IF(N46<>"", "_" & N46, "") & IF(O46<>"", "_" & O46, "")) | I46: Labor | J46: Floor | K46: Side | L46: Turn | M46: Linked | N46: A | O46: 001 | P46: 100 | Q46: 100 | R46: 20 | S46: ✅ | T46: ✅
E47: =IF(I47="","", "BP_" & I47 & IF(J47<>"", "_" & J47, "") & IF(K47<>"", "_" & K47, "") & IF(L47<>"", "_" & L47, "") & IF(M47<>"", "_" & M47, "") & IF(P47<>"", "_X" & P47, "") & IF(Q47<>"", "_Y" & Q47, "") & IF(R47<>"", "_Z" & R47, "") & IF(N47<>"", "_" & N47, "") & IF(O47<>"", "_" & O47, "")) | F47: =IF(I47="","", "SM_" & I47 & IF(J47<>"", "_" & J47, "") & IF(K47<>"", "_" & K47, "") & IF(L47<>"", "_" & L47, "") & IF(M47<>"", "_" & M47, "") & IF(P47<>"", "_X" & P47, "") & IF(Q47<>"", "_Y" & Q47, "") & IF(R47<>"", "_Z" & R47, "") & IF(N47<>"", "_" & N47, "") & IF(O47<>"", "_" & O47, "")) | I47: Labor | J47: Floor | K47: Side | L47: Turn | M47: Linked | N47: B | O47: 001 | P47: 100 | Q47: 100 | R47: 20 | S47: ✅ | T47: ✅
E48: =IF(I48="","", "BP_" & I48 & IF(J48<>"", "_" & J48, "") & IF(K48<>"", "_" & K48, "") & IF(L48<>"", "_" & L48, "") & IF(M48<>"", "_" & M48, "") & IF(P48<>"", "_X" & P48, "") & IF(Q48<>"", "_Y" & Q48, "") & IF(R48<>"", "_Z" & R48, "") & IF(N48<>"", "_" & N48, "") & IF(O48<>"", "_" & O48, "")) | F48: =IF(I48="","", "SM_" & I48 & IF(J48<>"", "_" & J48, "") & IF(K48<>"", "_" & K48, "") & IF(L48<>"", "_" & L48, "") & IF(M48<>"", "_" & M48, "") & IF(P48<>"", "_X" & P48, "") & IF(Q48<>"", "_Y" & Q48, "") & IF(R48<>"", "_Z" & R48, "") & IF(N48<>"", "_" & N48, "") & IF(O48<>"", "_" & O48, "")) | I48: Labor | J48: Floor | K48: Side | L48: Turn | M48: Break | N48: B | O48: 001 | P48: 100 | Q48: 100 | R48: 20 | S48: ✅ | T48: ✅
E49: =IF(I49="","", "BP_" & I49 & IF(J49<>"", "_" & J49, "") & IF(K49<>"", "_" & K49, "") & IF(L49<>"", "_" & L49, "") & IF(M49<>"", "_" & M49, "") & IF(P49<>"", "_X" & P49, "") & IF(Q49<>"", "_Y" & Q49, "") & IF(R49<>"", "_Z" & R49, "") & IF(N49<>"", "_" & N49, "") & IF(O49<>"", "_" & O49, "")) | F49: =IF(I49="","", "SM_" & I49 & IF(J49<>"", "_" & J49, "") & IF(K49<>"", "_" & K49, "") & IF(L49<>"", "_" & L49, "") & IF(M49<>"", "_" & M49, "") & IF(P49<>"", "_X" & P49, "") & IF(Q49<>"", "_Y" & Q49, "") & IF(R49<>"", "_Z" & R49, "") & IF(N49<>"", "_" & N49, "") & IF(O49<>"", "_" & O49, "")) | I49: Labor | J49: Floor | K49: Side | L49: Forward | M49: Break | N49: A | O49: 001 | P49: 100 | Q49: 100 | R49: 20 | S49: ✅ | T49: ✅
E50: =IF(I50="","", "BP_" & I50 & IF(J50<>"", "_" & J50, "") & IF(K50<>"", "_" & K50, "") & IF(L50<>"", "_" & L50, "") & IF(M50<>"", "_" & M50, "") & IF(P50<>"", "_X" & P50, "") & IF(Q50<>"", "_Y" & Q50, "") & IF(R50<>"", "_Z" & R50, "") & IF(N50<>"", "_" & N50, "") & IF(O50<>"", "_" & O50, "")) | F50: =IF(I50="","", "SM_" & I50 & IF(J50<>"", "_" & J50, "") & IF(K50<>"", "_" & K50, "") & IF(L50<>"", "_" & L50, "") & IF(M50<>"", "_" & M50, "") & IF(P50<>"", "_X" & P50, "") & IF(Q50<>"", "_Y" & Q50, "") & IF(R50<>"", "_Z" & R50, "") & IF(N50<>"", "_" & N50, "") & IF(O50<>"", "_" & O50, "")) | I50: Labor | J50: Floor | K50: Side | L50: Forward | M50: Linked | N50: A | O50: 001 | P50: 100 | Q50: 100 | R50: 20 | S50: ✅ | T50: ✅
D51: SideToCenter
E52: =IF(I52="","", "BP_" & I52 & IF(J52<>"", "_" & J52, "") & IF(K52<>"", "_" & K52, "") & IF(L52<>"", "_" & L52, "") & IF(M52<>"", "_" & M52, "") & IF(P52<>"", "_X" & P52, "") & IF(Q52<>"", "_Y" & Q52, "") & IF(R52<>"", "_Z" & R52, "") & IF(N52<>"", "_" & N52, "") & IF(O52<>"", "_" & O52, "")) | F52: =IF(I52="","", "SM_" & I52 & IF(J52<>"", "_" & J52, "") & IF(K52<>"", "_" & K52, "") & IF(L52<>"", "_" & L52, "") & IF(M52<>"", "_" & M52, "") & IF(P52<>"", "_X" & P52, "") & IF(Q52<>"", "_Y" & Q52, "") & IF(R52<>"", "_Z" & R52, "") & IF(N52<>"", "_" & N52, "") & IF(O52<>"", "_" & O52, "")) | I52: Labor | J52: Floor | K52: SideToCenter | L52: Turn | N52: A | O52: 001 | P52: 100 | Q52: 100 | R52: 20 | S52: ✅ | T52: ✅
E53: =IF(I53="","", "BP_" & I53 & IF(J53<>"", "_" & J53, "") & IF(K53<>"", "_" & K53, "") & IF(L53<>"", "_" & L53, "") & IF(M53<>"", "_" & M53, "") & IF(P53<>"", "_X" & P53, "") & IF(Q53<>"", "_Y" & Q53, "") & IF(R53<>"", "_Z" & R53, "") & IF(N53<>"", "_" & N53, "") & IF(O53<>"", "_" & O53, "")) | F53: =IF(I53="","", "SM_" & I53 & IF(J53<>"", "_" & J53, "") & IF(K53<>"", "_" & K53, "") & IF(L53<>"", "_" & L53, "") & IF(M53<>"", "_" & M53, "") & IF(P53<>"", "_X" & P53, "") & IF(Q53<>"", "_Y" & Q53, "") & IF(R53<>"", "_Z" & R53, "") & IF(N53<>"", "_" & N53, "") & IF(O53<>"", "_" & O53, "")) | I53: Labor | J53: Floor | K53: SideToCenter | L53: Forward | M53: Blank | N53: A | O53: 001 | P53: 100 | Q53: 100 | R53: 20 | S53: ✅ | T53: ✅
E54: =IF(I54="","", "BP_" & I54 & IF(J54<>"", "_" & J54, "") & IF(K54<>"", "_" & K54, "") & IF(L54<>"", "_" & L54, "") & IF(M54<>"", "_" & M54, "") & IF(P54<>"", "_X" & P54, "") & IF(Q54<>"", "_Y" & Q54, "") & IF(R54<>"", "_Z" & R54, "") & IF(N54<>"", "_" & N54, "") & IF(O54<>"", "_" & O54, "")) | F54: =IF(I54="","", "SM_" & I54 & IF(J54<>"", "_" & J54, "") & IF(K54<>"", "_" & K54, "") & IF(L54<>"", "_" & L54, "") & IF(M54<>"", "_" & M54, "") & IF(P54<>"", "_X" & P54, "") & IF(Q54<>"", "_Y" & Q54, "") & IF(R54<>"", "_Z" & R54, "") & IF(N54<>"", "_" & N54, "") & IF(O54<>"", "_" & O54, "")) | I54: Labor | J54: Floor | K54: SideToCenter | L54: Forward | M54: Break | N54: B | O54: 001 | P54: 100 | Q54: 100 | R54: 20 | S54: ✅ | T54: ✅
E55: =IF(I55="","", "BP_" & I55 & IF(J55<>"", "_" & J55, "") & IF(K55<>"", "_" & K55, "") & IF(L55<>"", "_" & L55, "") & IF(M55<>"", "_" & M55, "") & IF(P55<>"", "_X" & P55, "") & IF(Q55<>"", "_Y" & Q55, "") & IF(R55<>"", "_Z" & R55, "") & IF(N55<>"", "_" & N55, "") & IF(O55<>"", "_" & O55, "")) | F55: =IF(I55="","", "SM_" & I55 & IF(J55<>"", "_" & J55, "") & IF(K55<>"", "_" & K55, "") & IF(L55<>"", "_" & L55, "") & IF(M55<>"", "_" & M55, "") & IF(P55<>"", "_X" & P55, "") & IF(Q55<>"", "_Y" & Q55, "") & IF(R55<>"", "_Z" & R55, "") & IF(N55<>"", "_" & N55, "") & IF(O55<>"", "_" & O55, "")) | I55: Labor | J55: Floor | K55: SideToCenter | L55: Turn | M55: Linked | N55: A | O55: 001 | P55: 100 | Q55: 100 | R55: 20 | S55: ✅ | T55: ✅
E56: =IF(I56="","", "BP_" & I56 & IF(J56<>"", "_" & J56, "") & IF(K56<>"", "_" & K56, "") & IF(L56<>"", "_" & L56, "") & IF(M56<>"", "_" & M56, "") & IF(P56<>"", "_X" & P56, "") & IF(Q56<>"", "_Y" & Q56, "") & IF(R56<>"", "_Z" & R56, "") & IF(N56<>"", "_" & N56, "") & IF(O56<>"", "_" & O56, "")) | F56: =IF(I56="","", "SM_" & I56 & IF(J56<>"", "_" & J56, "") & IF(K56<>"", "_" & K56, "") & IF(L56<>"", "_" & L56, "") & IF(M56<>"", "_" & M56, "") & IF(P56<>"", "_X" & P56, "") & IF(Q56<>"", "_Y" & Q56, "") & IF(R56<>"", "_Z" & R56, "") & IF(N56<>"", "_" & N56, "") & IF(O56<>"", "_" & O56, "")) | I56: Labor | J56: Floor | K56: SideToCenter | L56: Turn | M56: Break | N56: B | O56: 001 | P56: 100 | Q56: 100 | R56: 20 | S56: ✅ | T56: ✅
E57: =IF(I57="","", "BP_" & I57 & IF(J57<>"", "_" & J57, "") & IF(K57<>"", "_" & K57, "") & IF(L57<>"", "_" & L57, "") & IF(M57<>"", "_" & M57, "") & IF(P57<>"", "_X" & P57, "") & IF(Q57<>"", "_Y" & Q57, "") & IF(R57<>"", "_Z" & R57, "") & IF(N57<>"", "_" & N57, "") & IF(O57<>"", "_" & O57, "")) | F57: =IF(I57="","", "SM_" & I57 & IF(J57<>"", "_" & J57, "") & IF(K57<>"", "_" & K57, "") & IF(L57<>"", "_" & L57, "") & IF(M57<>"", "_" & M57, "") & IF(P57<>"", "_X" & P57, "") & IF(Q57<>"", "_Y" & Q57, "") & IF(R57<>"", "_Z" & R57, "") & IF(N57<>"", "_" & N57, "") & IF(O57<>"", "_" & O57, "")) | I57: Labor | J57: Floor | K57: SideToCenter | L57: Forward | M57: Break | N57: A | O57: 001 | P57: 100 | Q57: 100 | R57: 20 | S57: ✅ | T57: ✅
E58: =IF(I58="","", "BP_" & I58 & IF(J58<>"", "_" & J58, "") & IF(K58<>"", "_" & K58, "") & IF(L58<>"", "_" & L58, "") & IF(M58<>"", "_" & M58, "") & IF(P58<>"", "_X" & P58, "") & IF(Q58<>"", "_Y" & Q58, "") & IF(R58<>"", "_Z" & R58, "") & IF(N58<>"", "_" & N58, "") & IF(O58<>"", "_" & O58, "")) | F58: =IF(I58="","", "SM_" & I58 & IF(J58<>"", "_" & J58, "") & IF(K58<>"", "_" & K58, "") & IF(L58<>"", "_" & L58, "") & IF(M58<>"", "_" & M58, "") & IF(P58<>"", "_X" & P58, "") & IF(Q58<>"", "_Y" & Q58, "") & IF(R58<>"", "_Z" & R58, "") & IF(N58<>"", "_" & N58, "") & IF(O58<>"", "_" & O58, "")) | I58: Labor | J58: Floor | K58: SideToCenter | L58: Forward | M58: Linked | N58: A | O58: 001 | P58: 100 | Q58: 100 | R58: 20 | S58: ✅ | T58: ✅
E59: =IF(I59="","", "BP_" & I59 & IF(J59<>"", "_" & J59, "") & IF(K59<>"", "_" & K59, "") & IF(L59<>"", "_" & L59, "") & IF(M59<>"", "_" & M59, "") & IF(P59<>"", "_X" & P59, "") & IF(Q59<>"", "_Y" & Q59, "") & IF(R59<>"", "_Z" & R59, "") & IF(N59<>"", "_" & N59, "") & IF(O59<>"", "_" & O59, "")) | F59: =IF(I59="","", "SM_" & I59 & IF(J59<>"", "_" & J59, "") & IF(K59<>"", "_" & K59, "") & IF(L59<>"", "_" & L59, "") & IF(M59<>"", "_" & M59, "") & IF(P59<>"", "_X" & P59, "") & IF(Q59<>"", "_Y" & Q59, "") & IF(R59<>"", "_Z" & R59, "") & IF(N59<>"", "_" & N59, "") & IF(O59<>"", "_" & O59, "")) | I59: Labor | J59: Floor | K59: SideToCenter | L59: Corner | M59: Linked | N59: A | O59: 001 | P59: 100 | Q59: 100 | R59: 20 | S59: ✅ | T59: ✅
E60: =IF(I60="","", "BP_" & I60 & IF(J60<>"", "_" & J60, "") & IF(K60<>"", "_" & K60, "") & IF(L60<>"", "_" & L60, "") & IF(M60<>"", "_" & M60, "") & IF(P60<>"", "_X" & P60, "") & IF(Q60<>"", "_Y" & Q60, "") & IF(R60<>"", "_Z" & R60, "") & IF(N60<>"", "_" & N60, "") & IF(O60<>"", "_" & O60, "")) | F60: =IF(I60="","", "SM_" & I60 & IF(J60<>"", "_" & J60, "") & IF(K60<>"", "_" & K60, "") & IF(L60<>"", "_" & L60, "") & IF(M60<>"", "_" & M60, "") & IF(P60<>"", "_X" & P60, "") & IF(Q60<>"", "_Y" & Q60, "") & IF(R60<>"", "_Z" & R60, "") & IF(N60<>"", "_" & N60, "") & IF(O60<>"", "_" & O60, "")) | I60: Labor | J60: Floor | K60: SideToCenter | L60: Corner | M60: Diagonal | N60: A | O60: 001 | P60: 100 | Q60: 100 | R60: 20 | S60: ✅ | T60: ✅
C62: Pillar
E63: =IF(I63="","", "BP_" & I63 & IF(J63<>"", "_" & J63, "") & IF(K63<>"", "_" & K63, "") & IF(L63<>"", "_" & L63, "") & IF(M63<>"", "_" & M63, "") & IF(P63<>"", "_X" & P63, "") & IF(Q63<>"", "_Y" & Q63, "") & IF(R63<>"", "_Z" & R63, "") & IF(N63<>"", "_" & N63, "") & IF(O63<>"", "_" & O63, "")) | F63: =IF(I63="","", "SM_" & I63 & IF(J63<>"", "_" & J63, "") & IF(K63<>"", "_" & K63, "") & IF(L63<>"", "_" & L63, "") & IF(M63<>"", "_" & M63, "") & IF(P63<>"", "_X" & P63, "") & IF(Q63<>"", "_Y" & Q63, "") & IF(R63<>"", "_Z" & R63, "") & IF(N63<>"", "_" & N63, "") & IF(O63<>"", "_" & O63, "")) | I63: Labor | J63: Pillar | N63: A | O63: 001 | P63: 40 | Q63: 40 | R63: 300 | S63: ✅ | T63: ✅
E64: =IF(I64="","", "BP_" & I64 & IF(J64<>"", "_" & J64, "") & IF(K64<>"", "_" & K64, "") & IF(L64<>"", "_" & L64, "") & IF(M64<>"", "_" & M64, "") & IF(P64<>"", "_X" & P64, "") & IF(Q64<>"", "_Y" & Q64, "") & IF(R64<>"", "_Z" & R64, "") & IF(N64<>"", "_" & N64, "") & IF(O64<>"", "_" & O64, "")) | F64: =IF(I64="","", "SM_" & I64 & IF(J64<>"", "_" & J64, "") & IF(K64<>"", "_" & K64, "") & IF(L64<>"", "_" & L64, "") & IF(M64<>"", "_" & M64, "") & IF(P64<>"", "_X" & P64, "") & IF(Q64<>"", "_Y" & Q64, "") & IF(R64<>"", "_Z" & R64, "") & IF(N64<>"", "_" & N64, "") & IF(O64<>"", "_" & O64, "")) | I64: Labor | J64: Pillar | K64: 90DegCut | N64: A | O64: 001 | P64: 40 | Q64: 40 | R64: 300 | S64: ✅ | T64: ✅
E65: =IF(I65="","", "BP_" & I65 & IF(J65<>"", "_" & J65, "") & IF(K65<>"", "_" & K65, "") & IF(L65<>"", "_" & L65, "") & IF(M65<>"", "_" & M65, "") & IF(P65<>"", "_X" & P65, "") & IF(Q65<>"", "_Y" & Q65, "") & IF(R65<>"", "_Z" & R65, "") & IF(N65<>"", "_" & N65, "") & IF(O65<>"", "_" & O65, "")) | F65: =IF(I65="","", "SM_" & I65 & IF(J65<>"", "_" & J65, "") & IF(K65<>"", "_" & K65, "") & IF(L65<>"", "_" & L65, "") & IF(M65<>"", "_" & M65, "") & IF(P65<>"", "_X" & P65, "") & IF(Q65<>"", "_Y" & Q65, "") & IF(R65<>"", "_Z" & R65, "") & IF(N65<>"", "_" & N65, "") & IF(O65<>"", "_" & O65, "")) | I65: Labor | J65: Pillar | K65: 135DegCut | N65: A | O65: 001 | P65: 40 | Q65: 40 | R65: 300 | S65: ✅ | T65: ✅
C66: Wall
E67: =IF(I67="","", "BP_" & I67 & IF(J67<>"", "_" & J67, "") & IF(K67<>"", "_" & K67, "") & IF(L67<>"", "_" & L67, "") & IF(M67<>"", "_" & M67, "") & IF(P67<>"", "_X" & P67, "") & IF(Q67<>"", "_Y" & Q67, "") & IF(R67<>"", "_Z" & R67, "") & IF(N67<>"", "_" & N67, "") & IF(O67<>"", "_" & O67, "")) | F67: =IF(I67="","", "SM_" & I67 & IF(J67<>"", "_" & J67, "") & IF(K67<>"", "_" & K67, "") & IF(L67<>"", "_" & L67, "") & IF(M67<>"", "_" & M67, "") & IF(P67<>"", "_X" & P67, "") & IF(Q67<>"", "_Y" & Q67, "") & IF(R67<>"", "_Z" & R67, "") & IF(N67<>"", "_" & N67, "") & IF(O67<>"", "_" & O67, "")) | I67: Labor | J67: Wall | M67: DoubleFace | N67: A | O67: 001 | P67: 20 | Q67: 100 | R67: 300
E68: =IF(I68="","", "BP_" & I68 & IF(J68<>"", "_" & J68, "") & IF(K68<>"", "_" & K68, "") & IF(L68<>"", "_" & L68, "") & IF(M68<>"", "_" & M68, "") & IF(P68<>"", "_X" & P68, "") & IF(Q68<>"", "_Y" & Q68, "") & IF(R68<>"", "_Z" & R68, "") & IF(N68<>"", "_" & N68, "") & IF(O68<>"", "_" & O68, "")) | F68: =IF(I68="","", "SM_" & I68 & IF(J68<>"", "_" & J68, "") & IF(K68<>"", "_" & K68, "") & IF(L68<>"", "_" & L68, "") & IF(M68<>"", "_" & M68, "") & IF(P68<>"", "_X" & P68, "") & IF(Q68<>"", "_Y" & Q68, "") & IF(R68<>"", "_Z" & R68, "") & IF(N68<>"", "_" & N68, "") & IF(O68<>"", "_" & O68, "")) | I68: Labor | J68: Wall | M68: SingleFace | N68: A | O68: 001 | P68: 20 | Q68: 100 | R68: 300
E69: =IF(I69="","", "BP_" & I69 & IF(J69<>"", "_" & J69, "") & IF(K69<>"", "_" & K69, "") & IF(L69<>"", "_" & L69, "") & IF(M69<>"", "_" & M69, "") & IF(P69<>"", "_X" & P69, "") & IF(Q69<>"", "_Y" & Q69, "") & IF(R69<>"", "_Z" & R69, "") & IF(N69<>"", "_" & N69, "") & IF(O69<>"", "_" & O69, "")) | F69: =IF(I69="","", "SM_" & I69 & IF(J69<>"", "_" & J69, "") & IF(K69<>"", "_" & K69, "") & IF(L69<>"", "_" & L69, "") & IF(M69<>"", "_" & M69, "") & IF(P69<>"", "_X" & P69, "") & IF(Q69<>"", "_Y" & Q69, "") & IF(R69<>"", "_Z" & R69, "") & IF(N69<>"", "_" & N69, "") & IF(O69<>"", "_" & O69, "")) | I69: Labor | J69: Wall | K69: Diagonal | M69: DoubleFace | N69: A | O69: 001 | P69: 20 | Q69: 100 | R69: 300
E70: =IF(I70="","", "BP_" & I70 & IF(J70<>"", "_" & J70, "") & IF(K70<>"", "_" & K70, "") & IF(L70<>"", "_" & L70, "") & IF(M70<>"", "_" & M70, "") & IF(P70<>"", "_X" & P70, "") & IF(Q70<>"", "_Y" & Q70, "") & IF(R70<>"", "_Z" & R70, "") & IF(N70<>"", "_" & N70, "") & IF(O70<>"", "_" & O70, "")) | F70: =IF(I70="","", "SM_" & I70 & IF(J70<>"", "_" & J70, "") & IF(K70<>"", "_" & K70, "") & IF(L70<>"", "_" & L70, "") & IF(M70<>"", "_" & M70, "") & IF(P70<>"", "_X" & P70, "") & IF(Q70<>"", "_Y" & Q70, "") & IF(R70<>"", "_Z" & R70, "") & IF(N70<>"", "_" & N70, "") & IF(O70<>"", "_" & O70, "")) | I70: Labor | J70: Wall | K70: Diagonal | M70: SingleFace | N70: A | O70: 001 | P70: 20 | Q70: 100 | R70: 300
E71: =IF(I71="","", "BP_" & I71 & IF(J71<>"", "_" & J71, "") & IF(K71<>"", "_" & K71, "") & IF(L71<>"", "_" & L71, "") & IF(M71<>"", "_" & M71, "") & IF(P71<>"", "_X" & P71, "") & IF(Q71<>"", "_Y" & Q71, "") & IF(R71<>"", "_Z" & R71, "") & IF(N71<>"", "_" & N71, "") & IF(O71<>"", "_" & O71, "")) | F71: =IF(I71="","", "SM_" & I71 & IF(J71<>"", "_" & J71, "") & IF(K71<>"", "_" & K71, "") & IF(L71<>"", "_" & L71, "") & IF(M71<>"", "_" & M71, "") & IF(P71<>"", "_X" & P71, "") & IF(Q71<>"", "_Y" & Q71, "") & IF(R71<>"", "_Z" & R71, "") & IF(N71<>"", "_" & N71, "") & IF(O71<>"", "_" & O71, "")) | G71: ="MI" & "_GeneralHalf_" & I71 & IF(J71<>"", "_" & J71, "") & IF(K71<>"", "_" & K71, "") & IF(L71<>"", "_" & L71, "") & IF(P71<>"", "_X" & P71, "") & IF(Q71<>"", "_Y" & Q71, "") & IF(R71<>"", "_Z" & R71, "")& IF(N71<>"", "_" & N71, "") | H71: ="T" & "_" & I71 & IF(J71<>"", "_" & J71, "") & IF(K71<>"", "_" & K71, "") & IF(L71<>"", "_" & L71, "")& IF(P71<>"", "_X" & P71, "") & IF(Q71<>"", "_Y" & Q71, "") & IF(R71<>"", "_Z" & R71, "")& IF(N71<>"", "_" & N71, "") | I71: Labor | J71: Wall | N71: A | O71: 001 | P71: 20 | Q71: 100 | R71: 300
E72: =IF(I72="","", "BP_" & I72 & IF(J72<>"", "_" & J72, "") & IF(K72<>"", "_" & K72, "") & IF(L72<>"", "_" & L72, "") & IF(M72<>"", "_" & M72, "") & IF(P72<>"", "_X" & P72, "") & IF(Q72<>"", "_Y" & Q72, "") & IF(R72<>"", "_Z" & R72, "") & IF(N72<>"", "_" & N72, "") & IF(O72<>"", "_" & O72, "")) | F72: =IF(I72="","", "SM_" & I72 & IF(J72<>"", "_" & J72, "") & IF(K72<>"", "_" & K72, "") & IF(L72<>"", "_" & L72, "") & IF(M72<>"", "_" & M72, "") & IF(P72<>"", "_X" & P72, "") & IF(Q72<>"", "_Y" & Q72, "") & IF(R72<>"", "_Z" & R72, "") & IF(N72<>"", "_" & N72, "") & IF(O72<>"", "_" & O72, "")) | G72: ="MI" & "_GeneralHalf_" & I72 & IF(J72<>"", "_" & J72, "") & IF(K72<>"", "_" & K72, "") & IF(L72<>"", "_" & L72, "") & IF(P72<>"", "_X" & P72, "") & IF(Q72<>"", "_Y" & Q72, "") & IF(R72<>"", "_Z" & R72, "")& IF(N72<>"", "_" & N72, "") | H72: ="T" & "_" & I72 & IF(J72<>"", "_" & J72, "") & IF(K72<>"", "_" & K72, "") & IF(L72<>"", "_" & L72, "")& IF(P72<>"", "_X" & P72, "") & IF(Q72<>"", "_Y" & Q72, "") & IF(R72<>"", "_Z" & R72, "")& IF(N72<>"", "_" & N72, "") | I72: Labor | J72: Wall | K72: Diagonal | N72: A | O72: 001 | P72: 20 | Q72: 100 | R72: 300
C73: Window | E73: =IF(I73="","", "BP_" & I73 & IF(J73<>"", "_" & J73, "") & IF(K73<>"", "_" & K73, "") & IF(L73<>"", "_" & L73, "") & IF(M73<>"", "_" & M73, "") & IF(P73<>"", "_X" & P73, "") & IF(Q73<>"", "_Y" & Q73, "") & IF(R73<>"", "_Z" & R73, "") & IF(N73<>"", "_" & N73, "") & IF(O73<>"", "_" & O73, "")) | F73: =IF(I73="","", "SM_" & I73 & IF(J73<>"", "_" & J73, "") & IF(K73<>"", "_" & K73, "") & IF(L73<>"", "_" & L73, "") & IF(M73<>"", "_" & M73, "") & IF(P73<>"", "_X" & P73, "") & IF(Q73<>"", "_Y" & Q73, "") & IF(R73<>"", "_Z" & R73, "") & IF(N73<>"", "_" & N73, "") & IF(O73<>"", "_" & O73, ""))
D74: Large | E74: =IF(I74="","", "BP_" & I74 & IF(J74<>"", "_" & J74, "") & IF(K74<>"", "_" & K74, "") & IF(L74<>"", "_" & L74, "") & IF(M74<>"", "_" & M74, "") & IF(P74<>"", "_X" & P74, "") & IF(Q74<>"", "_Y" & Q74, "") & IF(R74<>"", "_Z" & R74, "") & IF(N74<>"", "_" & N74, "") & IF(O74<>"", "_" & O74, "")) | F74: =IF(I74="","", "SM_" & I74 & IF(J74<>"", "_" & J74, "") & IF(K74<>"", "_" & K74, "") & IF(L74<>"", "_" & L74, "") & IF(M74<>"", "_" & M74, "") & IF(P74<>"", "_X" & P74, "") & IF(Q74<>"", "_Y" & Q74, "") & IF(R74<>"", "_Z" & R74, "") & IF(N74<>"", "_" & N74, "") & IF(O74<>"", "_" & O74, ""))
E75: =IF(I75="","", "BP_" & I75 & IF(J75<>"", "_" & J75, "") & IF(K75<>"", "_" & K75, "") & IF(L75<>"", "_" & L75, "") & IF(M75<>"", "_" & M75, "") & IF(P75<>"", "_X" & P75, "") & IF(Q75<>"", "_Y" & Q75, "") & IF(R75<>"", "_Z" & R75, "") & IF(N75<>"", "_" & N75, "") & IF(O75<>"", "_" & O75, "")) | F75: =IF(I75="","", "SM_" & I75 & IF(J75<>"", "_" & J75, "") & IF(K75<>"", "_" & K75, "") & IF(L75<>"", "_" & L75, "") & IF(M75<>"", "_" & M75, "") & IF(P75<>"", "_X" & P75, "") & IF(Q75<>"", "_Y" & Q75, "") & IF(R75<>"", "_Z" & R75, "") & IF(N75<>"", "_" & N75, "") & IF(O75<>"", "_" & O75, "")) | I75: Labor | J75: Window | K75: Large | L75: Center | M75: DoubleFace | N75: A | O75: 001 | P75: 100 | Q75: 20 | R75: 300
E76: =IF(I76="","", "BP_" & I76 & IF(J76<>"", "_" & J76, "") & IF(K76<>"", "_" & K76, "") & IF(L76<>"", "_" & L76, "") & IF(M76<>"", "_" & M76, "") & IF(P76<>"", "_X" & P76, "") & IF(Q76<>"", "_Y" & Q76, "") & IF(R76<>"", "_Z" & R76, "") & IF(N76<>"", "_" & N76, "") & IF(O76<>"", "_" & O76, "")) | F76: =IF(I76="","", "SM_" & I76 & IF(J76<>"", "_" & J76, "") & IF(K76<>"", "_" & K76, "") & IF(L76<>"", "_" & L76, "") & IF(M76<>"", "_" & M76, "") & IF(P76<>"", "_X" & P76, "") & IF(Q76<>"", "_Y" & Q76, "") & IF(R76<>"", "_Z" & R76, "") & IF(N76<>"", "_" & N76, "") & IF(O76<>"", "_" & O76, "")) | I76: Labor | J76: Window | K76: Large | L76: Center | M76: SingleFace | N76: A | O76: 001 | P76: 100 | Q76: 20 | R76: 300
E77: =IF(I77="","", "BP_" & I77 & IF(J77<>"", "_" & J77, "") & IF(K77<>"", "_" & K77, "") & IF(L77<>"", "_" & L77, "") & IF(M77<>"", "_" & M77, "") & IF(P77<>"", "_X" & P77, "") & IF(Q77<>"", "_Y" & Q77, "") & IF(R77<>"", "_Z" & R77, "") & IF(N77<>"", "_" & N77, "") & IF(O77<>"", "_" & O77, "")) | F77: =IF(I77="","", "SM_" & I77 & IF(J77<>"", "_" & J77, "") & IF(K77<>"", "_" & K77, "") & IF(L77<>"", "_" & L77, "") & IF(M77<>"", "_" & M77, "") & IF(P77<>"", "_X" & P77, "") & IF(Q77<>"", "_Y" & Q77, "") & IF(R77<>"", "_Z" & R77, "") & IF(N77<>"", "_" & N77, "") & IF(O77<>"", "_" & O77, "")) | I77: Labor | J77: Window | K77: Large | L77: Side | M77: DoubleFace | N77: A | O77: 001 | P77: 100 | Q77: 20 | R77: 300
E78: =IF(I78="","", "BP_" & I78 & IF(J78<>"", "_" & J78, "") & IF(K78<>"", "_" & K78, "") & IF(L78<>"", "_" & L78, "") & IF(M78<>"", "_" & M78, "") & IF(P78<>"", "_X" & P78, "") & IF(Q78<>"", "_Y" & Q78, "") & IF(R78<>"", "_Z" & R78, "") & IF(N78<>"", "_" & N78, "") & IF(O78<>"", "_" & O78, "")) | F78: =IF(I78="","", "SM_" & I78 & IF(J78<>"", "_" & J78, "") & IF(K78<>"", "_" & K78, "") & IF(L78<>"", "_" & L78, "") & IF(M78<>"", "_" & M78, "") & IF(P78<>"", "_X" & P78, "") & IF(Q78<>"", "_Y" & Q78, "") & IF(R78<>"", "_Z" & R78, "") & IF(N78<>"", "_" & N78, "") & IF(O78<>"", "_" & O78, "")) | I78: Labor | J78: Window | K78: Large | L78: Side | M78: DoubleFace | N78: B | O78: 001 | P78: 100 | Q78: 20 | R78: 300 | S78: DONE | T78: DONE
E79: =IF(I79="","", "BP_" & I79 & IF(J79<>"", "_" & J79, "") & IF(K79<>"", "_" & K79, "") & IF(L79<>"", "_" & L79, "") & IF(M79<>"", "_" & M79, "") & IF(P79<>"", "_X" & P79, "") & IF(Q79<>"", "_Y" & Q79, "") & IF(R79<>"", "_Z" & R79, "") & IF(N79<>"", "_" & N79, "") & IF(O79<>"", "_" & O79, "")) | F79: =IF(I79="","", "SM_" & I79 & IF(J79<>"", "_" & J79, "") & IF(K79<>"", "_" & K79, "") & IF(L79<>"", "_" & L79, "") & IF(M79<>"", "_" & M79, "") & IF(P79<>"", "_X" & P79, "") & IF(Q79<>"", "_Y" & Q79, "") & IF(R79<>"", "_Z" & R79, "") & IF(N79<>"", "_" & N79, "") & IF(O79<>"", "_" & O79, "")) | I79: Labor | J79: Window | K79: Large | L79: Side | M79: SingleFace | N79: A | O79: 001 | P79: 100 | Q79: 20 | R79: 300
E80: =IF(I80="","", "BP_" & I80 & IF(J80<>"", "_" & J80, "") & IF(K80<>"", "_" & K80, "") & IF(L80<>"", "_" & L80, "") & IF(M80<>"", "_" & M80, "") & IF(P80<>"", "_X" & P80, "") & IF(Q80<>"", "_Y" & Q80, "") & IF(R80<>"", "_Z" & R80, "") & IF(N80<>"", "_" & N80, "") & IF(O80<>"", "_" & O80, "")) | F80: =IF(I80="","", "SM_" & I80 & IF(J80<>"", "_" & J80, "") & IF(K80<>"", "_" & K80, "") & IF(L80<>"", "_" & L80, "") & IF(M80<>"", "_" & M80, "") & IF(P80<>"", "_X" & P80, "") & IF(Q80<>"", "_Y" & Q80, "") & IF(R80<>"", "_Z" & R80, "") & IF(N80<>"", "_" & N80, "") & IF(O80<>"", "_" & O80, "")) | I80: Labor | J80: Window | K80: Large | L80: Side | M80: SingleFace | N80: B | O80: 001 | P80: 100 | Q80: 20 | R80: 300
D81: Small | E81: =IF(I81="","", "BP_" & I81 & IF(J81<>"", "_" & J81, "") & IF(K81<>"", "_" & K81, "") & IF(L81<>"", "_" & L81, "") & IF(M81<>"", "_" & M81, "") & IF(P81<>"", "_X" & P81, "") & IF(Q81<>"", "_Y" & Q81, "") & IF(R81<>"", "_Z" & R81, "") & IF(N81<>"", "_" & N81, "") & IF(O81<>"", "_" & O81, "")) | F81: =IF(I81="","", "SM_" & I81 & IF(J81<>"", "_" & J81, "") & IF(K81<>"", "_" & K81, "") & IF(L81<>"", "_" & L81, "") & IF(M81<>"", "_" & M81, "") & IF(P81<>"", "_X" & P81, "") & IF(Q81<>"", "_Y" & Q81, "") & IF(R81<>"", "_Z" & R81, "") & IF(N81<>"", "_" & N81, "") & IF(O81<>"", "_" & O81, ""))
E82: =IF(I82="","", "BP_" & I82 & IF(J82<>"", "_" & J82, "") & IF(K82<>"", "_" & K82, "") & IF(L82<>"", "_" & L82, "") & IF(M82<>"", "_" & M82, "") & IF(P82<>"", "_X" & P82, "") & IF(Q82<>"", "_Y" & Q82, "") & IF(R82<>"", "_Z" & R82, "") & IF(N82<>"", "_" & N82, "") & IF(O82<>"", "_" & O82, "")) | F82: =IF(I82="","", "SM_" & I82 & IF(J82<>"", "_" & J82, "") & IF(K82<>"", "_" & K82, "") & IF(L82<>"", "_" & L82, "") & IF(M82<>"", "_" & M82, "") & IF(P82<>"", "_X" & P82, "") & IF(Q82<>"", "_Y" & Q82, "") & IF(R82<>"", "_Z" & R82, "") & IF(N82<>"", "_" & N82, "") & IF(O82<>"", "_" & O82, "")) | I82: Labor | J82: Window | K82: Small | L82: Center | M82: DoubleFace | N82: A | O82: 001 | P82: 100 | Q82: 20 | R82: 300 | S82: DONE | T82: DONE
E83: =IF(I83="","", "BP_" & I83 & IF(J83<>"", "_" & J83, "") & IF(K83<>"", "_" & K83, "") & IF(L83<>"", "_" & L83, "") & IF(M83<>"", "_" & M83, "") & IF(P83<>"", "_X" & P83, "") & IF(Q83<>"", "_Y" & Q83, "") & IF(R83<>"", "_Z" & R83, "") & IF(N83<>"", "_" & N83, "") & IF(O83<>"", "_" & O83, "")) | F83: =IF(I83="","", "SM_" & I83 & IF(J83<>"", "_" & J83, "") & IF(K83<>"", "_" & K83, "") & IF(L83<>"", "_" & L83, "") & IF(M83<>"", "_" & M83, "") & IF(P83<>"", "_X" & P83, "") & IF(Q83<>"", "_Y" & Q83, "") & IF(R83<>"", "_Z" & R83, "") & IF(N83<>"", "_" & N83, "") & IF(O83<>"", "_" & O83, "")) | I83: Labor | J83: Window | K83: Small | L83: Center | M83: SingleFace | N83: A | O83: 001 | P83: 100 | Q83: 20 | R83: 300 | S83: DONE | T83: DONE
E84: =IF(I84="","", "BP_" & I84 & IF(J84<>"", "_" & J84, "") & IF(K84<>"", "_" & K84, "") & IF(L84<>"", "_" & L84, "") & IF(M84<>"", "_" & M84, "") & IF(P84<>"", "_X" & P84, "") & IF(Q84<>"", "_Y" & Q84, "") & IF(R84<>"", "_Z" & R84, "") & IF(N84<>"", "_" & N84, "") & IF(O84<>"", "_" & O84, "")) | F84: =IF(I84="","", "SM_" & I84 & IF(J84<>"", "_" & J84, "") & IF(K84<>"", "_" & K84, "") & IF(L84<>"", "_" & L84, "") & IF(M84<>"", "_" & M84, "") & IF(P84<>"", "_X" & P84, "") & IF(Q84<>"", "_Y" & Q84, "") & IF(R84<>"", "_Z" & R84, "") & IF(N84<>"", "_" & N84, "") & IF(O84<>"", "_" & O84, "")) | I84: Labor | J84: Window | K84: Small | L84: Side | M84: DoubleFace | N84: A | O84: 001 | P84: 100 | Q84: 20 | R84: 300 | S84: DONE | T84: DONE | U84: Center, Bottom
E85: =IF(I85="","", "BP_" & I85 & IF(J85<>"", "_" & J85, "") & IF(K85<>"", "_" & K85, "") & IF(L85<>"", "_" & L85, "") & IF(M85<>"", "_" & M85, "") & IF(P85<>"", "_X" & P85, "") & IF(Q85<>"", "_Y" & Q85, "") & IF(R85<>"", "_Z" & R85, "") & IF(N85<>"", "_" & N85, "") & IF(O85<>"", "_" & O85, "")) | F85: =IF(I85="","", "SM_" & I85 & IF(J85<>"", "_" & J85, "") & IF(K85<>"", "_" & K85, "") & IF(L85<>"", "_" & L85, "") & IF(M85<>"", "_" & M85, "") & IF(P85<>"", "_X" & P85, "") & IF(Q85<>"", "_Y" & Q85, "") & IF(R85<>"", "_Z" & R85, "") & IF(N85<>"", "_" & N85, "") & IF(O85<>"", "_" & O85, "")) | I85: Labor | J85: Window | K85: Small | L85: Side | M85: DoubleFace | N85: B | O85: 001 | P85: 100 | Q85: 20 | R85: 300 | S85: DONE | T85: DONE
E86: =IF(I86="","", "BP_" & I86 & IF(J86<>"", "_" & J86, "") & IF(K86<>"", "_" & K86, "") & IF(L86<>"", "_" & L86, "") & IF(M86<>"", "_" & M86, "") & IF(P86<>"", "_X" & P86, "") & IF(Q86<>"", "_Y" & Q86, "") & IF(R86<>"", "_Z" & R86, "") & IF(N86<>"", "_" & N86, "") & IF(O86<>"", "_" & O86, "")) | F86: =IF(I86="","", "SM_" & I86 & IF(J86<>"", "_" & J86, "") & IF(K86<>"", "_" & K86, "") & IF(L86<>"", "_" & L86, "") & IF(M86<>"", "_" & M86, "") & IF(P86<>"", "_X" & P86, "") & IF(Q86<>"", "_Y" & Q86, "") & IF(R86<>"", "_Z" & R86, "") & IF(N86<>"", "_" & N86, "") & IF(O86<>"", "_" & O86, "")) | I86: Labor | J86: Window | K86: Small | L86: Side | M86: SingleFace | N86: A | O86: 001 | P86: 100 | Q86: 20 | R86: 300 | S86: DONE | T86: DONE
E87: =IF(I87="","", "BP_" & I87 & IF(J87<>"", "_" & J87, "") & IF(K87<>"", "_" & K87, "") & IF(L87<>"", "_" & L87, "") & IF(M87<>"", "_" & M87, "") & IF(P87<>"", "_X" & P87, "") & IF(Q87<>"", "_Y" & Q87, "") & IF(R87<>"", "_Z" & R87, "") & IF(N87<>"", "_" & N87, "") & IF(O87<>"", "_" & O87, "")) | F87: =IF(I87="","", "SM_" & I87 & IF(J87<>"", "_" & J87, "") & IF(K87<>"", "_" & K87, "") & IF(L87<>"", "_" & L87, "") & IF(M87<>"", "_" & M87, "") & IF(P87<>"", "_X" & P87, "") & IF(Q87<>"", "_Y" & Q87, "") & IF(R87<>"", "_Z" & R87, "") & IF(N87<>"", "_" & N87, "") & IF(O87<>"", "_" & O87, "")) | I87: Labor | J87: Window | K87: Small | L87: Side | M87: SingleFace | N87: B | O87: 001 | P87: 100 | Q87: 20 | R87: 300 | S87: DONE | T87: DONE
C88: Arch
E89: =IF(I89="","", "BP_" & I89 & IF(J89<>"", "_" & J89, "") & IF(K89<>"", "_" & K89, "") & IF(L89<>"", "_" & L89, "") & IF(M89<>"", "_" & M89, "") & IF(P89<>"", "_X" & P89, "") & IF(Q89<>"", "_Y" & Q89, "") & IF(R89<>"", "_Z" & R89, "") & IF(N89<>"", "_" & N89, "") & IF(O89<>"", "_" & O89, "")) | F89: =IF(I89="","", "SM_" & I89 & IF(J89<>"", "_" & J89, "") & IF(K89<>"", "_" & K89, "") & IF(L89<>"", "_" & L89, "") & IF(M89<>"", "_" & M89, "") & IF(P89<>"", "_X" & P89, "") & IF(Q89<>"", "_Y" & Q89, "") & IF(R89<>"", "_Z" & R89, "") & IF(N89<>"", "_" & N89, "") & IF(O89<>"", "_" & O89, "")) | I89: Labor | J89: Arch | N89: A | O89: 001 | P89: 400 | Q89: 40 | R89: 300
E90: =IF(I90="","", "BP_" & I90 & IF(J90<>"", "_" & J90, "") & IF(K90<>"", "_" & K90, "") & IF(L90<>"", "_" & L90, "") & IF(M90<>"", "_" & M90, "") & IF(P90<>"", "_X" & P90, "") & IF(Q90<>"", "_Y" & Q90, "") & IF(R90<>"", "_Z" & R90, "") & IF(N90<>"", "_" & N90, "") & IF(O90<>"", "_" & O90, "")) | F90: =IF(I90="","", "SM_" & I90 & IF(J90<>"", "_" & J90, "") & IF(K90<>"", "_" & K90, "") & IF(L90<>"", "_" & L90, "") & IF(M90<>"", "_" & M90, "") & IF(P90<>"", "_X" & P90, "") & IF(Q90<>"", "_Y" & Q90, "") & IF(R90<>"", "_Z" & R90, "") & IF(N90<>"", "_" & N90, "") & IF(O90<>"", "_" & O90, ""))
E91: =IF(I91="","", "BP_" & I91 & IF(J91<>"", "_" & J91, "") & IF(K91<>"", "_" & K91, "") & IF(L91<>"", "_" & L91, "") & IF(M91<>"", "_" & M91, "") & IF(P91<>"", "_X" & P91, "") & IF(Q91<>"", "_Y" & Q91, "") & IF(R91<>"", "_Z" & R91, "") & IF(N91<>"", "_" & N91, "") & IF(O91<>"", "_" & O91, "")) | F91: =IF(I91="","", "SM_" & I91 & IF(J91<>"", "_" & J91, "") & IF(K91<>"", "_" & K91, "") & IF(L91<>"", "_" & L91, "") & IF(M91<>"", "_" & M91, "") & IF(P91<>"", "_X" & P91, "") & IF(Q91<>"", "_Y" & Q91, "") & IF(R91<>"", "_Z" & R91, "") & IF(N91<>"", "_" & N91, "") & IF(O91<>"", "_" & O91, ""))
E92: =IF(I92="","", "BP_" & I92 & IF(J92<>"", "_" & J92, "") & IF(K92<>"", "_" & K92, "") & IF(L92<>"", "_" & L92, "") & IF(M92<>"", "_" & M92, "") & IF(P92<>"", "_X" & P92, "") & IF(Q92<>"", "_Y" & Q92, "") & IF(R92<>"", "_Z" & R92, "") & IF(N92<>"", "_" & N92, "") & IF(O92<>"", "_" & O92, "")) | F92: =IF(I92="","", "SM_" & I92 & IF(J92<>"", "_" & J92, "") & IF(K92<>"", "_" & K92, "") & IF(L92<>"", "_" & L92, "") & IF(M92<>"", "_" & M92, "") & IF(P92<>"", "_X" & P92, "") & IF(Q92<>"", "_Y" & Q92, "") & IF(R92<>"", "_Z" & R92, "") & IF(N92<>"", "_" & N92, "") & IF(O92<>"", "_" & O92, ""))
E93: =IF(I93="","", "BP_" & I93 & IF(J93<>"", "_" & J93, "") & IF(K93<>"", "_" & K93, "") & IF(L93<>"", "_" & L93, "") & IF(M93<>"", "_" & M93, "") & IF(P93<>"", "_X" & P93, "") & IF(Q93<>"", "_Y" & Q93, "") & IF(R93<>"", "_Z" & R93, "") & IF(N93<>"", "_" & N93, "") & IF(O93<>"", "_" & O93, "")) | F93: =IF(I93="","", "SM_" & I93 & IF(J93<>"", "_" & J93, "") & IF(K93<>"", "_" & K93, "") & IF(L93<>"", "_" & L93, "") & IF(M93<>"", "_" & M93, "") & IF(P93<>"", "_X" & P93, "") & IF(Q93<>"", "_Y" & Q93, "") & IF(R93<>"", "_Z" & R93, "") & IF(N93<>"", "_" & N93, "") & IF(O93<>"", "_" & O93, ""))
E94: =IF(I94="","", "BP_" & I94 & IF(J94<>"", "_" & J94, "") & IF(K94<>"", "_" & K94, "") & IF(L94<>"", "_" & L94, "") & IF(M94<>"", "_" & M94, "") & IF(P94<>"", "_X" & P94, "") & IF(Q94<>"", "_Y" & Q94, "") & IF(R94<>"", "_Z" & R94, "") & IF(N94<>"", "_" & N94, "") & IF(O94<>"", "_" & O94, "")) | F94: =IF(I94="","", "SM_" & I94 & IF(J94<>"", "_" & J94, "") & IF(K94<>"", "_" & K94, "") & IF(L94<>"", "_" & L94, "") & IF(M94<>"", "_" & M94, "") & IF(P94<>"", "_X" & P94, "") & IF(Q94<>"", "_Y" & Q94, "") & IF(R94<>"", "_Z" & R94, "") & IF(N94<>"", "_" & N94, "") & IF(O94<>"", "_" & O94, ""))
E95: =IF(I95="","", "BP_" & I95 & IF(J95<>"", "_" & J95, "") & IF(K95<>"", "_" & K95, "") & IF(L95<>"", "_" & L95, "") & IF(M95<>"", "_" & M95, "") & IF(P95<>"", "_X" & P95, "") & IF(Q95<>"", "_Y" & Q95, "") & IF(R95<>"", "_Z" & R95, "") & IF(N95<>"", "_" & N95, "") & IF(O95<>"", "_" & O95, "")) | F95: =IF(I95="","", "SM_" & I95 & IF(J95<>"", "_" & J95, "") & IF(K95<>"", "_" & K95, "") & IF(L95<>"", "_" & L95, "") & IF(M95<>"", "_" & M95, "") & IF(P95<>"", "_X" & P95, "") & IF(Q95<>"", "_Y" & Q95, "") & IF(R95<>"", "_Z" & R95, "") & IF(N95<>"", "_" & N95, "") & IF(O95<>"", "_" & O95, ""))
E96: =IF(I96="","", "BP_" & I96 & IF(J96<>"", "_" & J96, "") & IF(K96<>"", "_" & K96, "") & IF(L96<>"", "_" & L96, "") & IF(M96<>"", "_" & M96, "") & IF(P96<>"", "_X" & P96, "") & IF(Q96<>"", "_Y" & Q96, "") & IF(R96<>"", "_Z" & R96, "") & IF(N96<>"", "_" & N96, "") & IF(O96<>"", "_" & O96, "")) | F96: =IF(I96="","", "SM_" & I96 & IF(J96<>"", "_" & J96, "") & IF(K96<>"", "_" & K96, "") & IF(L96<>"", "_" & L96, "") & IF(M96<>"", "_" & M96, "") & IF(P96<>"", "_X" & P96, "") & IF(Q96<>"", "_Y" & Q96, "") & IF(R96<>"", "_Z" & R96, "") & IF(N96<>"", "_" & N96, "") & IF(O96<>"", "_" & O96, ""))
E97: =IF(I97="","", "BP_" & I97 & IF(J97<>"", "_" & J97, "") & IF(K97<>"", "_" & K97, "") & IF(L97<>"", "_" & L97, "") & IF(M97<>"", "_" & M97, "") & IF(P97<>"", "_X" & P97, "") & IF(Q97<>"", "_Y" & Q97, "") & IF(R97<>"", "_Z" & R97, "") & IF(N97<>"", "_" & N97, "") & IF(O97<>"", "_" & O97, "")) | F97: =IF(I97="","", "SM_" & I97 & IF(J97<>"", "_" & J97, "") & IF(K97<>"", "_" & K97, "") & IF(L97<>"", "_" & L97, "") & IF(M97<>"", "_" & M97, "") & IF(P97<>"", "_X" & P97, "") & IF(Q97<>"", "_Y" & Q97, "") & IF(R97<>"", "_Z" & R97, "") & IF(N97<>"", "_" & N97, "") & IF(O97<>"", "_" & O97, ""))
E98: =IF(I98="","", "BP_" & I98 & IF(J98<>"", "_" & J98, "") & IF(K98<>"", "_" & K98, "") & IF(L98<>"", "_" & L98, "") & IF(M98<>"", "_" & M98, "") & IF(P98<>"", "_X" & P98, "") & IF(Q98<>"", "_Y" & Q98, "") & IF(R98<>"", "_Z" & R98, "") & IF(N98<>"", "_" & N98, "") & IF(O98<>"", "_" & O98, "")) | F98: =IF(I98="","", "SM_" & I98 & IF(J98<>"", "_" & J98, "") & IF(K98<>"", "_" & K98, "") & IF(L98<>"", "_" & L98, "") & IF(M98<>"", "_" & M98, "") & IF(P98<>"", "_X" & P98, "") & IF(Q98<>"", "_Y" & Q98, "") & IF(R98<>"", "_Z" & R98, "") & IF(N98<>"", "_" & N98, "") & IF(O98<>"", "_" & O98, ""))
E99: =IF(I99="","", "BP_" & I99 & IF(J99<>"", "_" & J99, "") & IF(K99<>"", "_" & K99, "") & IF(L99<>"", "_" & L99, "") & IF(M99<>"", "_" & M99, "") & IF(P99<>"", "_X" & P99, "") & IF(Q99<>"", "_Y" & Q99, "") & IF(R99<>"", "_Z" & R99, "") & IF(N99<>"", "_" & N99, "") & IF(O99<>"", "_" & O99, "")) | F99: =IF(I99="","", "SM_" & I99 & IF(J99<>"", "_" & J99, "") & IF(K99<>"", "_" & K99, "") & IF(L99<>"", "_" & L99, "") & IF(M99<>"", "_" & M99, "") & IF(P99<>"", "_X" & P99, "") & IF(Q99<>"", "_Y" & Q99, "") & IF(R99<>"", "_Z" & R99, "") & IF(N99<>"", "_" & N99, "") & IF(O99<>"", "_" & O99, ""))
E100: =IF(I100="","", "BP_" & I100 & IF(J100<>"", "_" & J100, "") & IF(K100<>"", "_" & K100, "") & IF(L100<>"", "_" & L100, "") & IF(M100<>"", "_" & M100, "") & IF(P100<>"", "_X" & P100, "") & IF(Q100<>"", "_Y" & Q100, "") & IF(R100<>"", "_Z" & R100, "") & IF(N100<>"", "_" & N100, "") & IF(O100<>"", "_" & O100, "")) | F100: =IF(I100="","", "SM_" & I100 & IF(J100<>"", "_" & J100, "") & IF(K100<>"", "_" & K100, "") & IF(L100<>"", "_" & L100, "") & IF(M100<>"", "_" & M100, "") & IF(P100<>"", "_X" & P100, "") & IF(Q100<>"", "_Y" & Q100, "") & IF(R100<>"", "_Z" & R100, "") & IF(N100<>"", "_" & N100, "") & IF(O100<>"", "_" & O100, ""))
E101: =IF(I101="","", "BP_" & I101 & IF(J101<>"", "_" & J101, "") & IF(K101<>"", "_" & K101, "") & IF(L101<>"", "_" & L101, "") & IF(M101<>"", "_" & M101, "") & IF(P101<>"", "_X" & P101, "") & IF(Q101<>"", "_Y" & Q101, "") & IF(R101<>"", "_Z" & R101, "") & IF(N101<>"", "_" & N101, "") & IF(O101<>"", "_" & O101, "")) | F101: =IF(I101="","", "SM_" & I101 & IF(J101<>"", "_" & J101, "") & IF(K101<>"", "_" & K101, "") & IF(L101<>"", "_" & L101, "") & IF(M101<>"", "_" & M101, "") & IF(P101<>"", "_X" & P101, "") & IF(Q101<>"", "_Y" & Q101, "") & IF(R101<>"", "_Z" & R101, "") & IF(N101<>"", "_" & N101, "") & IF(O101<>"", "_" & O101, ""))
...

Sheet 关卡程序命名
B1: MapName | C1: EnemyMapName | D1: RewardMapName | F1: MapRef | G1: EnemyRef | H1: RewardRef | I1: SectionID | J1: MapType | K1: StartFacing | M1: Party | N1: EndFacing | O1: Allowed Level | P1: Variant | Q1: Section To | R1: Section From | S1: 进度 | T1: 组合 | V1: 总概率 | W1: Initial | X1: 1 | Y1: 2 | Z1: 3 | AA1: 4 | AB1: 5 | AC1: 6 | AD1: 7 | AE1: 8 | AF1: 9 | AG1: 10
B2: {="_"} | C2: {="_"} | D2: {="_"} | F2: {=B2:B1000&M2:M1000&I2:I1000&S2:S1000=""&""&"/Game/Levels/Maps/"&"/SubLevel/"&"_"&"/"&"."} | G2: {=C2:C1000&M2:M1000&I2:I1000&S2:S1000=""&""&"/Script/Engine.World'/Game/Levels/Maps/"&"/SubLevel/"&"_"&"/"&"."&"'"} | H2: {=D2:D1000&M2:M1000&I2:I1000&S2:S1000=""&""&"/Script/Engine.World'/Game/Levels/Maps/"&"/SubLevel/"&"_"&"/"&"."&"'"} | I2: S01 | J2: 1_Initial | K2: 0_Initial | M2: Labor | N2: 3_NagY | O2: 1 | P2: 01 | S2: DONE | T2: {=""} | V2: =IF(SUM(X2:AG2)=0, 0, SUM(X2:AG2) / SUM($X$2:$AG$1012)) | X2: =IF(AND($S2="DONE", ISNUMBER(FIND(","&X$1&",", ","&SUBSTITUTE($O2," ","")&","))), 1/SUMPRODUCT(--ISNUMBER(FIND(","&X$1&",", ","&SUBSTITUTE($O$2:$O$1012," ","")&",")), --($S$2:$S$1012="DONE")), 0) | Y2: =IF(AND($S2="DONE", ISNUMBER(FIND(","&Y$1&",", ","&SUBSTITUTE($O2," ","")&","))), 1/SUMPRODUCT(--ISNUMBER(FIND(","&Y$1&",", ","&SUBSTITUTE($O$2:$O$1012," ","")&",")), --($S$2:$S$1012="DONE")), 0) | Z2: =IF(AND($S2="DONE", ISNUMBER(FIND(","&Z$1&",", ","&SUBSTITUTE($O2," ","")&","))), 1/SUMPRODUCT(--ISNUMBER(FIND(","&Z$1&",", ","&SUBSTITUTE($O$2:$O$1012," ","")&",")), --($S$2:$S$1012="DONE")), 0) | AA2: =IF(AND($S2="DONE", ISNUMBER(FIND(","&AA$1&",", ","&SUBSTITUTE($O2," ","")&","))), 1/SUMPRODUCT(--ISNUMBER(FIND(","&AA$1&",", ","&SUBSTITUTE($O$2:$O$1012," ","")&",")), --($S$2:$S$1012="DONE")), 0) | AB2: =IF(AND($S2="DONE", ISNUMBER(FIND(","&AB$1&",", ","&SUBSTITUTE($O2," ","")&","))), 1/SUMPRODUCT(--ISNUMBER(FIND(","&AB$1&",", ","&SUBSTITUTE($O$2:$O$1012," ","")&",")), --($S$2:$S$1012="DONE")), 0) | AC2: =IF(AND($S2="DONE", ISNUMBER(FIND(","&AC$1&",", ","&SUBSTITUTE($O2," ","")&","))), 1/SUMPRODUCT(--ISNUMBER(FIND(","&AC$1&",", ","&SUBSTITUTE($O$2:$O$1012," ","")&",")), --($S$2:$S$1012="DONE")), 0) | AD2: =IF(AND($S2="DONE", ISNUMBER(FIND(","&AD$1&",", ","&SUBSTITUTE($O2," ","")&","))), 1/SUMPRODUCT(--ISNUMBER(FIND(","&AD$1&",", ","&SUBSTITUTE($O$2:$O$1012," ","")&",")), --($S$2:$S$1012="DONE")), 0) | AE2: =IF(AND($S2="DONE", ISNUMBER(FIND(","&AE$1&",", ","&SUBSTITUTE($O2," ","")&","))), 1/SUMPRODUCT(--ISNUMBER(FIND(","&AE$1&",", ","&SUBSTITUTE($O$2:$O$1012," ","")&",")), --($S$2:$S$1012="DONE")), 0) | ... AG2: =IF(AND($S2="DONE", ISNUMBER(FIND(","&AG$1&",", ","&SUBSTITUTE($O2," ","")&","))), 1/SUMPRODUCT(--ISNUMBER(FIND(","&AG$1&",", ","&SUBSTITUTE($O$2:$O$1012," ","")&",")), --($S$2:$S$1012="DONE")), 0)
B3: L_Labor_Initial_PosY_S01_01 | C3: L_Labor_Initial_PosY_S01_01_Enemy | D3: L_Labor_Initial_PosY_S01_01_Reward | F3: /Game/Levels/Maps/Labor/SubLevel/Labor_S01/L_Labor_Initial_PosY_S01_01.L_Labor_Initial_PosY_S01_01 | G3: /Script/Engine.World'/Game/Levels/Maps/Labor/SubLevel/Labor_S01/L_Labor_Initial_PosY_S01_01_Enemy.L_Labor_Initial_PosY_S01_01_Enemy' | H3: /Script/Engine.World'/Game/Levels/Maps/Labor/SubLevel/Labor_S01/L_Labor_Initial_PosY_S01_01_Reward.L_Labor_Initial_PosY_S01_01_Reward' | I3: S01 | J3: 1_Initial | K3: 0_Initial | M3: Labor | N3: 2_PosY | O3: 1 | P3: 01 | S3: NEED FIX | V3: =IF(SUM(X3:AG3)=0, 0, SUM(X3:AG3) / SUM($X$2:$AG$1012)) | X3: =IF(AND($S3="DONE", ISNUMBER(FIND(","&X$1&",", ","&SUBSTITUTE($O3," ","")&","))), 1/SUMPRODUCT(--ISNUMBER(FIND(","&X$1&",", ","&SUBSTITUTE($O$2:$O$1012," ","")&",")), --($S$2:$S$1012="DONE")), 0) | Y3: =IF(AND($S3="DONE", ISNUMBER(FIND(","&Y$1&",", ","&SUBSTITUTE($O3," ","")&","))), 1/SUMPRODUCT(--ISNUMBER(FIND(","&Y$1&",", ","&SUBSTITUTE($O$2:$O$1012," ","")&",")), --($S$2:$S$1012="DONE")), 0) | Z3: =IF(AND($S3="DONE", ISNUMBER(FIND(","&Z$1&",", ","&SUBSTITUTE($O3," ","")&","))), 1/SUMPRODUCT(--ISNUMBER(FIND(","&Z$1&",", ","&SUBSTITUTE($O$2:$O$1012," ","")&",")), --($S$2:$S$1012="DONE")), 0) | AA3: =IF(AND($S3="DONE", ISNUMBER(FIND(","&AA$1&",", ","&SUBSTITUTE($O3," ","")&","))), 1/SUMPRODUCT(--ISNUMBER(FIND(","&AA$1&",", ","&SUBSTITUTE($O$2:$O$1012," ","")&",")), --($S$2:$S$1012="DONE")), 0) | AB3: =IF(AND($S3="DONE", ISNUMBER(FIND(","&AB$1&",", ","&SUBSTITUTE($O3," ","")&","))), 1/SUMPRODUCT(--ISNUMBER(FIND(","&AB$1&",", ","&SUBSTITUTE($O$2:$O$1012," ","")&",")), --($S$2:$S$1012="DONE")), 0) | AC3: =IF(AND($S3="DONE", ISNUMBER(FIND(","&AC$1&",", ","&SUBSTITUTE($O3," ","")&","))), 1/SUMPRODUCT(--ISNUMBER(FIND(","&AC$1&",", ","&SUBSTITUTE($O$2:$O$1012," ","")&",")), --($S$2:$S$1012="DONE")), 0) | AD3: =IF(AND($S3="DONE", ISNUMBER(FIND(","&AD$1&",", ","&SUBSTITUTE($O3," ","")&","))), 1/SUMPRODUCT(--ISNUMBER(FIND(","&AD$1&",", ","&SUBSTITUTE($O$2:$O$1012," ","")&",")), --($S$2:$S$1012="DONE")), 0) | AE3: =IF(AND($S3="DONE", ISNUMBER(FIND(","&AE$1&",", ","&SUBSTITUTE($O3," ","")&","))), 1/SUMPRODUCT(--ISNUMBER(FIND(","&AE$1&",", ","&SUBSTITUTE($O$2:$O$1012," ","")&",")), --($S$2:$S$1012="DONE")), 0) | ... AG3: =IF(AND($S3="DONE", ISNUMBER(FIND(","&AG$1&",", ","&SUBSTITUTE($O3," ","")&","))), 1/SUMPRODUCT(--ISNUMBER(FIND(","&AG$1&",", ","&SUBSTITUTE($O$2:$O$1012," ","")&",")), --($S$2:$S$1012="DONE")), 0)
B4: L_Labor_Initial_NagX_S01_01 | C4: L_Labor_Initial_NagX_S01_01_Enemy | D4: L_Labor_Initial_NagX_S01_01_Reward | F4: /Game/Levels/Maps/Labor/SubLevel/Labor_S01/L_Labor_Initial_NagX_S01_01.L_Labor_Initial_NagX_S01_01 | G4: /Script/Engine.World'/Game/Levels/Maps/Labor/SubLevel/Labor_S01/L_Labor_Initial_NagX_S01_01_Enemy.L_Labor_Initial_NagX_S01_01_Enemy' | H4: /Script/Engine.World'/Game/Levels/Maps/Labor/SubLevel/Labor_S01/L_Labor_Initial_NagX_S01_01_Reward.L_Labor_Initial_NagX_S01_01_Reward' | I4: S01 | J4: 1_Initial | K4: 0_Initial | M4: Labor | N4: 1_NagX | O4: 1 | P4: 01 | S4: NEED FIX | V4: =IF(SUM(X4:AG4)=0, 0, SUM(X4:AG4) / SUM($X$2:$AG$1012)) | X4: =IF(AND($S4="DONE", ISNUMBER(FIND(","&X$1&",", ","&SUBSTITUTE($O4," ","")&","))), 1/SUMPRODUCT(--ISNUMBER(FIND(","&X$1&",", ","&SUBSTITUTE($O$2:$O$1012," ","")&",")), --($S$2:$S$1012="DONE")), 0) | Y4: =IF(AND($S4="DONE", ISNUMBER(FIND(","&Y$1&",", ","&SUBSTITUTE($O4," ","")&","))), 1/SUMPRODUCT(--ISNUMBER(FIND(","&Y$1&",", ","&SUBSTITUTE($O$2:$O$1012," ","")&",")), --($S$2:$S$1012="DONE")), 0) | Z4: =IF(AND($S4="DONE", ISNUMBER(FIND(","&Z$1&",", ","&SUBSTITUTE($O4," ","")&","))), 1/SUMPRODUCT(--ISNUMBER(FIND(","&Z$1&",", ","&SUBSTITUTE($O$2:$O$1012," ","")&",")), --($S$2:$S$1012="DONE")), 0) | AA4: =IF(AND($S4="DONE", ISNUMBER(FIND(","&AA$1&",", ","&SUBSTITUTE($O4," ","")&","))), 1/SUMPRODUCT(--ISNUMBER(FIND(","&AA$1&",", ","&SUBSTITUTE($O$2:$O$1012," ","")&",")), --($S$2:$S$1012="DONE")), 0) | AB4: =IF(AND($S4="DONE", ISNUMBER(FIND(","&AB$1&",", ","&SUBSTITUTE($O4," ","")&","))), 1/SUMPRODUCT(--ISNUMBER(FIND(","&AB$1&",", ","&SUBSTITUTE($O$2:$O$1012," ","")&",")), --($S$2:$S$1012="DONE")), 0) | AC4: =IF(AND($S4="DONE", ISNUMBER(FIND(","&AC$1&",", ","&SUBSTITUTE($O4," ","")&","))), 1/SUMPRODUCT(--ISNUMBER(FIND(","&AC$1&",", ","&SUBSTITUTE($O$2:$O$1012," ","")&",")), --($S$2:$S$1012="DONE")), 0) | AD4: =IF(AND($S4="DONE", ISNUMBER(FIND(","&AD$1&",", ","&SUBSTITUTE($O4," ","")&","))), 1/SUMPRODUCT(--ISNUMBER(FIND(","&AD$1&",", ","&SUBSTITUTE($O$2:$O$1012," ","")&",")), --($S$2:$S$1012="DONE")), 0) | AE4: =IF(AND($S4="DONE", ISNUMBER(FIND(","&AE$1&",", ","&SUBSTITUTE($O4," ","")&","))), 1/SUMPRODUCT(--ISNUMBER(FIND(","&AE$1&",", ","&SUBSTITUTE($O$2:$O$1012," ","")&",")), --($S$2:$S$1012="DONE")), 0) | ... AG4: =IF(AND($S4="DONE", ISNUMBER(FIND(","&AG$1&",", ","&SUBSTITUTE($O4," ","")&","))), 1/SUMPRODUCT(--ISNUMBER(FIND(","&AG$1&",", ","&SUBSTITUTE($O$2:$O$1012," ","")&",")), --($S$2:$S$1012="DONE")), 0)
B5: L_Labor_Initial_NagY_S01_01 | C5: L_Labor_Initial_NagY_S01_01_Enemy | D5: L_Labor_Initial_NagY_S01_01_Reward | F5: /Game/Levels/Maps/Labor/SubLevel/Labor_S01/L_Labor_Initial_NagY_S01_01.L_Labor_Initial_NagY_S01_01 | G5: /Script/Engine.World'/Game/Levels/Maps/Labor/SubLevel/Labor_S01/L_Labor_Initial_NagY_S01_01_Enemy.L_Labor_Initial_NagY_S01_01_Enemy' | H5: /Script/Engine.World'/Game/Levels/Maps/Labor/SubLevel/Labor_S01/L_Labor_Initial_NagY_S01_01_Reward.L_Labor_Initial_NagY_S01_01_Reward' | I5: S01 | J5: 1_Initial | K5: 0_Initial | M5: Labor | N5: 3_NagY | O5: 1 | P5: 01 | S5: NEED FIX | V5: =IF(SUM(X5:AG5)=0, 0, SUM(X5:AG5) / SUM($X$2:$AG$1012)) | X5: =IF(AND($S5="DONE", ISNUMBER(FIND(","&X$1&",", ","&SUBSTITUTE($O5," ","")&","))), 1/SUMPRODUCT(--ISNUMBER(FIND(","&X$1&",", ","&SUBSTITUTE($O$2:$O$1012," ","")&",")), --($S$2:$S$1012="DONE")), 0) | Y5: =IF(AND($S5="DONE", ISNUMBER(FIND(","&Y$1&",", ","&SUBSTITUTE($O5," ","")&","))), 1/SUMPRODUCT(--ISNUMBER(FIND(","&Y$1&",", ","&SUBSTITUTE($O$2:$O$1012," ","")&",")), --($S$2:$S$1012="DONE")), 0) | Z5: =IF(AND($S5="DONE", ISNUMBER(FIND(","&Z$1&",", ","&SUBSTITUTE($O5," ","")&","))), 1/SUMPRODUCT(--ISNUMBER(FIND(","&Z$1&",", ","&SUBSTITUTE($O$2:$O$1012," ","")&",")), --($S$2:$S$1012="DONE")), 0) | AA5: =IF(AND($S5="DONE", ISNUMBER(FIND(","&AA$1&",", ","&SUBSTITUTE($O5," ","")&","))), 1/SUMPRODUCT(--ISNUMBER(FIND(","&AA$1&",", ","&SUBSTITUTE($O$2:$O$1012," ","")&",")), --($S$2:$S$1012="DONE")), 0) | AB5: =IF(AND($S5="DONE", ISNUMBER(FIND(","&AB$1&",", ","&SUBSTITUTE($O5," ","")&","))), 1/SUMPRODUCT(--ISNUMBER(FIND(","&AB$1&",", ","&SUBSTITUTE($O$2:$O$1012," ","")&",")), --($S$2:$S$1012="DONE")), 0) | AC5: =IF(AND($S5="DONE", ISNUMBER(FIND(","&AC$1&",", ","&SUBSTITUTE($O5," ","")&","))), 1/SUMPRODUCT(--ISNUMBER(FIND(","&AC$1&",", ","&SUBSTITUTE($O$2:$O$1012," ","")&",")), --($S$2:$S$1012="DONE")), 0) | AD5: =IF(AND($S5="DONE", ISNUMBER(FIND(","&AD$1&",", ","&SUBSTITUTE($O5," ","")&","))), 1/SUMPRODUCT(--ISNUMBER(FIND(","&AD$1&",", ","&SUBSTITUTE($O$2:$O$1012," ","")&",")), --($S$2:$S$1012="DONE")), 0) | AE5: =IF(AND($S5="DONE", ISNUMBER(FIND(","&AE$1&",", ","&SUBSTITUTE($O5," ","")&","))), 1/SUMPRODUCT(--ISNUMBER(FIND(","&AE$1&",", ","&SUBSTITUTE($O$2:$O$1012," ","")&",")), --($S$2:$S$1012="DONE")), 0) | ... AG5: =IF(AND($S5="DONE", ISNUMBER(FIND(","&AG$1&",", ","&SUBSTITUTE($O5," ","")&","))), 1/SUMPRODUCT(--ISNUMBER(FIND(","&AG$1&",", ","&SUBSTITUTE($O$2:$O$1012," ","")&",")), --($S$2:$S$1012="DONE")), 0)
B6: L_Labor_PosX_NagY_S01_01 | C6: L_Labor_PosX_NagY_S01_01_Enemy | D6: L_Labor_PosX_NagY_S01_01_Reward | F6: /Game/Levels/Maps/Labor/SubLevel/Labor_S01/L_Labor_PosX_NagY_S01_01.L_Labor_PosX_NagY_S01_01 | G6: /Script/Engine.World'/Game/Levels/Maps/Labor/SubLevel/Labor_S01/L_Labor_PosX_NagY_S01_01_Enemy.L_Labor_PosX_NagY_S01_01_Enemy' | H6: /Script/Engine.World'/Game/Levels/Maps/Labor/SubLevel/Labor_S01/L_Labor_PosX_NagY_S01_01_Reward.L_Labor_PosX_NagY_S01_01_Reward' | I6: S01 | J6: 0_Regular | K6: 0_PosX | M6: Labor | N6: 3_NagY | O6: 1,2,3,4,5,6,7,8 | P6: 01 | S6: DONE | T6: PosXNagY | V6: =IF(SUM(X6:AG6)=0, 0, SUM(X6:AG6) / SUM($X$2:$AG$1012)) | X6: =IF(AND($S6="DONE", ISNUMBER(FIND(","&X$1&",", ","&SUBSTITUTE($O6," ","")&","))), 1/SUMPRODUCT(--ISNUMBER(FIND(","&X$1&",", ","&SUBSTITUTE($O$2:$O$1012," ","")&",")), --($S$2:$S$1012="DONE")), 0) | Y6: =IF(AND($S6="DONE", ISNUMBER(FIND(","&Y$1&",", ","&SUBSTITUTE($O6," ","")&","))), 1/SUMPRODUCT(--ISNUMBER(FIND(","&Y$1&",", ","&SUBSTITUTE($O$2:$O$1012," ","")&",")), --($S$2:$S$1012="DONE")), 0) | Z6: =IF(AND($S6="DONE", ISNUMBER(FIND(","&Z$1&",", ","&SUBSTITUTE($O6," ","")&","))), 1/SUMPRODUCT(--ISNUMBER(FIND(","&Z$1&",", ","&SUBSTITUTE($O$2:$O$1012," ","")&",")), --($S$2:$S$1012="DONE")), 0) | AA6: =IF(AND($S6="DONE", ISNUMBER(FIND(","&AA$1&",", ","&SUBSTITUTE($O6," ","")&","))), 1/SUMPRODUCT(--ISNUMBER(FIND(","&AA$1&",", ","&SUBSTITUTE($O$2:$O$1012," ","")&",")), --($S$2:$S$1012="DONE")), 0) | AB6: =IF(AND($S6="DONE", ISNUMBER(FIND(","&AB$1&",", ","&SUBSTITUTE($O6," ","")&","))), 1/SUMPRODUCT(--ISNUMBER(FIND(","&AB$1&",", ","&SUBSTITUTE($O$2:$O$1012," ","")&",")), --($S$2:$S$1012="DONE")), 0) | AC6: =IF(AND($S6="DONE", ISNUMBER(FIND(","&AC$1&",", ","&SUBSTITUTE($O6," ","")&","))), 1/SUMPRODUCT(--ISNUMBER(FIND(","&AC$1&",", ","&SUBSTITUTE($O$2:$O$1012," ","")&",")), --($S$2:$S$1012="DONE")), 0) | AD6: =IF(AND($S6="DONE", ISNUMBER(FIND(","&AD$1&",", ","&SUBSTITUTE($O6," ","")&","))), 1/SUMPRODUCT(--ISNUMBER(FIND(","&AD$1&",", ","&SUBSTITUTE($O$2:$O$1012," ","")&",")), --($S$2:$S$1012="DONE")), 0) | AE6: =IF(AND($S6="DONE", ISNUMBER(FIND(","&AE$1&",", ","&SUBSTITUTE($O6," ","")&","))), 1/SUMPRODUCT(--ISNUMBER(FIND(","&AE$1&",", ","&SUBSTITUTE($O$2:$O$1012," ","")&",")), --($S$2:$S$1012="DONE")), 0) | ... AG6: =IF(AND($S6="DONE", ISNUMBER(FIND(","&AG$1&",", ","&SUBSTITUTE($O6," ","")&","))), 1/SUMPRODUCT(--ISNUMBER(FIND(","&AG$1&",", ","&SUBSTITUTE($O$2:$O$1012," ","")&",")), --($S$2:$S$1012="DONE")), 0)
B7: L_Labor_PosY_NagY_S02_01 | C7: L_Labor_PosY_NagY_S02_01_Enemy | D7: L_Labor_PosY_NagY_S02_01_Reward | F7: /Game/Levels/Maps/Labor/SubLevel/Labor_S02/L_Labor_PosY_NagY_S02_01.L_Labor_PosY_NagY_S02_01 | G7: /Script/Engine.World'/Game/Levels/Maps/Labor/SubLevel/Labor_S02/L_Labor_PosY_NagY_S02_01_Enemy.L_Labor_PosY_NagY_S02_01_Enemy' | H7: /Script/Engine.World'/Game/Levels/Maps/Labor/SubLevel/Labor_S02/L_Labor_PosY_NagY_S02_01_Reward.L_Labor_PosY_NagY_S02_01_Reward' | I7: S02 | J7: 0_Regular | K7: 2_PosY | M7: Labor | N7: 3_NagY | O7: 1,2,3,4,5,6,7,8 | P7: 01 | S7: DONE | T7: PosYNagY | V7: =IF(SUM(X7:AG7)=0, 0, SUM(X7:AG7) / SUM($X$2:$AG$1012)) | X7: =IF(AND($S7="DONE", ISNUMBER(FIND(","&X$1&",", ","&SUBSTITUTE($O7," ","")&","))), 1/SUMPRODUCT(--ISNUMBER(FIND(","&X$1&",", ","&SUBSTITUTE($O$2:$O$1012," ","")&",")), --($S$2:$S$1012="DONE")), 0) | Y7: =IF(AND($S7="DONE", ISNUMBER(FIND(","&Y$1&",", ","&SUBSTITUTE($O7," ","")&","))), 1/SUMPRODUCT(--ISNUMBER(FIND(","&Y$1&",", ","&SUBSTITUTE($O$2:$O$1012," ","")&",")), --($S$2:$S$1012="DONE")), 0) | Z7: =IF(AND($S7="DONE", ISNUMBER(FIND(","&Z$1&",", ","&SUBSTITUTE($O7," ","")&","))), 1/SUMPRODUCT(--ISNUMBER(FIND(","&Z$1&",", ","&SUBSTITUTE($O$2:$O$1012," ","")&",")), --($S$2:$S$1012="DONE")), 0) | AA7: =IF(AND($S7="DONE", ISNUMBER(FIND(","&AA$1&",", ","&SUBSTITUTE($O7," ","")&","))), 1/SUMPRODUCT(--ISNUMBER(FIND(","&AA$1&",", ","&SUBSTITUTE($O$2:$O$1012," ","")&",")), --($S$2:$S$1012="DONE")), 0) | AB7: =IF(AND($S7="DONE", ISNUMBER(FIND(","&AB$1&",", ","&SUBSTITUTE($O7," ","")&","))), 1/SUMPRODUCT(--ISNUMBER(FIND(","&AB$1&",", ","&SUBSTITUTE($O$2:$O$1012," ","")&",")), --($S$2:$S$1012="DONE")), 0) | AC7: =IF(AND($S7="DONE", ISNUMBER(FIND(","&AC$1&",", ","&SUBSTITUTE($O7," ","")&","))), 1/SUMPRODUCT(--ISNUMBER(FIND(","&AC$1&",", ","&SUBSTITUTE($O$2:$O$1012," ","")&",")), --($S$2:$S$1012="DONE")), 0) | AD7: =IF(AND($S7="DONE", ISNUMBER(FIND(","&AD$1&",", ","&SUBSTITUTE($O7," ","")&","))), 1/SUMPRODUCT(--ISNUMBER(FIND(","&AD$1&",", ","&SUBSTITUTE($O$2:$O$1012," ","")&",")), --($S$2:$S$1012="DONE")), 0) | AE7: =IF(AND($S7="DONE", ISNUMBER(FIND(","&AE$1&",", ","&SUBSTITUTE($O7," ","")&","))), 1/SUMPRODUCT(--ISNUMBER(FIND(","&AE$1&",", ","&SUBSTITUTE($O$2:$O$1012," ","")&",")), --($S$2:$S$1012="DONE")), 0) | ... AG7: =IF(AND($S7="DONE", ISNUMBER(FIND(","&AG$1&",", ","&SUBSTITUTE($O7," ","")&","))), 1/SUMPRODUCT(--ISNUMBER(FIND(","&AG$1&",", ","&SUBSTITUTE($O$2:$O$1012," ","")&",")), --($S$2:$S$1012="DONE")), 0)
B8: L_Labor_PosX_NagX_S03_01 | C8: L_Labor_PosX_NagX_S03_01_Enemy | D8: L_Labor_PosX_NagX_S03_01_Reward | F8: /Game/Levels/Maps/Labor/SubLevel/Labor_S03/L_Labor_PosX_NagX_S03_01.L_Labor_PosX_NagX_S03_01 | G8: /Script/Engine.World'/Game/Levels/Maps/Labor/SubLevel/Labor_S03/L_Labor_PosX_NagX_S03_01_Enemy.L_Labor_PosX_NagX_S03_01_Enemy' | H8: /Script/Engine.World'/Game/Levels/Maps/Labor/SubLevel/Labor_S03/L_Labor_PosX_NagX_S03_01_Reward.L_Labor_PosX_NagX_S03_01_Reward' | I8: S03 | J8: 0_Regular | K8: 0_PosX | M8: Labor | N8: 1_NagX | O8: 1,2,3,4,5,6,7,8 | P8: 01 | S8: DONE | T8: PosXNagX | V8: =IF(SUM(X8:AG8)=0, 0, SUM(X8:AG8) / SUM($X$2:$AG$1012)) | X8: =IF(AND($S8="DONE", ISNUMBER(FIND(","&X$1&",", ","&SUBSTITUTE($O8," ","")&","))), 1/SUMPRODUCT(--ISNUMBER(FIND(","&X$1&",", ","&SUBSTITUTE($O$2:$O$1012," ","")&",")), --($S$2:$S$1012="DONE")), 0) | Y8: =IF(AND($S8="DONE", ISNUMBER(FIND(","&Y$1&",", ","&SUBSTITUTE($O8," ","")&","))), 1/SUMPRODUCT(--ISNUMBER(FIND(","&Y$1&",", ","&SUBSTITUTE($O$2:$O$1012," ","")&",")), --($S$2:$S$1012="DONE")), 0) | Z8: =IF(AND($S8="DONE", ISNUMBER(FIND(","&Z$1&",", ","&SUBSTITUTE($O8," ","")&","))), 1/SUMPRODUCT(--ISNUMBER(FIND(","&Z$1&",", ","&SUBSTITUTE($O$2:$O$1012," ","")&",")), --($S$2:$S$1012="DONE")), 0) | AA8: =IF(AND($S8="DONE", ISNUMBER(FIND(","&AA$1&",", ","&SUBSTITUTE($O8," ","")&","))), 1/SUMPRODUCT(--ISNUMBER(FIND(","&AA$1&",", ","&SUBSTITUTE($O$2:$O$1012," ","")&",")), --($S$2:$S$1012="DONE")), 0) | AB8: =IF(AND($S8="DONE", ISNUMBER(FIND(","&AB$1&",", ","&SUBSTITUTE($O8," ","")&","))), 1/SUMPRODUCT(--ISNUMBER(FIND(","&AB$1&",", ","&SUBSTITUTE($O$2:$O$1012," ","")&",")), --($S$2:$S$1012="DONE")), 0) | AC8: =IF(AND($S8="DONE", ISNUMBER(FIND(","&AC$1&",", ","&SUBSTITUTE($O8," ","")&","))), 1/SUMPRODUCT(--ISNUMBER(FIND(","&AC$1&",", ","&SUBSTITUTE($O$2:$O$1012," ","")&",")), --($S$2:$S$1012="DONE")), 0) | AD8: =IF(AND($S8="DONE", ISNUMBER(FIND(","&AD$1&",", ","&SUBSTITUTE($O8," ","")&","))), 1/SUMPRODUCT(--ISNUMBER(FIND(","&AD$1&",", ","&SUBSTITUTE($O$2:$O$1012," ","")&",")), --($S$2:$S$1012="DONE")), 0) | AE8: =IF(AND($S8="DONE", ISNUMBER(FIND(","&AE$1&",", ","&SUBSTITUTE($O8," ","")&","))), 1/SUMPRODUCT(--ISNUMBER(FIND(","&AE$1&",", ","&SUBSTITUTE($O$2:$O$1012," ","")&",")), --($S$2:$S$1012="DONE")), 0) | ... AG8: =IF(AND($S8="DONE", ISNUMBER(FIND(","&AG$1&",", ","&SUBSTITUTE($O8," ","")&","))), 1/SUMPRODUCT(--ISNUMBER(FIND(","&AG$1&",", ","&SUBSTITUTE($O$2:$O$1012," ","")&",")), --($S$2:$S$1012="DONE")), 0)
B9: L_Labor_PosY_PosY_S04_01 | C9: L_Labor_PosY_PosY_S04_01_Enemy | D9: L_Labor_PosY_PosY_S04_01_Reward | F9: /Game/Levels/Maps/Labor/SubLevel/Labor_S04/L_Labor_PosY_PosY_S04_01.L_Labor_PosY_PosY_S04_01 | G9: /Script/Engine.World'/Game/Levels/Maps/Labor/SubLevel/Labor_S04/L_Labor_PosY_PosY_S04_01_Enemy.L_Labor_PosY_PosY_S04_01_Enemy' | H9: /Script/Engine.World'/Game/Levels/Maps/Labor/SubLevel/Labor_S04/L_Labor_PosY_PosY_S04_01_Reward.L_Labor_PosY_PosY_S04_01_Reward' | I9: S04 | J9: 0_Regular | K9: 2_PosY | M9: Labor | N9: 2_PosY | O9: 1,2,3,4,5,6,7,8 | P9: 01 | S9: DONE | T9: PosYPosY | V9: =IF(SUM(X9:AG9)=0, 0, SUM(X9:AG9) / SUM($X$2:$AG$1012)) | X9: =IF(AND($S9="DONE", ISNUMBER(FIND(","&X$1&",", ","&SUBSTITUTE($O9," ","")&","))), 1/SUMPRODUCT(--ISNUMBER(FIND(","&X$1&",", ","&SUBSTITUTE($O$2:$O$1012," ","")&",")), --($S$2:$S$1012="DONE")), 0) | Y9: =IF(AND($S9="DONE", ISNUMBER(FIND(","&Y$1&",", ","&SUBSTITUTE($O9," ","")&","))), 1/SUMPRODUCT(--ISNUMBER(FIND(","&Y$1&",", ","&SUBSTITUTE($O$2:$O$1012," ","")&",")), --($S$2:$S$1012="DONE")), 0) | Z9: =IF(AND($S9="DONE", ISNUMBER(FIND(","&Z$1&",", ","&SUBSTITUTE($O9," ","")&","))), 1/SUMPRODUCT(--ISNUMBER(FIND(","&Z$1&",", ","&SUBSTITUTE($O$2:$O$1012," ","")&",")), --($S$2:$S$1012="DONE")), 0) | AA9: =IF(AND($S9="DONE", ISNUMBER(FIND(","&AA$1&",", ","&SUBSTITUTE($O9," ","")&","))), 1/SUMPRODUCT(--ISNUMBER(FIND(","&AA$1&",", ","&SUBSTITUTE($O$2:$O$1012," ","")&",")), --($S$2:$S$1012="DONE")), 0) | AB9: =IF(AND($S9="DONE", ISNUMBER(FIND(","&AB$1&",", ","&SUBSTITUTE($O9," ","")&","))), 1/SUMPRODUCT(--ISNUMBER(FIND(","&AB$1&",", ","&SUBSTITUTE($O$2:$O$1012," ","")&",")), --($S$2:$S$1012="DONE")), 0) | AC9: =IF(AND($S9="DONE", ISNUMBER(FIND(","&AC$1&",", ","&SUBSTITUTE($O9," ","")&","))), 1/SUMPRODUCT(--ISNUMBER(FIND(","&AC$1&",", ","&SUBSTITUTE($O$2:$O$1012," ","")&",")), --($S$2:$S$1012="DONE")), 0) | AD9: =IF(AND($S9="DONE", ISNUMBER(FIND(","&AD$1&",", ","&SUBSTITUTE($O9," ","")&","))), 1/SUMPRODUCT(--ISNUMBER(FIND(","&AD$1&",", ","&SUBSTITUTE($O$2:$O$1012," ","")&",")), --($S$2:$S$1012="DONE")), 0) | AE9: =IF(AND($S9="DONE", ISNUMBER(FIND(","&AE$1&",", ","&SUBSTITUTE($O9," ","")&","))), 1/SUMPRODUCT(--ISNUMBER(FIND(","&AE$1&",", ","&SUBSTITUTE($O$2:$O$1012," ","")&",")), --($S$2:$S$1012="DONE")), 0) | ... AG9: =IF(AND($S9="DONE", ISNUMBER(FIND(","&AG$1&",", ","&SUBSTITUTE($O9," ","")&","))), 1/SUMPRODUCT(--ISNUMBER(FIND(","&AG$1&",", ","&SUBSTITUTE($O$2:$O$1012," ","")&",")), --($S$2:$S$1012="DONE")), 0)
B10: L_Labor_NagY_PosY_S05_01 | C10: L_Labor_NagY_PosY_S05_01_Enemy | D10: L_Labor_NagY_PosY_S05_01_Reward | F10: /Game/Levels/Maps/Labor/SubLevel/Labor_S05/L_Labor_NagY_PosY_S05_01.L_Labor_NagY_PosY_S05_01 | G10: /Script/Engine.World'/Game/Levels/Maps/Labor/SubLevel/Labor_S05/L_Labor_NagY_PosY_S05_01_Enemy.L_Labor_NagY_PosY_S05_01_Enemy' | H10: /Script/Engine.World'/Game/Levels/Maps/Labor/SubLevel/Labor_S05/L_Labor_NagY_PosY_S05_01_Reward.L_Labor_NagY_PosY_S05_01_Reward' | I10: S05 | J10: 0_Regular | K10: 3_NagY | M10: Labor | N10: 2_PosY | O10: 1,2,3,4,5,6,7,8 | P10: 01 | S10: DONE | T10: NagYPosY | V10: =IF(SUM(X10:AG10)=0, 0, SUM(X10:AG10) / SUM($X$2:$AG$1012)) | X10: =IF(AND($S10="DONE", ISNUMBER(FIND(","&X$1&",", ","&SUBSTITUTE($O10," ","")&","))), 1/SUMPRODUCT(--ISNUMBER(FIND(","&X$1&",", ","&SUBSTITUTE($O$2:$O$1012," ","")&",")), --($S$2:$S$1012="DONE")), 0) | Y10: =IF(AND($S10="DONE", ISNUMBER(FIND(","&Y$1&",", ","&SUBSTITUTE($O10," ","")&","))), 1/SUMPRODUCT(--ISNUMBER(FIND(","&Y$1&",", ","&SUBSTITUTE($O$2:$O$1012," ","")&",")), --($S$2:$S$1012="DONE")), 0) | Z10: =IF(AND($S10="DONE", ISNUMBER(FIND(","&Z$1&",", ","&SUBSTITUTE($O10," ","")&","))), 1/SUMPRODUCT(--ISNUMBER(FIND(","&Z$1&",", ","&SUBSTITUTE($O$2:$O$1012," ","")&",")), --($S$2:$S$1012="DONE")), 0) | AA10: =IF(AND($S10="DONE", ISNUMBER(FIND(","&AA$1&",", ","&SUBSTITUTE($O10," ","")&","))), 1/SUMPRODUCT(--ISNUMBER(FIND(","&AA$1&",", ","&SUBSTITUTE($O$2:$O$1012," ","")&",")), --($S$2:$S$1012="DONE")), 0) | AB10: =IF(AND($S10="DONE", ISNUMBER(FIND(","&AB$1&",", ","&SUBSTITUTE($O10," ","")&","))), 1/SUMPRODUCT(--ISNUMBER(FIND(","&AB$1&",", ","&SUBSTITUTE($O$2:$O$1012," ","")&",")), --($S$2:$S$1012="DONE")), 0) | AC10: =IF(AND($S10="DONE", ISNUMBER(FIND(","&AC$1&",", ","&SUBSTITUTE($O10," ","")&","))), 1/SUMPRODUCT(--ISNUMBER(FIND(","&AC$1&",", ","&SUBSTITUTE($O$2:$O$1012," ","")&",")), --($S$2:$S$1012="DONE")), 0) | AD10: =IF(AND($S10="DONE", ISNUMBER(FIND(","&AD$1&",", ","&SUBSTITUTE($O10," ","")&","))), 1/SUMPRODUCT(--ISNUMBER(FIND(","&AD$1&",", ","&SUBSTITUTE($O$2:$O$1012," ","")&",")), --($S$2:$S$1012="DONE")), 0) | AE10: =IF(AND($S10="DONE", ISNUMBER(FIND(","&AE$1&",", ","&SUBSTITUTE($O10," ","")&","))), 1/SUMPRODUCT(--ISNUMBER(FIND(","&AE$1&",", ","&SUBSTITUTE($O$2:$O$1012," ","")&",")), --($S$2:$S$1012="DONE")), 0) | ... AG10: =IF(AND($S10="DONE", ISNUMBER(FIND(","&AG$1&",", ","&SUBSTITUTE($O10," ","")&","))), 1/SUMPRODUCT(--ISNUMBER(FIND(","&AG$1&",", ","&SUBSTITUTE($O$2:$O$1012," ","")&",")), --($S$2:$S$1012="DONE")), 0)
B11: L_Labor_PosX_NagX_S06_01 | C11: L_Labor_PosX_NagX_S06_01_Enemy | D11: L_Labor_PosX_NagX_S06_01_Reward | F11: /Game/Levels/Maps/Labor/SubLevel/Labor_S06/L_Labor_PosX_NagX_S06_01.L_Labor_PosX_NagX_S06_01 | G11: /Script/Engine.World'/Game/Levels/Maps/Labor/SubLevel/Labor_S06/L_Labor_PosX_NagX_S06_01_Enemy.L_Labor_PosX_NagX_S06_01_Enemy' | H11: /Script/Engine.World'/Game/Levels/Maps/Labor/SubLevel/Labor_S06/L_Labor_PosX_NagX_S06_01_Reward.L_Labor_PosX_NagX_S06_01_Reward' | I11: S06 | J11: 0_Regular | K11: 0_PosX | M11: Labor | N11: 1_NagX | O11: 1,2,3,4,5,6,7,8 | P11: 01 | S11: DONE | T11: PosXNagX | V11: =IF(SUM(X11:AG11)=0, 0, SUM(X11:AG11) / SUM($X$2:$AG$1012)) | X11: =IF(AND($S11="DONE", ISNUMBER(FIND(","&X$1&",", ","&SUBSTITUTE($O11," ","")&","))), 1/SUMPRODUCT(--ISNUMBER(FIND(","&X$1&",", ","&SUBSTITUTE($O$2:$O$1012," ","")&",")), --($S$2:$S$1012="DONE")), 0) | Y11: =IF(AND($S11="DONE", ISNUMBER(FIND(","&Y$1&",", ","&SUBSTITUTE($O11," ","")&","))), 1/SUMPRODUCT(--ISNUMBER(FIND(","&Y$1&",", ","&SUBSTITUTE($O$2:$O$1012," ","")&",")), --($S$2:$S$1012="DONE")), 0) | Z11: =IF(AND($S11="DONE", ISNUMBER(FIND(","&Z$1&",", ","&SUBSTITUTE($O11," ","")&","))), 1/SUMPRODUCT(--ISNUMBER(FIND(","&Z$1&",", ","&SUBSTITUTE($O$2:$O$1012," ","")&",")), --($S$2:$S$1012="DONE")), 0) | AA11: =IF(AND($S11="DONE", ISNUMBER(FIND(","&AA$1&",", ","&SUBSTITUTE($O11," ","")&","))), 1/SUMPRODUCT(--ISNUMBER(FIND(","&AA$1&",", ","&SUBSTITUTE($O$2:$O$1012," ","")&",")), --($S$2:$S$1012="DONE")), 0) | AB11: =IF(AND($S11="DONE", ISNUMBER(FIND(","&AB$1&",", ","&SUBSTITUTE($O11," ","")&","))), 1/SUMPRODUCT(--ISNUMBER(FIND(","&AB$1&",", ","&SUBSTITUTE($O$2:$O$1012," ","")&",")), --($S$2:$S$1012="DONE")), 0) | AC11: =IF(AND($S11="DONE", ISNUMBER(FIND(","&AC$1&",", ","&SUBSTITUTE($O11," ","")&","))), 1/SUMPRODUCT(--ISNUMBER(FIND(","&AC$1&",", ","&SUBSTITUTE($O$2:$O$1012," ","")&",")), --($S$2:$S$1012="DONE")), 0) | AD11: =IF(AND($S11="DONE", ISNUMBER(FIND(","&AD$1&",", ","&SUBSTITUTE($O11," ","")&","))), 1/SUMPRODUCT(--ISNUMBER(FIND(","&AD$1&",", ","&SUBSTITUTE($O$2:$O$1012," ","")&",")), --($S$2:$S$1012="DONE")), 0) | AE11: =IF(AND($S11="DONE", ISNUMBER(FIND(","&AE$1&",", ","&SUBSTITUTE($O11," ","")&","))), 1/SUMPRODUCT(--ISNUMBER(FIND(","&AE$1&",", ","&SUBSTITUTE($O$2:$O$1012," ","")&",")), --($S$2:$S$1012="DONE")), 0) | ... AG11: =IF(AND($S11="DONE", ISNUMBER(FIND(","&AG$1&",", ","&SUBSTITUTE($O11," ","")&","))), 1/SUMPRODUCT(--ISNUMBER(FIND(","&AG$1&",", ","&SUBSTITUTE($O$2:$O$1012," ","")&",")), --($S$2:$S$1012="DONE")), 0)
B12: L_Labor_PosX_PosY_S07_01 | C12: L_Labor_PosX_PosY_S07_01_Enemy | D12: L_Labor_PosX_PosY_S07_01_Reward | F12: /Game/Levels/Maps/Labor/SubLevel/Labor_S07/L_Labor_PosX_PosY_S07_01.L_Labor_PosX_PosY_S07_01 | G12: /Script/Engine.World'/Game/Levels/Maps/Labor/SubLevel/Labor_S07/L_Labor_PosX_PosY_S07_01_Enemy.L_Labor_PosX_PosY_S07_01_Enemy' | H12: /Script/Engine.World'/Game/Levels/Maps/Labor/SubLevel/Labor_S07/L_Labor_PosX_PosY_S07_01_Reward.L_Labor_PosX_PosY_S07_01_Reward' | I12: S07 | J12: 0_Regular | K12: 0_PosX | M12: Labor | N12: 2_PosY | O12: 1,2,3,4,5,6,7,8 | P12: 01 | S12: DONE | T12: PosXPosY | V12: =IF(SUM(X12:AG12)=0, 0, SUM(X12:AG12) / SUM($X$2:$AG$1012)) | X12: =IF(AND($S12="DONE", ISNUMBER(FIND(","&X$1&",", ","&SUBSTITUTE($O12," ","")&","))), 1/SUMPRODUCT(--ISNUMBER(FIND(","&X$1&",", ","&SUBSTITUTE($O$2:$O$1012," ","")&",")), --($S$2:$S$1012="DONE")), 0) | Y12: =IF(AND($S12="DONE", ISNUMBER(FIND(","&Y$1&",", ","&SUBSTITUTE($O12," ","")&","))), 1/SUMPRODUCT(--ISNUMBER(FIND(","&Y$1&",", ","&SUBSTITUTE($O$2:$O$1012," ","")&",")), --($S$2:$S$1012="DONE")), 0) | Z12: =IF(AND($S12="DONE", ISNUMBER(FIND(","&Z$1&",", ","&SUBSTITUTE($O12," ","")&","))), 1/SUMPRODUCT(--ISNUMBER(FIND(","&Z$1&",", ","&SUBSTITUTE($O$2:$O$1012," ","")&",")), --($S$2:$S$1012="DONE")), 0) | AA12: =IF(AND($S12="DONE", ISNUMBER(FIND(","&AA$1&",", ","&SUBSTITUTE($O12," ","")&","))), 1/SUMPRODUCT(--ISNUMBER(FIND(","&AA$1&",", ","&SUBSTITUTE($O$2:$O$1012," ","")&",")), --($S$2:$S$1012="DONE")), 0) | AB12: =IF(AND($S12="DONE", ISNUMBER(FIND(","&AB$1&",", ","&SUBSTITUTE($O12," ","")&","))), 1/SUMPRODUCT(--ISNUMBER(FIND(","&AB$1&",", ","&SUBSTITUTE($O$2:$O$1012," ","")&",")), --($S$2:$S$1012="DONE")), 0) | AC12: =IF(AND($S12="DONE", ISNUMBER(FIND(","&AC$1&",", ","&SUBSTITUTE($O12," ","")&","))), 1/SUMPRODUCT(--ISNUMBER(FIND(","&AC$1&",", ","&SUBSTITUTE($O$2:$O$1012," ","")&",")), --($S$2:$S$1012="DONE")), 0) | AD12: =IF(AND($S12="DONE", ISNUMBER(FIND(","&AD$1&",", ","&SUBSTITUTE($O12," ","")&","))), 1/SUMPRODUCT(--ISNUMBER(FIND(","&AD$1&",", ","&SUBSTITUTE($O$2:$O$1012," ","")&",")), --($S$2:$S$1012="DONE")), 0) | AE12: =IF(AND($S12="DONE", ISNUMBER(FIND(","&AE$1&",", ","&SUBSTITUTE($O12," ","")&","))), 1/SUMPRODUCT(--ISNUMBER(FIND(","&AE$1&",", ","&SUBSTITUTE($O$2:$O$1012," ","")&",")), --($S$2:$S$1012="DONE")), 0) | ... AG12: =IF(AND($S12="DONE", ISNUMBER(FIND(","&AG$1&",", ","&SUBSTITUTE($O12," ","")&","))), 1/SUMPRODUCT(--ISNUMBER(FIND(","&AG$1&",", ","&SUBSTITUTE($O$2:$O$1012," ","")&",")), --($S$2:$S$1012="DONE")), 0)
B13: L_Labor_NagY_NagX_S08_01 | C13: L_Labor_NagY_NagX_S08_01_Enemy | D13: L_Labor_NagY_NagX_S08_01_Reward | F13: /Game/Levels/Maps/Labor/SubLevel/Labor_S08/L_Labor_NagY_NagX_S08_01.L_Labor_NagY_NagX_S08_01 | G13: /Script/Engine.World'/Game/Levels/Maps/Labor/SubLevel/Labor_S08/L_Labor_NagY_NagX_S08_01_Enemy.L_Labor_NagY_NagX_S08_01_Enemy' | H13: /Script/Engine.World'/Game/Levels/Maps/Labor/SubLevel/Labor_S08/L_Labor_NagY_NagX_S08_01_Reward.L_Labor_NagY_NagX_S08_01_Reward' | I13: S08 | J13: 2_Reward | K13: 3_NagY | M13: Labor | N13: 1_NagX | O13: 1,2,3,4,5,6,7,8 | P13: 01 | S13: DONE | T13: NagYNagX | V13: =IF(SUM(X13:AG13)=0, 0, SUM(X13:AG13) / SUM($X$2:$AG$1012)) | X13: =IF(AND($S13="DONE", ISNUMBER(FIND(","&X$1&",", ","&SUBSTITUTE($O13," ","")&","))), 1/SUMPRODUCT(--ISNUMBER(FIND(","&X$1&",", ","&SUBSTITUTE($O$2:$O$1012," ","")&",")), --($S$2:$S$1012="DONE")), 0) | Y13: =IF(AND($S13="DONE", ISNUMBER(FIND(","&Y$1&",", ","&SUBSTITUTE($O13," ","")&","))), 1/SUMPRODUCT(--ISNUMBER(FIND(","&Y$1&",", ","&SUBSTITUTE($O$2:$O$1012," ","")&",")), --($S$2:$S$1012="DONE")), 0) | Z13: =IF(AND($S13="DONE", ISNUMBER(FIND(","&Z$1&",", ","&SUBSTITUTE($O13," ","")&","))), 1/SUMPRODUCT(--ISNUMBER(FIND(","&Z$1&",", ","&SUBSTITUTE($O$2:$O$1012," ","")&",")), --($S$2:$S$1012="DONE")), 0) | AA13: =IF(AND($S13="DONE", ISNUMBER(FIND(","&AA$1&",", ","&SUBSTITUTE($O13," ","")&","))), 1/SUMPRODUCT(--ISNUMBER(FIND(","&AA$1&",", ","&SUBSTITUTE($O$2:$O$1012," ","")&",")), --($S$2:$S$1012="DONE")), 0) | AB13: =IF(AND($S13="DONE", ISNUMBER(FIND(","&AB$1&",", ","&SUBSTITUTE($O13," ","")&","))), 1/SUMPRODUCT(--ISNUMBER(FIND(","&AB$1&",", ","&SUBSTITUTE($O$2:$O$1012," ","")&",")), --($S$2:$S$1012="DONE")), 0) | AC13: =IF(AND($S13="DONE", ISNUMBER(FIND(","&AC$1&",", ","&SUBSTITUTE($O13," ","")&","))), 1/SUMPRODUCT(--ISNUMBER(FIND(","&AC$1&",", ","&SUBSTITUTE($O$2:$O$1012," ","")&",")), --($S$2:$S$1012="DONE")), 0) | AD13: =IF(AND($S13="DONE", ISNUMBER(FIND(","&AD$1&",", ","&SUBSTITUTE($O13," ","")&","))), 1/SUMPRODUCT(--ISNUMBER(FIND(","&AD$1&",", ","&SUBSTITUTE($O$2:$O$1012," ","")&",")), --($S$2:$S$1012="DONE")), 0) | AE13: =IF(AND($S13="DONE", ISNUMBER(FIND(","&AE$1&",", ","&SUBSTITUTE($O13," ","")&","))), 1/SUMPRODUCT(--ISNUMBER(FIND(","&AE$1&",", ","&SUBSTITUTE($O$2:$O$1012," ","")&",")), --($S$2:$S$1012="DONE")), 0) | ... AG13: =IF(AND($S13="DONE", ISNUMBER(FIND(","&AG$1&",", ","&SUBSTITUTE($O13," ","")&","))), 1/SUMPRODUCT(--ISNUMBER(FIND(","&AG$1&",", ","&SUBSTITUTE($O$2:$O$1012," ","")&",")), --($S$2:$S$1012="DONE")), 0)
B14: L_Labor_Initial_NagY_S09_01 | C14: L_Labor_Initial_NagY_S09_01_Enemy | D14: L_Labor_Initial_NagY_S09_01_Reward | F14: /Game/Levels/Maps/Labor/SubLevel/Labor_S09/L_Labor_Initial_NagY_S09_01.L_Labor_Initial_NagY_S09_01 | G14: /Script/Engine.World'/Game/Levels/Maps/Labor/SubLevel/Labor_S09/L_Labor_Initial_NagY_S09_01_Enemy.L_Labor_Initial_NagY_S09_01_Enemy' | H14: /Script/Engine.World'/Game/Levels/Maps/Labor/SubLevel/Labor_S09/L_Labor_Initial_NagY_S09_01_Reward.L_Labor_Initial_NagY_S09_01_Reward' | I14: S09 | J14: 1_Initial | K14: 0_Initial | M14: Labor | N14: 3_NagY | O14: 1 | P14: 01 | S14: DONE | T14: InitialNagY | V14: =IF(SUM(X14:AG14)=0, 0, SUM(X14:AG14) / SUM($X$2:$AG$1012)) | X14: =IF(AND($S14="DONE", ISNUMBER(FIND(","&X$1&",", ","&SUBSTITUTE($O14," ","")&","))), 1/SUMPRODUCT(--ISNUMBER(FIND(","&X$1&",", ","&SUBSTITUTE($O$2:$O$1012," ","")&",")), --($S$2:$S$1012="DONE")), 0) | Y14: =IF(AND($S14="DONE", ISNUMBER(FIND(","&Y$1&",", ","&SUBSTITUTE($O14," ","")&","))), 1/SUMPRODUCT(--ISNUMBER(FIND(","&Y$1&",", ","&SUBSTITUTE($O$2:$O$1012," ","")&",")), --($S$2:$S$1012="DONE")), 0) | Z14: =IF(AND($S14="DONE", ISNUMBER(FIND(","&Z$1&",", ","&SUBSTITUTE($O14," ","")&","))), 1/SUMPRODUCT(--ISNUMBER(FIND(","&Z$1&",", ","&SUBSTITUTE($O$2:$O$1012," ","")&",")), --($S$2:$S$1012="DONE")), 0) | AA14: =IF(AND($S14="DONE", ISNUMBER(FIND(","&AA$1&",", ","&SUBSTITUTE($O14," ","")&","))), 1/SUMPRODUCT(--ISNUMBER(FIND(","&AA$1&",", ","&SUBSTITUTE($O$2:$O$1012," ","")&",")), --($S$2:$S$1012="DONE")), 0) | AB14: =IF(AND($S14="DONE", ISNUMBER(FIND(","&AB$1&",", ","&SUBSTITUTE($O14," ","")&","))), 1/SUMPRODUCT(--ISNUMBER(FIND(","&AB$1&",", ","&SUBSTITUTE($O$2:$O$1012," ","")&",")), --($S$2:$S$1012="DONE")), 0) | AC14: =IF(AND($S14="DONE", ISNUMBER(FIND(","&AC$1&",", ","&SUBSTITUTE($O14," ","")&","))), 1/SUMPRODUCT(--ISNUMBER(FIND(","&AC$1&",", ","&SUBSTITUTE($O$2:$O$1012," ","")&",")), --($S$2:$S$1012="DONE")), 0) | AD14: =IF(AND($S14="DONE", ISNUMBER(FIND(","&AD$1&",", ","&SUBSTITUTE($O14," ","")&","))), 1/SUMPRODUCT(--ISNUMBER(FIND(","&AD$1&",", ","&SUBSTITUTE($O$2:$O$1012," ","")&",")), --($S$2:$S$1012="DONE")), 0) | AE14: =IF(AND($S14="DONE", ISNUMBER(FIND(","&AE$1&",", ","&SUBSTITUTE($O14," ","")&","))), 1/SUMPRODUCT(--ISNUMBER(FIND(","&AE$1&",", ","&SUBSTITUTE($O$2:$O$1012," ","")&",")), --($S$2:$S$1012="DONE")), 0) | ... AG14: =IF(AND($S14="DONE", ISNUMBER(FIND(","&AG$1&",", ","&SUBSTITUTE($O14," ","")&","))), 1/SUMPRODUCT(--ISNUMBER(FIND(","&AG$1&",", ","&SUBSTITUTE($O$2:$O$1012," ","")&",")), --($S$2:$S$1012="DONE")), 0)
B15: L_Labor_Initial_NagX_S09_01 | C15: L_Labor_Initial_NagX_S09_01_Enemy | D15: L_Labor_Initial_NagX_S09_01_Reward | F15: /Game/Levels/Maps/Labor/SubLevel/Labor_S09/L_Labor_Initial_NagX_S09_01.L_Labor_Initial_NagX_S09_01 | G15: /Script/Engine.World'/Game/Levels/Maps/Labor/SubLevel/Labor_S09/L_Labor_Initial_NagX_S09_01_Enemy.L_Labor_Initial_NagX_S09_01_Enemy' | H15: /Script/Engine.World'/Game/Levels/Maps/Labor/SubLevel/Labor_S09/L_Labor_Initial_NagX_S09_01_Reward.L_Labor_Initial_NagX_S09_01_Reward' | I15: S09 | J15: 1_Initial | K15: 0_Initial | M15: Labor | N15: 1_NagX | O15: 1 | P15: 01 | S15: NEED FIX | V15: =IF(SUM(X15:AG15)=0, 0, SUM(X15:AG15) / SUM($X$2:$AG$1012)) | X15: =IF(AND($S15="DONE", ISNUMBER(FIND(","&X$1&",", ","&SUBSTITUTE($O15," ","")&","))), 1/SUMPRODUCT(--ISNUMBER(FIND(","&X$1&",", ","&SUBSTITUTE($O$2:$O$1012," ","")&",")), --($S$2:$S$1012="DONE")), 0) | Y15: =IF(AND($S15="DONE", ISNUMBER(FIND(","&Y$1&",", ","&SUBSTITUTE($O15," ","")&","))), 1/SUMPRODUCT(--ISNUMBER(FIND(","&Y$1&",", ","&SUBSTITUTE($O$2:$O$1012," ","")&",")), --($S$2:$S$1012="DONE")), 0) | Z15: =IF(AND($S15="DONE", ISNUMBER(FIND(","&Z$1&",", ","&SUBSTITUTE($O15," ","")&","))), 1/SUMPRODUCT(--ISNUMBER(FIND(","&Z$1&",", ","&SUBSTITUTE($O$2:$O$1012," ","")&",")), --($S$2:$S$1012="DONE")), 0) | AA15: =IF(AND($S15="DONE", ISNUMBER(FIND(","&AA$1&",", ","&SUBSTITUTE($O15," ","")&","))), 1/SUMPRODUCT(--ISNUMBER(FIND(","&AA$1&",", ","&SUBSTITUTE($O$2:$O$1012," ","")&",")), --($S$2:$S$1012="DONE")), 0) | AB15: =IF(AND($S15="DONE", ISNUMBER(FIND(","&AB$1&",", ","&SUBSTITUTE($O15," ","")&","))), 1/SUMPRODUCT(--ISNUMBER(FIND(","&AB$1&",", ","&SUBSTITUTE($O$2:$O$1012," ","")&",")), --($S$2:$S$1012="DONE")), 0) | AC15: =IF(AND($S15="DONE", ISNUMBER(FIND(","&AC$1&",", ","&SUBSTITUTE($O15," ","")&","))), 1/SUMPRODUCT(--ISNUMBER(FIND(","&AC$1&",", ","&SUBSTITUTE($O$2:$O$1012," ","")&",")), --($S$2:$S$1012="DONE")), 0) | AD15: =IF(AND($S15="DONE", ISNUMBER(FIND(","&AD$1&",", ","&SUBSTITUTE($O15," ","")&","))), 1/SUMPRODUCT(--ISNUMBER(FIND(","&AD$1&",", ","&SUBSTITUTE($O$2:$O$1012," ","")&",")), --($S$2:$S$1012="DONE")), 0) | AE15: =IF(AND($S15="DONE", ISNUMBER(FIND(","&AE$1&",", ","&SUBSTITUTE($O15," ","")&","))), 1/SUMPRODUCT(--ISNUMBER(FIND(","&AE$1&",", ","&SUBSTITUTE($O$2:$O$1012," ","")&",")), --($S$2:$S$1012="DONE")), 0) | ... AG15: =IF(AND($S15="DONE", ISNUMBER(FIND(","&AG$1&",", ","&SUBSTITUTE($O15," ","")&","))), 1/SUMPRODUCT(--ISNUMBER(FIND(","&AG$1&",", ","&SUBSTITUTE($O$2:$O$1012," ","")&",")), --($S$2:$S$1012="DONE")), 0)
B16: L_Labor_Initial_PosY_S09_01 | C16: L_Labor_Initial_PosY_S09_01_Enemy | D16: L_Labor_Initial_PosY_S09_01_Reward | F16: /Game/Levels/Maps/Labor/SubLevel/Labor_S09/L_Labor_Initial_PosY_S09_01.L_Labor_Initial_PosY_S09_01 | G16: /Script/Engine.World'/Game/Levels/Maps/Labor/SubLevel/Labor_S09/L_Labor_Initial_PosY_S09_01_Enemy.L_Labor_Initial_PosY_S09_01_Enemy' | H16: /Script/Engine.World'/Game/Levels/Maps/Labor/SubLevel/Labor_S09/L_Labor_Initial_PosY_S09_01_Reward.L_Labor_Initial_PosY_S09_01_Reward' | I16: S09 | J16: 1_Initial | K16: 0_Initial | M16: Labor | N16: 2_PosY | O16: 1 | P16: 01 | S16: NEED FIX | V16: =IF(SUM(X16:AG16)=0, 0, SUM(X16:AG16) / SUM($X$2:$AG$1012)) | X16: =IF(AND($S16="DONE", ISNUMBER(FIND(","&X$1&",", ","&SUBSTITUTE($O16," ","")&","))), 1/SUMPRODUCT(--ISNUMBER(FIND(","&X$1&",", ","&SUBSTITUTE($O$2:$O$1012," ","")&",")), --($S$2:$S$1012="DONE")), 0) | Y16: =IF(AND($S16="DONE", ISNUMBER(FIND(","&Y$1&",", ","&SUBSTITUTE($O16," ","")&","))), 1/SUMPRODUCT(--ISNUMBER(FIND(","&Y$1&",", ","&SUBSTITUTE($O$2:$O$1012," ","")&",")), --($S$2:$S$1012="DONE")), 0) | Z16: =IF(AND($S16="DONE", ISNUMBER(FIND(","&Z$1&",", ","&SUBSTITUTE($O16," ","")&","))), 1/SUMPRODUCT(--ISNUMBER(FIND(","&Z$1&",", ","&SUBSTITUTE($O$2:$O$1012," ","")&",")), --($S$2:$S$1012="DONE")), 0) | AA16: =IF(AND($S16="DONE", ISNUMBER(FIND(","&AA$1&",", ","&SUBSTITUTE($O16," ","")&","))), 1/SUMPRODUCT(--ISNUMBER(FIND(","&AA$1&",", ","&SUBSTITUTE($O$2:$O$1012," ","")&",")), --($S$2:$S$1012="DONE")), 0) | AB16: =IF(AND($S16="DONE", ISNUMBER(FIND(","&AB$1&",", ","&SUBSTITUTE($O16," ","")&","))), 1/SUMPRODUCT(--ISNUMBER(FIND(","&AB$1&",", ","&SUBSTITUTE($O$2:$O$1012," ","")&",")), --($S$2:$S$1012="DONE")), 0) | AC16: =IF(AND($S16="DONE", ISNUMBER(FIND(","&AC$1&",", ","&SUBSTITUTE($O16," ","")&","))), 1/SUMPRODUCT(--ISNUMBER(FIND(","&AC$1&",", ","&SUBSTITUTE($O$2:$O$1012," ","")&",")), --($S$2:$S$1012="DONE")), 0) | AD16: =IF(AND($S16="DONE", ISNUMBER(FIND(","&AD$1&",", ","&SUBSTITUTE($O16," ","")&","))), 1/SUMPRODUCT(--ISNUMBER(FIND(","&AD$1&",", ","&SUBSTITUTE($O$2:$O$1012," ","")&",")), --($S$2:$S$1012="DONE")), 0) | AE16: =IF(AND($S16="DONE", ISNUMBER(FIND(","&AE$1&",", ","&SUBSTITUTE($O16," ","")&","))), 1/SUMPRODUCT(--ISNUMBER(FIND(","&AE$1&",", ","&SUBSTITUTE($O$2:$O$1012," ","")&",")), --($S$2:$S$1012="DONE")), 0) | ... AG16: =IF(AND($S16="DONE", ISNUMBER(FIND(","&AG$1&",", ","&SUBSTITUTE($O16," ","")&","))), 1/SUMPRODUCT(--ISNUMBER(FIND(","&AG$1&",", ","&SUBSTITUTE($O$2:$O$1012," ","")&",")), --($S$2:$S$1012="DONE")), 0)
B17: L_Labor_Initial_NagY_S09_01 | C17: L_Labor_Initial_NagY_S09_01_Enemy | D17: L_Labor_Initial_NagY_S09_01_Reward | F17: /Game/Levels/Maps/Labor/SubLevel/Labor_S09/L_Labor_Initial_NagY_S09_01.L_Labor_Initial_NagY_S09_01 | G17: /Script/Engine.World'/Game/Levels/Maps/Labor/SubLevel/Labor_S09/L_Labor_Initial_NagY_S09_01_Enemy.L_Labor_Initial_NagY_S09_01_Enemy' | H17: /Script/Engine.World'/Game/Levels/Maps/Labor/SubLevel/Labor_S09/L_Labor_Initial_NagY_S09_01_Reward.L_Labor_Initial_NagY_S09_01_Reward' | I17: S09 | J17: 1_Initial | K17: 0_Initial | M17: Labor | N17: 3_NagY | O17: 1 | P17: 01 | S17: NEED FIX | V17: =IF(SUM(X17:AG17)=0, 0, SUM(X17:AG17) / SUM($X$2:$AG$1012)) | X17: =IF(AND($S17="DONE", ISNUMBER(FIND(","&X$1&",", ","&SUBSTITUTE($O17," ","")&","))), 1/SUMPRODUCT(--ISNUMBER(FIND(","&X$1&",", ","&SUBSTITUTE($O$2:$O$1012," ","")&",")), --($S$2:$S$1012="DONE")), 0) | Y17: =IF(AND($S17="DONE", ISNUMBER(FIND(","&Y$1&",", ","&SUBSTITUTE($O17," ","")&","))), 1/SUMPRODUCT(--ISNUMBER(FIND(","&Y$1&",", ","&SUBSTITUTE($O$2:$O$1012," ","")&",")), --($S$2:$S$1012="DONE")), 0) | Z17: =IF(AND($S17="DONE", ISNUMBER(FIND(","&Z$1&",", ","&SUBSTITUTE($O17," ","")&","))), 1/SUMPRODUCT(--ISNUMBER(FIND(","&Z$1&",", ","&SUBSTITUTE($O$2:$O$1012," ","")&",")), --($S$2:$S$1012="DONE")), 0) | AA17: =IF(AND($S17="DONE", ISNUMBER(FIND(","&AA$1&",", ","&SUBSTITUTE($O17," ","")&","))), 1/SUMPRODUCT(--ISNUMBER(FIND(","&AA$1&",", ","&SUBSTITUTE($O$2:$O$1012," ","")&",")), --($S$2:$S$1012="DONE")), 0) | AB17: =IF(AND($S17="DONE", ISNUMBER(FIND(","&AB$1&",", ","&SUBSTITUTE($O17," ","")&","))), 1/SUMPRODUCT(--ISNUMBER(FIND(","&AB$1&",", ","&SUBSTITUTE($O$2:$O$1012," ","")&",")), --($S$2:$S$1012="DONE")), 0) | AC17: =IF(AND($S17="DONE", ISNUMBER(FIND(","&AC$1&",", ","&SUBSTITUTE($O17," ","")&","))), 1/SUMPRODUCT(--ISNUMBER(FIND(","&AC$1&",", ","&SUBSTITUTE($O$2:$O$1012," ","")&",")), --($S$2:$S$1012="DONE")), 0) | AD17: =IF(AND($S17="DONE", ISNUMBER(FIND(","&AD$1&",", ","&SUBSTITUTE($O17," ","")&","))), 1/SUMPRODUCT(--ISNUMBER(FIND(","&AD$1&",", ","&SUBSTITUTE($O$2:$O$1012," ","")&",")), --($S$2:$S$1012="DONE")), 0) | AE17: =IF(AND($S17="DONE", ISNUMBER(FIND(","&AE$1&",", ","&SUBSTITUTE($O17," ","")&","))), 1/SUMPRODUCT(--ISNUMBER(FIND(","&AE$1&",", ","&SUBSTITUTE($O$2:$O$1012," ","")&",")), --($S$2:$S$1012="DONE")), 0) | ... AG17: =IF(AND($S17="DONE", ISNUMBER(FIND(","&AG$1&",", ","&SUBSTITUTE($O17," ","")&","))), 1/SUMPRODUCT(--ISNUMBER(FIND(","&AG$1&",", ","&SUBSTITUTE($O$2:$O$1012," ","")&",")), --($S$2:$S$1012="DONE")), 0)
B18: L_Labor_Initial_NagY_S09_01 | C18: L_Labor_Initial_NagY_S09_01_Enemy | D18: L_Labor_Initial_NagY_S09_01_Reward | F18: /Game/Levels/Maps/Labor/SubLevel/Labor_S09/L_Labor_Initial_NagY_S09_01.L_Labor_Initial_NagY_S09_01 | G18: /Script/Engine.World'/Game/Levels/Maps/Labor/SubLevel/Labor_S09/L_Labor_Initial_NagY_S09_01_Enemy.L_Labor_Initial_NagY_S09_01_Enemy' | H18: /Script/Engine.World'/Game/Levels/Maps/Labor/SubLevel/Labor_S09/L_Labor_Initial_NagY_S09_01_Reward.L_Labor_Initial_NagY_S09_01_Reward' | I18: S09 | J18: 0_Regular | K18: 0_Initial | M18: Labor | N18: 3_NagY | O18: 1,2,3,4,5,6,7,8 | P18: 01 | S18: NEED FIX | V18: =IF(SUM(X18:AG18)=0, 0, SUM(X18:AG18) / SUM($X$2:$AG$1012)) | X18: =IF(AND($S18="DONE", ISNUMBER(FIND(","&X$1&",", ","&SUBSTITUTE($O18," ","")&","))), 1/SUMPRODUCT(--ISNUMBER(FIND(","&X$1&",", ","&SUBSTITUTE($O$2:$O$1012," ","")&",")), --($S$2:$S$1012="DONE")), 0) | Y18: =IF(AND($S18="DONE", ISNUMBER(FIND(","&Y$1&",", ","&SUBSTITUTE($O18," ","")&","))), 1/SUMPRODUCT(--ISNUMBER(FIND(","&Y$1&",", ","&SUBSTITUTE($O$2:$O$1012," ","")&",")), --($S$2:$S$1012="DONE")), 0) | Z18: =IF(AND($S18="DONE", ISNUMBER(FIND(","&Z$1&",", ","&SUBSTITUTE($O18," ","")&","))), 1/SUMPRODUCT(--ISNUMBER(FIND(","&Z$1&",", ","&SUBSTITUTE($O$2:$O$1012," ","")&",")), --($S$2:$S$1012="DONE")), 0) | AA18: =IF(AND($S18="DONE", ISNUMBER(FIND(","&AA$1&",", ","&SUBSTITUTE($O18," ","")&","))), 1/SUMPRODUCT(--ISNUMBER(FIND(","&AA$1&",", ","&SUBSTITUTE($O$2:$O$1012," ","")&",")), --($S$2:$S$1012="DONE")), 0) | AB18: =IF(AND($S18="DONE", ISNUMBER(FIND(","&AB$1&",", ","&SUBSTITUTE($O18," ","")&","))), 1/SUMPRODUCT(--ISNUMBER(FIND(","&AB$1&",", ","&SUBSTITUTE($O$2:$O$1012," ","")&",")), --($S$2:$S$1012="DONE")), 0) | AC18: =IF(AND($S18="DONE", ISNUMBER(FIND(","&AC$1&",", ","&SUBSTITUTE($O18," ","")&","))), 1/SUMPRODUCT(--ISNUMBER(FIND(","&AC$1&",", ","&SUBSTITUTE($O$2:$O$1012," ","")&",")), --($S$2:$S$1012="DONE")), 0) | AD18: =IF(AND($S18="DONE", ISNUMBER(FIND(","&AD$1&",", ","&SUBSTITUTE($O18," ","")&","))), 1/SUMPRODUCT(--ISNUMBER(FIND(","&AD$1&",", ","&SUBSTITUTE($O$2:$O$1012," ","")&",")), --($S$2:$S$1012="DONE")), 0) | AE18: =IF(AND($S18="DONE", ISNUMBER(FIND(","&AE$1&",", ","&SUBSTITUTE($O18," ","")&","))), 1/SUMPRODUCT(--ISNUMBER(FIND(","&AE$1&",", ","&SUBSTITUTE($O$2:$O$1012," ","")&",")), --($S$2:$S$1012="DONE")), 0) | ... AG18: =IF(AND($S18="DONE", ISNUMBER(FIND(","&AG$1&",", ","&SUBSTITUTE($O18," ","")&","))), 1/SUMPRODUCT(--ISNUMBER(FIND(","&AG$1&",", ","&SUBSTITUTE($O$2:$O$1012," ","")&",")), --($S$2:$S$1012="DONE")), 0)
B19: L_Labor_PosX_BossToGift_S09_01 | C19: L_Labor_PosX_BossToGift_S09_01_Enemy | D19: L_Labor_PosX_BossToGift_S09_01_Reward | F19: /Game/Levels/Maps/Labor/SubLevel/Labor_S09/L_Labor_PosX_BossToGift_S09_01.L_Labor_PosX_BossToGift_S09_01 | G19: /Script/Engine.World'/Game/Levels/Maps/Labor/SubLevel/Labor_S09/L_Labor_PosX_BossToGift_S09_01_Enemy.L_Labor_PosX_BossToGift_S09_01_Enemy' | H19: /Script/Engine.World'/Game/Levels/Maps/Labor/SubLevel/Labor_S09/L_Labor_PosX_BossToGift_S09_01_Reward.L_Labor_PosX_BossToGift_S09_01_Reward' | I19: S09 | J19: 3_Boss | K19: 0_PosX | M19: Labor | N19: 4_BossToGift | O19: 9 | P19: 01 | S19: NEED FIX | V19: =IF(SUM(X19:AG19)=0, 0, SUM(X19:AG19) / SUM($X$2:$AG$1012)) | X19: =IF(AND($S19="DONE", ISNUMBER(FIND(","&X$1&",", ","&SUBSTITUTE($O19," ","")&","))), 1/SUMPRODUCT(--ISNUMBER(FIND(","&X$1&",", ","&SUBSTITUTE($O$2:$O$1012," ","")&",")), --($S$2:$S$1012="DONE")), 0) | Y19: =IF(AND($S19="DONE", ISNUMBER(FIND(","&Y$1&",", ","&SUBSTITUTE($O19," ","")&","))), 1/SUMPRODUCT(--ISNUMBER(FIND(","&Y$1&",", ","&SUBSTITUTE($O$2:$O$1012," ","")&",")), --($S$2:$S$1012="DONE")), 0) | Z19: =IF(AND($S19="DONE", ISNUMBER(FIND(","&Z$1&",", ","&SUBSTITUTE($O19," ","")&","))), 1/SUMPRODUCT(--ISNUMBER(FIND(","&Z$1&",", ","&SUBSTITUTE($O$2:$O$1012," ","")&",")), --($S$2:$S$1012="DONE")), 0) | AA19: =IF(AND($S19="DONE", ISNUMBER(FIND(","&AA$1&",", ","&SUBSTITUTE($O19," ","")&","))), 1/SUMPRODUCT(--ISNUMBER(FIND(","&AA$1&",", ","&SUBSTITUTE($O$2:$O$1012," ","")&",")), --($S$2:$S$1012="DONE")), 0) | AB19: =IF(AND($S19="DONE", ISNUMBER(FIND(","&AB$1&",", ","&SUBSTITUTE($O19," ","")&","))), 1/SUMPRODUCT(--ISNUMBER(FIND(","&AB$1&",", ","&SUBSTITUTE($O$2:$O$1012," ","")&",")), --($S$2:$S$1012="DONE")), 0) | AC19: =IF(AND($S19="DONE", ISNUMBER(FIND(","&AC$1&",", ","&SUBSTITUTE($O19," ","")&","))), 1/SUMPRODUCT(--ISNUMBER(FIND(","&AC$1&",", ","&SUBSTITUTE($O$2:$O$1012," ","")&",")), --($S$2:$S$1012="DONE")), 0) | AD19: =IF(AND($S19="DONE", ISNUMBER(FIND(","&AD$1&",", ","&SUBSTITUTE($O19," ","")&","))), 1/SUMPRODUCT(--ISNUMBER(FIND(","&AD$1&",", ","&SUBSTITUTE($O$2:$O$1012," ","")&",")), --($S$2:$S$1012="DONE")), 0) | AE19: =IF(AND($S19="DONE", ISNUMBER(FIND(","&AE$1&",", ","&SUBSTITUTE($O19," ","")&","))), 1/SUMPRODUCT(--ISNUMBER(FIND(","&AE$1&",", ","&SUBSTITUTE($O$2:$O$1012," ","")&",")), --($S$2:$S$1012="DONE")), 0) | ... AG19: =IF(AND($S19="DONE", ISNUMBER(FIND(","&AG$1&",", ","&SUBSTITUTE($O19," ","")&","))), 1/SUMPRODUCT(--ISNUMBER(FIND(","&AG$1&",", ","&SUBSTITUTE($O$2:$O$1012," ","")&",")), --($S$2:$S$1012="DONE")), 0)
B20: L_Labor_NagX_BossToGift_S09_01 | C20: L_Labor_NagX_BossToGift_S09_01_Enemy | D20: L_Labor_NagX_BossToGift_S09_01_Reward | F20: /Game/Levels/Maps/Labor/SubLevel/Labor_S09/L_Labor_NagX_BossToGift_S09_01.L_Labor_NagX_BossToGift_S09_01 | G20: /Script/Engine.World'/Game/Levels/Maps/Labor/SubLevel/Labor_S09/L_Labor_NagX_BossToGift_S09_01_Enemy.L_Labor_NagX_BossToGift_S09_01_Enemy' | H20: /Script/Engine.World'/Game/Levels/Maps/Labor/SubLevel/Labor_S09/L_Labor_NagX_BossToGift_S09_01_Reward.L_Labor_NagX_BossToGift_S09_01_Reward' | I20: S09 | J20: 3_Boss | K20: 1_NagX | M20: Labor | N20: 4_BossToGift | O20: 9 | P20: 01 | S20: DONE | T20: NagXBossToGift | V20: =IF(SUM(X20:AG20)=0, 0, SUM(X20:AG20) / SUM($X$2:$AG$1012)) | X20: =IF(AND($S20="DONE", ISNUMBER(FIND(","&X$1&",", ","&SUBSTITUTE($O20," ","")&","))), 1/SUMPRODUCT(--ISNUMBER(FIND(","&X$1&",", ","&SUBSTITUTE($O$2:$O$1012," ","")&",")), --($S$2:$S$1012="DONE")), 0) | Y20: =IF(AND($S20="DONE", ISNUMBER(FIND(","&Y$1&",", ","&SUBSTITUTE($O20," ","")&","))), 1/SUMPRODUCT(--ISNUMBER(FIND(","&Y$1&",", ","&SUBSTITUTE($O$2:$O$1012," ","")&",")), --($S$2:$S$1012="DONE")), 0) | Z20: =IF(AND($S20="DONE", ISNUMBER(FIND(","&Z$1&",", ","&SUBSTITUTE($O20," ","")&","))), 1/SUMPRODUCT(--ISNUMBER(FIND(","&Z$1&",", ","&SUBSTITUTE($O$2:$O$1012," ","")&",")), --($S$2:$S$1012="DONE")), 0) | AA20: =IF(AND($S20="DONE", ISNUMBER(FIND(","&AA$1&",", ","&SUBSTITUTE($O20," ","")&","))), 1/SUMPRODUCT(--ISNUMBER(FIND(","&AA$1&",", ","&SUBSTITUTE($O$2:$O$1012," ","")&",")), --($S$2:$S$1012="DONE")), 0) | AB20: =IF(AND($S20="DONE", ISNUMBER(FIND(","&AB$1&",", ","&SUBSTITUTE($O20," ","")&","))), 1/SUMPRODUCT(--ISNUMBER(FIND(","&AB$1&",", ","&SUBSTITUTE($O$2:$O$1012," ","")&",")), --($S$2:$S$1012="DONE")), 0) | AC20: =IF(AND($S20="DONE", ISNUMBER(FIND(","&AC$1&",", ","&SUBSTITUTE($O20," ","")&","))), 1/SUMPRODUCT(--ISNUMBER(FIND(","&AC$1&",", ","&SUBSTITUTE($O$2:$O$1012," ","")&",")), --($S$2:$S$1012="DONE")), 0) | AD20: =IF(AND($S20="DONE", ISNUMBER(FIND(","&AD$1&",", ","&SUBSTITUTE($O20," ","")&","))), 1/SUMPRODUCT(--ISNUMBER(FIND(","&AD$1&",", ","&SUBSTITUTE($O$2:$O$1012," ","")&",")), --($S$2:$S$1012="DONE")), 0) | AE20: =IF(AND($S20="DONE", ISNUMBER(FIND(","&AE$1&",", ","&SUBSTITUTE($O20," ","")&","))), 1/SUMPRODUCT(--ISNUMBER(FIND(","&AE$1&",", ","&SUBSTITUTE($O$2:$O$1012," ","")&",")), --($S$2:$S$1012="DONE")), 0) | ... AG20: =IF(AND($S20="DONE", ISNUMBER(FIND(","&AG$1&",", ","&SUBSTITUTE($O20," ","")&","))), 1/SUMPRODUCT(--ISNUMBER(FIND(","&AG$1&",", ","&SUBSTITUTE($O$2:$O$1012," ","")&",")), --($S$2:$S$1012="DONE")), 0)
B21: L_Labor_PosY_BossToGift_S09_01 | C21: L_Labor_PosY_BossToGift_S09_01_Enemy | D21: L_Labor_PosY_BossToGift_S09_01_Reward | F21: /Game/Levels/Maps/Labor/SubLevel/Labor_S09/L_Labor_PosY_BossToGift_S09_01.L_Labor_PosY_BossToGift_S09_01 | G21: /Script/Engine.World'/Game/Levels/Maps/Labor/SubLevel/Labor_S09/L_Labor_PosY_BossToGift_S09_01_Enemy.L_Labor_PosY_BossToGift_S09_01_Enemy' | H21: /Script/Engine.World'/Game/Levels/Maps/Labor/SubLevel/Labor_S09/L_Labor_PosY_BossToGift_S09_01_Reward.L_Labor_PosY_BossToGift_S09_01_Reward' | I21: S09 | J21: 3_Boss | K21: 2_PosY | M21: Labor | N21: 4_BossToGift | O21: 9 | P21: 01 | S21: NEED FIX | V21: =IF(SUM(X21:AG21)=0, 0, SUM(X21:AG21) / SUM($X$2:$AG$1012)) | X21: =IF(AND($S21="DONE", ISNUMBER(FIND(","&X$1&",", ","&SUBSTITUTE($O21," ","")&","))), 1/SUMPRODUCT(--ISNUMBER(FIND(","&X$1&",", ","&SUBSTITUTE($O$2:$O$1012," ","")&",")), --($S$2:$S$1012="DONE")), 0) | Y21: =IF(AND($S21="DONE", ISNUMBER(FIND(","&Y$1&",", ","&SUBSTITUTE($O21," ","")&","))), 1/SUMPRODUCT(--ISNUMBER(FIND(","&Y$1&",", ","&SUBSTITUTE($O$2:$O$1012," ","")&",")), --($S$2:$S$1012="DONE")), 0) | Z21: =IF(AND($S21="DONE", ISNUMBER(FIND(","&Z$1&",", ","&SUBSTITUTE($O21," ","")&","))), 1/SUMPRODUCT(--ISNUMBER(FIND(","&Z$1&",", ","&SUBSTITUTE($O$2:$O$1012," ","")&",")), --($S$2:$S$1012="DONE")), 0) | AA21: =IF(AND($S21="DONE", ISNUMBER(FIND(","&AA$1&",", ","&SUBSTITUTE($O21," ","")&","))), 1/SUMPRODUCT(--ISNUMBER(FIND(","&AA$1&",", ","&SUBSTITUTE($O$2:$O$1012," ","")&",")), --($S$2:$S$1012="DONE")), 0) | AB21: =IF(AND($S21="DONE", ISNUMBER(FIND(","&AB$1&",", ","&SUBSTITUTE($O21," ","")&","))), 1/SUMPRODUCT(--ISNUMBER(FIND(","&AB$1&",", ","&SUBSTITUTE($O$2:$O$1012," ","")&",")), --($S$2:$S$1012="DONE")), 0) | AC21: =IF(AND($S21="DONE", ISNUMBER(FIND(","&AC$1&",", ","&SUBSTITUTE($O21," ","")&","))), 1/SUMPRODUCT(--ISNUMBER(FIND(","&AC$1&",", ","&SUBSTITUTE($O$2:$O$1012," ","")&",")), --($S$2:$S$1012="DONE")), 0) | AD21: =IF(AND($S21="DONE", ISNUMBER(FIND(","&AD$1&",", ","&SUBSTITUTE($O21," ","")&","))), 1/SUMPRODUCT(--ISNUMBER(FIND(","&AD$1&",", ","&SUBSTITUTE($O$2:$O$1012," ","")&",")), --($S$2:$S$1012="DONE")), 0) | AE21: =IF(AND($S21="DONE", ISNUMBER(FIND(","&AE$1&",", ","&SUBSTITUTE($O21," ","")&","))), 1/SUMPRODUCT(--ISNUMBER(FIND(","&AE$1&",", ","&SUBSTITUTE($O$2:$O$1012," ","")&",")), --($S$2:$S$1012="DONE")), 0) | ... AG21: =IF(AND($S21="DONE", ISNUMBER(FIND(","&AG$1&",", ","&SUBSTITUTE($O21," ","")&","))), 1/SUMPRODUCT(--ISNUMBER(FIND(","&AG$1&",", ","&SUBSTITUTE($O$2:$O$1012," ","")&",")), --($S$2:$S$1012="DONE")), 0)
B22: L_Labor_NagY_BossToGift_S09_01 | C22: L_Labor_NagY_BossToGift_S09_01_Enemy | D22: L_Labor_NagY_BossToGift_S09_01_Reward | F22: /Game/Levels/Maps/Labor/SubLevel/Labor_S09/L_Labor_NagY_BossToGift_S09_01.L_Labor_NagY_BossToGift_S09_01 | G22: /Script/Engine.World'/Game/Levels/Maps/Labor/SubLevel/Labor_S09/L_Labor_NagY_BossToGift_S09_01_Enemy.L_Labor_NagY_BossToGift_S09_01_Enemy' | H22: /Script/Engine.World'/Game/Levels/Maps/Labor/SubLevel/Labor_S09/L_Labor_NagY_BossToGift_S09_01_Reward.L_Labor_NagY_BossToGift_S09_01_Reward' | I22: S09 | J22: 3_Boss | K22: 3_NagY | M22: Labor | N22: 4_BossToGift | O22: 9 | P22: 01 | S22: NEED FIX | V22: =IF(SUM(X22:AG22)=0, 0, SUM(X22:AG22) / SUM($X$2:$AG$1012)) | X22: =IF(AND($S22="DONE", ISNUMBER(FIND(","&X$1&",", ","&SUBSTITUTE($O22," ","")&","))), 1/SUMPRODUCT(--ISNUMBER(FIND(","&X$1&",", ","&SUBSTITUTE($O$2:$O$1012," ","")&",")), --($S$2:$S$1012="DONE")), 0) | Y22: =IF(AND($S22="DONE", ISNUMBER(FIND(","&Y$1&",", ","&SUBSTITUTE($O22," ","")&","))), 1/SUMPRODUCT(--ISNUMBER(FIND(","&Y$1&",", ","&SUBSTITUTE($O$2:$O$1012," ","")&",")), --($S$2:$S$1012="DONE")), 0) | Z22: =IF(AND($S22="DONE", ISNUMBER(FIND(","&Z$1&",", ","&SUBSTITUTE($O22," ","")&","))), 1/SUMPRODUCT(--ISNUMBER(FIND(","&Z$1&",", ","&SUBSTITUTE($O$2:$O$1012," ","")&",")), --($S$2:$S$1012="DONE")), 0) | AA22: =IF(AND($S22="DONE", ISNUMBER(FIND(","&AA$1&",", ","&SUBSTITUTE($O22," ","")&","))), 1/SUMPRODUCT(--ISNUMBER(FIND(","&AA$1&",", ","&SUBSTITUTE($O$2:$O$1012," ","")&",")), --($S$2:$S$1012="DONE")), 0) | AB22: =IF(AND($S22="DONE", ISNUMBER(FIND(","&AB$1&",", ","&SUBSTITUTE($O22," ","")&","))), 1/SUMPRODUCT(--ISNUMBER(FIND(","&AB$1&",", ","&SUBSTITUTE($O$2:$O$1012," ","")&",")), --($S$2:$S$1012="DONE")), 0) | AC22: =IF(AND($S22="DONE", ISNUMBER(FIND(","&AC$1&",", ","&SUBSTITUTE($O22," ","")&","))), 1/SUMPRODUCT(--ISNUMBER(FIND(","&AC$1&",", ","&SUBSTITUTE($O$2:$O$1012," ","")&",")), --($S$2:$S$1012="DONE")), 0) | AD22: =IF(AND($S22="DONE", ISNUMBER(FIND(","&AD$1&",", ","&SUBSTITUTE($O22," ","")&","))), 1/SUMPRODUCT(--ISNUMBER(FIND(","&AD$1&",", ","&SUBSTITUTE($O$2:$O$1012," ","")&",")), --($S$2:$S$1012="DONE")), 0) | AE22: =IF(AND($S22="DONE", ISNUMBER(FIND(","&AE$1&",", ","&SUBSTITUTE($O22," ","")&","))), 1/SUMPRODUCT(--ISNUMBER(FIND(","&AE$1&",", ","&SUBSTITUTE($O$2:$O$1012," ","")&",")), --($S$2:$S$1012="DONE")), 0) | ... AG22: =IF(AND($S22="DONE", ISNUMBER(FIND(","&AG$1&",", ","&SUBSTITUTE($O22," ","")&","))), 1/SUMPRODUCT(--ISNUMBER(FIND(","&AG$1&",", ","&SUBSTITUTE($O$2:$O$1012," ","")&",")), --($S$2:$S$1012="DONE")), 0)
B23: L_Labor_BossToGift_GiftToNext_S10_01 | C23: L_Labor_BossToGift_GiftToNext_S10_01_Enemy | D23: L_Labor_BossToGift_GiftToNext_S10_01_Reward | F23: /Game/Levels/Maps/Labor/SubLevel/Labor_S10/L_Labor_BossToGift_GiftToNext_S10_01.L_Labor_BossToGift_GiftToNext_S10_01 | G23: /Script/Engine.World'/Game/Levels/Maps/Labor/SubLevel/Labor_S10/L_Labor_BossToGift_GiftToNext_S10_01_Enemy.L_Labor_BossToGift_GiftToNext_S10_01_Enemy' | H23: /Script/Engine.World'/Game/Levels/Maps/Labor/SubLevel/Labor_S10/L_Labor_BossToGift_GiftToNext_S10_01_Reward.L_Labor_BossToGift_GiftToNext_S10_01_Reward' | I23: S10 | J23: 2_Reward | K23: 4_BossToGift | M23: Labor | N23: 5_GiftToNext | O23: 9 | P23: 01 | S23: DONE | T23: BossToGiftGiftToNext | V23: =IF(SUM(X23:AG23)=0, 0, SUM(X23:AG23) / SUM($X$2:$AG$1012)) | X23: =IF(AND($S23="DONE", ISNUMBER(FIND(","&X$1&",", ","&SUBSTITUTE($O23," ","")&","))), 1/SUMPRODUCT(--ISNUMBER(FIND(","&X$1&",", ","&SUBSTITUTE($O$2:$O$1012," ","")&",")), --($S$2:$S$1012="DONE")), 0) | Y23: =IF(AND($S23="DONE", ISNUMBER(FIND(","&Y$1&",", ","&SUBSTITUTE($O23," ","")&","))), 1/SUMPRODUCT(--ISNUMBER(FIND(","&Y$1&",", ","&SUBSTITUTE($O$2:$O$1012," ","")&",")), --($S$2:$S$1012="DONE")), 0) | Z23: =IF(AND($S23="DONE", ISNUMBER(FIND(","&Z$1&",", ","&SUBSTITUTE($O23," ","")&","))), 1/SUMPRODUCT(--ISNUMBER(FIND(","&Z$1&",", ","&SUBSTITUTE($O$2:$O$1012," ","")&",")), --($S$2:$S$1012="DONE")), 0) | AA23: =IF(AND($S23="DONE", ISNUMBER(FIND(","&AA$1&",", ","&SUBSTITUTE($O23," ","")&","))), 1/SUMPRODUCT(--ISNUMBER(FIND(","&AA$1&",", ","&SUBSTITUTE($O$2:$O$1012," ","")&",")), --($S$2:$S$1012="DONE")), 0) | AB23: =IF(AND($S23="DONE", ISNUMBER(FIND(","&AB$1&",", ","&SUBSTITUTE($O23," ","")&","))), 1/SUMPRODUCT(--ISNUMBER(FIND(","&AB$1&",", ","&SUBSTITUTE($O$2:$O$1012," ","")&",")), --($S$2:$S$1012="DONE")), 0) | AC23: =IF(AND($S23="DONE", ISNUMBER(FIND(","&AC$1&",", ","&SUBSTITUTE($O23," ","")&","))), 1/SUMPRODUCT(--ISNUMBER(FIND(","&AC$1&",", ","&SUBSTITUTE($O$2:$O$1012," ","")&",")), --($S$2:$S$1012="DONE")), 0) | AD23: =IF(AND($S23="DONE", ISNUMBER(FIND(","&AD$1&",", ","&SUBSTITUTE($O23," ","")&","))), 1/SUMPRODUCT(--ISNUMBER(FIND(","&AD$1&",", ","&SUBSTITUTE($O$2:$O$1012," ","")&",")), --($S$2:$S$1012="DONE")), 0) | AE23: =IF(AND($S23="DONE", ISNUMBER(FIND(","&AE$1&",", ","&SUBSTITUTE($O23," ","")&","))), 1/SUMPRODUCT(--ISNUMBER(FIND(","&AE$1&",", ","&SUBSTITUTE($O$2:$O$1012," ","")&",")), --($S$2:$S$1012="DONE")), 0) | ... AG23: =IF(AND($S23="DONE", ISNUMBER(FIND(","&AG$1&",", ","&SUBSTITUTE($O23," ","")&","))), 1/SUMPRODUCT(--ISNUMBER(FIND(","&AG$1&",", ","&SUBSTITUTE($O$2:$O$1012," ","")&",")), --($S$2:$S$1012="DONE")), 0)
B24: L_Labor_NagY_PosX_S11_01 | C24: L_Labor_NagY_PosX_S11_01_Enemy | D24: L_Labor_NagY_PosX_S11_01_Reward | F24: /Game/Levels/Maps/Labor/SubLevel/Labor_S11/L_Labor_NagY_PosX_S11_01.L_Labor_NagY_PosX_S11_01 | G24: /Script/Engine.World'/Game/Levels/Maps/Labor/SubLevel/Labor_S11/L_Labor_NagY_PosX_S11_01_Enemy.L_Labor_NagY_PosX_S11_01_Enemy' | H24: /Script/Engine.World'/Game/Levels/Maps/Labor/SubLevel/Labor_S11/L_Labor_NagY_PosX_S11_01_Reward.L_Labor_NagY_PosX_S11_01_Reward' | I24: S11 | J24: 0_Regular | K24: 3_NagY | M24: Labor | N24: 0_PosX | O24: 1,2,3,4,5,6,7,8 | P24: 01 | S24: DONE | T24: NagYPosX | V24: =IF(SUM(X24:AG24)=0, 0, SUM(X24:AG24) / SUM($X$2:$AG$1012)) | X24: =IF(AND($S24="DONE", ISNUMBER(FIND(","&X$1&",", ","&SUBSTITUTE($O24," ","")&","))), 1/SUMPRODUCT(--ISNUMBER(FIND(","&X$1&",", ","&SUBSTITUTE($O$2:$O$1012," ","")&",")), --($S$2:$S$1012="DONE")), 0) | Y24: =IF(AND($S24="DONE", ISNUMBER(FIND(","&Y$1&",", ","&SUBSTITUTE($O24," ","")&","))), 1/SUMPRODUCT(--ISNUMBER(FIND(","&Y$1&",", ","&SUBSTITUTE($O$2:$O$1012," ","")&",")), --($S$2:$S$1012="DONE")), 0) | Z24: =IF(AND($S24="DONE", ISNUMBER(FIND(","&Z$1&",", ","&SUBSTITUTE($O24," ","")&","))), 1/SUMPRODUCT(--ISNUMBER(FIND(","&Z$1&",", ","&SUBSTITUTE($O$2:$O$1012," ","")&",")), --($S$2:$S$1012="DONE")), 0) | AA24: =IF(AND($S24="DONE", ISNUMBER(FIND(","&AA$1&",", ","&SUBSTITUTE($O24," ","")&","))), 1/SUMPRODUCT(--ISNUMBER(FIND(","&AA$1&",", ","&SUBSTITUTE($O$2:$O$1012," ","")&",")), --($S$2:$S$1012="DONE")), 0) | AB24: =IF(AND($S24="DONE", ISNUMBER(FIND(","&AB$1&",", ","&SUBSTITUTE($O24," ","")&","))), 1/SUMPRODUCT(--ISNUMBER(FIND(","&AB$1&",", ","&SUBSTITUTE($O$2:$O$1012," ","")&",")), --($S$2:$S$1012="DONE")), 0) | AC24: =IF(AND($S24="DONE", ISNUMBER(FIND(","&AC$1&",", ","&SUBSTITUTE($O24," ","")&","))), 1/SUMPRODUCT(--ISNUMBER(FIND(","&AC$1&",", ","&SUBSTITUTE($O$2:$O$1012," ","")&",")), --($S$2:$S$1012="DONE")), 0) | AD24: =IF(AND($S24="DONE", ISNUMBER(FIND(","&AD$1&",", ","&SUBSTITUTE($O24," ","")&","))), 1/SUMPRODUCT(--ISNUMBER(FIND(","&AD$1&",", ","&SUBSTITUTE($O$2:$O$1012," ","")&",")), --($S$2:$S$1012="DONE")), 0) | AE24: =IF(AND($S24="DONE", ISNUMBER(FIND(","&AE$1&",", ","&SUBSTITUTE($O24," ","")&","))), 1/SUMPRODUCT(--ISNUMBER(FIND(","&AE$1&",", ","&SUBSTITUTE($O$2:$O$1012," ","")&",")), --($S$2:$S$1012="DONE")), 0) | ... AG24: =IF(AND($S24="DONE", ISNUMBER(FIND(","&AG$1&",", ","&SUBSTITUTE($O24," ","")&","))), 1/SUMPRODUCT(--ISNUMBER(FIND(","&AG$1&",", ","&SUBSTITUTE($O$2:$O$1012," ","")&",")), --($S$2:$S$1012="DONE")), 0)

Sheet 关卡配置
A1: RowName | B1: MapRef | C1: EnemyRef | D1: RewardRef | E1: SectionID | F1: AllowLevel | G1: MapType | H1: StartFacing
A2: {=COUNTA(B2:B1000<>"":$B$2)-1} | B2: {=FILTER('关卡程序命名'!F:F,'关卡程序命名'!S:S="DONE","")} | C2: {=FILTER('关卡程序命名'!G:G,'关卡程序命名'!S:S="DONE","")} | D2: {=FILTER('关卡程序命名'!H:H,'关卡程序命名'!S:S="DONE","")} | E2: {=FILTER(--MID('关卡程序命名'!I:I,2,99),'关卡程序命名'!S:S="DONE","")} | F2: {=FILTER("=("&""""&"("&'关卡程序命名'!O:O&")"&""""&")",'关卡程序命名'!S:S="DONE","")} | G2: {=FILTER(LEFT('关卡程序命名'!J:J,FIND("_",'关卡程序命名'!J:J&"_")-1),'关卡程序命名'!S:S="DONE","")} | H2: {=FILTER(LEFT('关卡程序命名'!K:K,FIND("_",'关卡程序命名'!K:K&"_")-1),'关卡程序命名'!S:S="DONE","")}
A3: 1 | B3: /Game/Levels/Maps/Labor/SubLevel/Labor_S01/L_Labor_PosX_NagY_S01_01.L_Labor_PosX_NagY_S01_01 | C3: /Script/Engine.World'/Game/Levels/Maps/Labor/SubLevel/Labor_S01/L_Labor_PosX_NagY_S01_01_Enemy.L_Labor_PosX_NagY_S01_01_Enemy' | D3: /Script/Engine.World'/Game/Levels/Maps/Labor/SubLevel/Labor_S01/L_Labor_PosX_NagY_S01_01_Reward.L_Labor_PosX_NagY_S01_01_Reward' | E3: 1 | F3: =("(1,2,3,4,5,6,7,8)") | G3: 0 | H3: 0
A4: 2 | B4: /Game/Levels/Maps/Labor/SubLevel/Labor_S02/L_Labor_PosY_NagY_S02_01.L_Labor_PosY_NagY_S02_01 | C4: /Script/Engine.World'/Game/Levels/Maps/Labor/SubLevel/Labor_S02/L_Labor_PosY_NagY_S02_01_Enemy.L_Labor_PosY_NagY_S02_01_Enemy' | D4: /Script/Engine.World'/Game/Levels/Maps/Labor/SubLevel/Labor_S02/L_Labor_PosY_NagY_S02_01_Reward.L_Labor_PosY_NagY_S02_01_Reward' | E4: 2 | F4: =("(1,2,3,4,5,6,7,8)") | G4: 0 | H4: 2
A5: 3 | B5: /Game/Levels/Maps/Labor/SubLevel/Labor_S03/L_Labor_PosX_NagX_S03_01.L_Labor_PosX_NagX_S03_01 | C5: /Script/Engine.World'/Game/Levels/Maps/Labor/SubLevel/Labor_S03/L_Labor_PosX_NagX_S03_01_Enemy.L_Labor_PosX_NagX_S03_01_Enemy' | D5: /Script/Engine.World'/Game/Levels/Maps/Labor/SubLevel/Labor_S03/L_Labor_PosX_NagX_S03_01_Reward.L_Labor_PosX_NagX_S03_01_Reward' | E5: 3 | F5: =("(1,2,3,4,5,6,7,8)") | G5: 0 | H5: 0
A6: 4 | B6: /Game/Levels/Maps/Labor/SubLevel/Labor_S04/L_Labor_PosY_PosY_S04_01.L_Labor_PosY_PosY_S04_01 | C6: /Script/Engine.World'/Game/Levels/Maps/Labor/SubLevel/Labor_S04/L_Labor_PosY_PosY_S04_01_Enemy.L_Labor_PosY_PosY_S04_01_Enemy' | D6: /Script/Engine.World'/Game/Levels/Maps/Labor/SubLevel/Labor_S04/L_Labor_PosY_PosY_S04_01_Reward.L_Labor_PosY_PosY_S04_01_Reward' | E6: 4 | F6: =("(1,2,3,4,5,6,7,8)") | G6: 0 | H6: 2
A7: 5 | B7: /Game/Levels/Maps/Labor/SubLevel/Labor_S05/L_Labor_NagY_PosY_S05_01.L_Labor_NagY_PosY_S05_01 | C7: /Script/Engine.World'/Game/Levels/Maps/Labor/SubLevel/Labor_S05/L_Labor_NagY_PosY_S05_01_Enemy.L_Labor_NagY_PosY_S05_01_Enemy' | D7: /Script/Engine.World'/Game/Levels/Maps/Labor/SubLevel/Labor_S05/L_Labor_NagY_PosY_S05_01_Reward.L_Labor_NagY_PosY_S05_01_Reward' | E7: 5 | F7: =("(1,2,3,4,5,6,7,8)") | G7: 0 | H7: 3
A8: 6 | B8: /Game/Levels/Maps/Labor/SubLevel/Labor_S06/L_Labor_PosX_NagX_S06_01.L_Labor_PosX_NagX_S06_01 | C8: /Script/Engine.World'/Game/Levels/Maps/Labor/SubLevel/Labor_S06/L_Labor_PosX_NagX_S06_01_Enemy.L_Labor_PosX_NagX_S06_01_Enemy' | D8: /Script/Engine.World'/Game/Levels/Maps/Labor/SubLevel/Labor_S06/L_Labor_PosX_NagX_S06_01_Reward.L_Labor_PosX_NagX_S06_01_Reward' | E8: 6 | F8: =("(1,2,3,4,5,6,7,8)") | G8: 0 | H8: 0
A9: 7 | B9: /Game/Levels/Maps/Labor/SubLevel/Labor_S07/L_Labor_PosX_PosY_S07_01.L_Labor_PosX_PosY_S07_01 | C9: /Script/Engine.World'/Game/Levels/Maps/Labor/SubLevel/Labor_S07/L_Labor_PosX_PosY_S07_01_Enemy.L_Labor_PosX_PosY_S07_01_Enemy' | D9: /Script/Engine.World'/Game/Levels/Maps/Labor/SubLevel/Labor_S07/L_Labor_PosX_PosY_S07_01_Reward.L_Labor_PosX_PosY_S07_01_Reward' | E9: 7 | F9: =("(1,2,3,4,5,6,7,8)") | G9: 0 | H9: 0
A10: 8 | B10: /Game/Levels/Maps/Labor/SubLevel/Labor_S08/L_Labor_NagY_NagX_S08_01.L_Labor_NagY_NagX_S08_01 | C10: /Script/Engine.World'/Game/Levels/Maps/Labor/SubLevel/Labor_S08/L_Labor_NagY_NagX_S08_01_Enemy.L_Labor_NagY_NagX_S08_01_Enemy' | D10: /Script/Engine.World'/Game/Levels/Maps/Labor/SubLevel/Labor_S08/L_Labor_NagY_NagX_S08_01_Reward.L_Labor_NagY_NagX_S08_01_Reward' | E10: 8 | F10: =("(1,2,3,4,5,6,7,8)") | G10: 2 | H10: 3
A11: 9 | B11: /Game/Levels/Maps/Labor/SubLevel/Labor_S09/L_Labor_Initial_NagY_S09_01.L_Labor_Initial_NagY_S09_01 | C11: /Script/Engine.World'/Game/Levels/Maps/Labor/SubLevel/Labor_S09/L_Labor_Initial_NagY_S09_01_Enemy.L_Labor_Initial_NagY_S09_01_Enemy' | D11: /Script/Engine.World'/Game/Levels/Maps/Labor/SubLevel/Labor_S09/L_Labor_Initial_NagY_S09_01_Reward.L_Labor_Initial_NagY_S09_01_Reward' | E11: 9 | F11: =("(1)") | G11: 1 | H11: 0
A12: 10 | B12: /Game/Levels/Maps/Labor/SubLevel/Labor_S09/L_Labor_NagX_BossToGift_S09_01.L_Labor_NagX_BossToGift_S09_01 | C12: /Script/Engine.World'/Game/Levels/Maps/Labor/SubLevel/Labor_S09/L_Labor_NagX_BossToGift_S09_01_Enemy.L_Labor_NagX_BossToGift_S09_01_Enemy' | D12: /Script/Engine.World'/Game/Levels/Maps/Labor/SubLevel/Labor_S09/L_Labor_NagX_BossToGift_S09_01_Reward.L_Labor_NagX_BossToGift_S09_01_Reward' | E12: 9 | F12: =("(9)") | G12: 3 | H12: 1
A13: 11 | B13: /Game/Levels/Maps/Labor/SubLevel/Labor_S10/L_Labor_BossToGift_GiftToNext_S10_01.L_Labor_BossToGift_GiftToNext_S10_01 | C13: /Script/Engine.World'/Game/Levels/Maps/Labor/SubLevel/Labor_S10/L_Labor_BossToGift_GiftToNext_S10_01_Enemy.L_Labor_BossToGift_GiftToNext_S10_01_Enemy' | D13: /Script/Engine.World'/Game/Levels/Maps/Labor/SubLevel/Labor_S10/L_Labor_BossToGift_GiftToNext_S10_01_Reward.L_Labor_BossToGift_GiftToNext_S10_01_Reward' | E13: 10 | F13: =("(9)") | G13: 2 | H13: 4
A14: 12 | B14: /Game/Levels/Maps/Labor/SubLevel/Labor_S11/L_Labor_NagY_PosX_S11_01.L_Labor_NagY_PosX_S11_01 | C14: /Script/Engine.World'/Game/Levels/Maps/Labor/SubLevel/Labor_S11/L_Labor_NagY_PosX_S11_01_Enemy.L_Labor_NagY_PosX_S11_01_Enemy' | D14: /Script/Engine.World'/Game/Levels/Maps/Labor/SubLevel/Labor_S11/L_Labor_NagY_PosX_S11_01_Reward.L_Labor_NagY_PosX_S11_01_Reward' | E14: 11 | F14: =("(1,2,3,4,5,6,7,8)") | G14: 0 | H14: 3

Sheet 关卡统计
A1: 组合 | B1: 统计 | C1: 占比 | E1: 起点 | F1: 统计 | G1: 占比 | I1: 终点 | J1: 统计 | K1: 占比 | M1: 区域 | N1: 统计 | O1: 占比
A2: PosXPosX | B2: =COUNTIFS('关卡程序命名'!T:T, A2, '关卡程序命名'!S:S, "DONE") | C2: =B2/(SUM(B:B)) | E2: 0_PosX | F2: =COUNTIFS('关卡程序命名'!K:K,E2, '关卡程序命名'!S:S, "DONE") | G2: =F2/(SUM(F:F)) | I2: 0_PosX | J2: =COUNTIFS('关卡程序命名'!N:N,I2, '关卡程序命名'!S:S, "DONE") | K2: =J2/(SUM(J:J)) | M2: S01 | N2: =COUNTIFS('关卡程序命名'!I:I,M2, '关卡程序命名'!S:S, "DONE") | O2: =N2/(SUM(N:N))
A3: PosXPosY | B3: =COUNTIFS('关卡程序命名'!T:T, A3, '关卡程序命名'!S:S, "DONE") | C3: =B3/(SUM(B:B)) | E3: 1_NagX | F3: =COUNTIFS('关卡程序命名'!K:K,E3, '关卡程序命名'!S:S, "DONE") | G3: =F3/(SUM(F:F)) | I3: 1_NagX | J3: =COUNTIFS('关卡程序命名'!N:N,I3, '关卡程序命名'!S:S, "DONE") | K3: =J3/(SUM(J:J)) | M3: S02 | N3: =COUNTIFS('关卡程序命名'!I:I,M3, '关卡程序命名'!S:S, "DONE") | O3: =N3/(SUM(N:N))
A4: PosXNagX | B4: =COUNTIFS('关卡程序命名'!T:T, A4, '关卡程序命名'!S:S, "DONE") | C4: =B4/(SUM(B:B)) | E4: 2_PosY | F4: =COUNTIFS('关卡程序命名'!K:K,E4, '关卡程序命名'!S:S, "DONE") | G4: =F4/(SUM(F:F)) | I4: 2_PosY | J4: =COUNTIFS('关卡程序命名'!N:N,I4, '关卡程序命名'!S:S, "DONE") | K4: =J4/(SUM(J:J)) | M4: S03 | N4: =COUNTIFS('关卡程序命名'!I:I,M4, '关卡程序命名'!S:S, "DONE") | O4: =N4/(SUM(N:N))
A5: PosXNagY | B5: =COUNTIFS('关卡程序命名'!T:T, A5, '关卡程序命名'!S:S, "DONE") | C5: =B5/(SUM(B:B)) | E5: 3_NagY | F5: =COUNTIFS('关卡程序命名'!K:K,E5, '关卡程序命名'!S:S, "DONE") | G5: =F5/(SUM(F:F)) | I5: 3_NagY | J5: =COUNTIFS('关卡程序命名'!N:N,I5, '关卡程序命名'!S:S, "DONE") | K5: =J5/(SUM(J:J)) | M5: S04 | N5: =COUNTIFS('关卡程序命名'!I:I,M5, '关卡程序命名'!S:S, "DONE") | O5: =N5/(SUM(N:N))
A6: PosYPosX | B6: =COUNTIFS('关卡程序命名'!T:T, A6, '关卡程序命名'!S:S, "DONE") | C6: =B6/(SUM(B:B)) | E6: 0_Initial | F6: =COUNTIFS('关卡程序命名'!K:K,E6, '关卡程序命名'!S:S, "DONE") | G6: =F6/(SUM(F:F)) | M6: S05 | N6: =COUNTIFS('关卡程序命名'!I:I,M6, '关卡程序命名'!S:S, "DONE") | O6: =N6/(SUM(N:N))
A7: PosYPosY | B7: =COUNTIFS('关卡程序命名'!T:T, A7, '关卡程序命名'!S:S, "DONE") | C7: =B7/(SUM(B:B)) | M7: S06 | N7: =COUNTIFS('关卡程序命名'!I:I,M7, '关卡程序命名'!S:S, "DONE") | O7: =N7/(SUM(N:N))
A8: PosYNagX | B8: =COUNTIFS('关卡程序命名'!T:T, A8, '关卡程序命名'!S:S, "DONE") | C8: =B8/(SUM(B:B)) | M8: S07 | N8: =COUNTIFS('关卡程序命名'!I:I,M8, '关卡程序命名'!S:S, "DONE") | O8: =N8/(SUM(N:N))
A9: PosYNagY | B9: =COUNTIFS('关卡程序命名'!T:T, A9, '关卡程序命名'!S:S, "DONE") | C9: =B9/(SUM(B:B)) | M9: S08 | N9: =COUNTIFS('关卡程序命名'!I:I,M9, '关卡程序命名'!S:S, "DONE") | O9: =N9/(SUM(N:N))
A10: NagXPosX | B10: =COUNTIFS('关卡程序命名'!T:T, A10, '关卡程序命名'!S:S, "DONE") | C10: =B10/(SUM(B:B)) | M10: S09 | N10: =COUNTIFS('关卡程序命名'!I:I,M10, '关卡程序命名'!S:S, "DONE") | O10: =N10/(SUM(N:N))
A11: NagXPosY | B11: =COUNTIFS('关卡程序命名'!T:T, A11, '关卡程序命名'!S:S, "DONE") | C11: =B11/(SUM(B:B)) | M11: S10 | N11: =COUNTIFS('关卡程序命名'!I:I,M11, '关卡程序命名'!S:S, "DONE") | O11: =N11/(SUM(N:N))
A12: NagXNagX | B12: =COUNTIFS('关卡程序命名'!T:T, A12, '关卡程序命名'!S:S, "DONE") | C12: =B12/(SUM(B:B)) | M12: S11 | N12: =COUNTIFS('关卡程序命名'!I:I,M12, '关卡程序命名'!S:S, "DONE") | O12: =N12/(SUM(N:N))
A13: NagXNagY | B13: =COUNTIFS('关卡程序命名'!T:T, A13, '关卡程序命名'!S:S, "DONE") | C13: =B13/(SUM(B:B))
A14: NagYPosX | B14: =COUNTIFS('关卡程序命名'!T:T, A14, '关卡程序命名'!S:S, "DONE") | C14: =B14/(SUM(B:B))
A15: NagYPosY | B15: =COUNTIFS('关卡程序命名'!T:T, A15, '关卡程序命名'!S:S, "DONE") | C15: =B15/(SUM(B:B))
A16: NagYNagX | B16: =COUNTIFS('关卡程序命名'!T:T, A16, '关卡程序命名'!S:S, "DONE") | C16: =B16/(SUM(B:B))
A17: NagYNagY | B17: =COUNTIFS('关卡程序命名'!T:T, A17, '关卡程序命名'!S:S, "DONE") | C17: =B17/(SUM(B:B))
A18: InitialPosX | B18: =COUNTIFS('关卡程序命名'!T:T, A18, '关卡程序命名'!S:S, "DONE") | C18: =B18/(SUM(B:B))
A19: InitialPosY | B19: =COUNTIFS('关卡程序命名'!T:T, A19, '关卡程序命名'!S:S, "DONE") | C19: =B19/(SUM(B:B))
A20: InitialNagX | B20: =COUNTIFS('关卡程序命名'!T:T, A20, '关卡程序命名'!S:S, "DONE") | C20: =B20/(SUM(B:B))
A21: InitialNagY | B21: =COUNTIFS('关卡程序命名'!T:T, A21, '关卡程序命名'!S:S, "DONE") | C21: =B21/(SUM(B:B))

Sheet 关卡奖励设计
A1: Name | B1: 名称 | C1: 数量 | D1: 占比 | E1: 期望 | F1: 目标 | G1: 实际比例 | H1: 性质 | I1: 功能 | K1: 统计数据 | L1: 统计值 | N1: =SUM(O1:Q1)/1 | O1: =SUM(R1:U1) | P1: =SUM(V1:W1) | Q1: =SUM(X1:Y1) | R1: =R2/Z1 | S1: =S2/Z1 | T1: =T2/Z1 | U1: =U2/Z1 | V1: =V2/Z1 | W1: =W2/Z1 | X1: =X2/Z1 | Y1: =Y2/Z1 | Z1: =COUNTA(Z6:Z1005)
A2: WeaponPrinter | B2: 武器打印机 | E2: =G2*(COUNTA('关卡程序命名'!B:B)-1) | F2: 0.15 | G2: =F2*2/3 | H2: 成长 | I2: 获得新武器 | K2: 奖励/层数 | L2: =SUM(C2:C12)/(COUNTA('关卡程序命名'!B:B)-1) | N2: 奖励概率 | O2: 成长性奖励 | P2: 非成长奖励 | Q2: 资源奖励 | R2: =COUNTA(R6:R107) | S2: =COUNTA(S6:S107) | T2: =COUNTA(T6:T107) | U2: =COUNTA(U6:U107) | V2: =COUNTA(V6:V107) | W2: =COUNTA(W6:W107) | X2: =COUNTA(X6:X107) | Y2: =COUNTA(Y6:Y107) | AD2: GeneticEnhancer | AE2: 基因强化仪 | AF2: =COUNTIF(#REF!,"*"&AD2&"*") | AG2: =COUNTIF(#REF!,"*"&AD2&"*")/(COUNTA(#REF!)-1) | AH2: 成长 | AI2: 增加生命上限&当前值
A3: CyborgPrinter | B3: 义体打印机 | E3: =G3*(COUNTA('关卡程序命名'!B:B)-1) | F3: 0.1 | G3: =F3*2/3 | H3: 成长 | I3: 获得新义体 | K3: 成长性 | L3: =SUM(C2:C6)/(COUNTA('关卡程序命名'!B:B)-1) | N3: Level | O3: Map | P3: Variant | Q3: 类型 | R3: 武器打印机 | S3: 义体打印机 | T3: 武器升级器 | U3: 义体升级器 | V3: 生命恢复仓 | W3: 护驾修复仓 | X3: 子弹贩卖机 | Y3: 信用金库 | Z3: 奖励房间 | AA3: 奖励价值 | AB3: 奖励概率 | AC3: 备注
A4: ChipWriter | B4: 芯片写入仪 | E4: =G4*(COUNTA('关卡程序命名'!B:B)-1) | F4: 0.2 | G4: =F4*2/3 | H4: 成长 | I4: 获得新芯片
A5: IntelBrainPrinter | B5: 智脑打印机 | E5: =G5*(COUNTA('关卡程序命名'!B:B)-1) | F5: 0.1 | G5: =F5*2/3 | H5: 成长 | I5: 获得新智脑
A6: ArmorReinforcer | B6: 护甲补强仪 | E6: =G6*(COUNTA('关卡程序命名'!B:B)-1) | F6: 0.1 | G6: =F6*2/3 | H6: 成长 | I6: 增加护甲值 | K6: 非成长 | L6: =SUM(C7:C12)/(COUNTA('关卡程序命名'!B:B)-1) | N6: 1 | O6: a | P6: 1 | Q6: 小怪 | R6: ✔️ | X6: 2选1 | Z6: =COUNTA(R6:W6)+COUNTA(Y6) | AB6: =COUNTA(R6:Y12)/4 | AC6: Map在这里只表示地图地形，实际上要做4张图（4个Variant）。
A7: CreditVault | B7: 信用金库 | E7: =G7*(COUNTA('关卡程序命名'!B:B)-1) | F7: 0.15 | G7: =F7*2/3 | H7: 非成长 | I7: 增加随身携带的信用点 | K7: 奖励/奖励 | L7: =SUM(D2:D12) | N7: 1 | O7: a | P7: 2 | Q7: 小怪 | S7: ✔️ | Z7: =COUNTA(R7:W7)+COUNTA(Y7)
A8: HealingPod | B8: 治疗舱 | E8: =G8*(COUNTA('关卡程序命名'!B:B)-1) | F8: 0.1 | G8: =F8*2/3 | H8: 非成长 | I8: 恢复生命值，不超过上限 | K8: 成长性 | L8: =SUM(D2:D6) | N8: 1 | O8: b | P8: 3 | Q8: 小怪 | R8: ✔️ | Z8: =COUNTA(R8:W8)+COUNTA(Y8)
A9: Drone | B9: 无人机 | E9: =G9*(COUNTA('关卡程序命名'!B:B)-1) | F9: 0.1 | G9: =F9*2/3 | H9: 成长
A10: FAKE1 | B10: 占位垃圾1 | E10: =G10*(COUNTA('关卡程序命名'!B:B)-1) | G10: =1/6
A11: FAKE2 | B11: 占位垃圾2 | E11: =G11*(COUNTA('关卡程序命名'!B:B)-1) | G11: =1/6
A12: AmmoVEM | B12: 子弹贩卖机 | E12: =G12*(COUNTA('关卡程序命名'!B:B)-1) | F12: 1 | G12: 1 | H12: 非成长 | I12: 购买子弹 | K12: 非成长 | L12: =SUM(D7:D12) | N12: 1 | O12: b | P12: 4 | Q12: 小怪 | S12: ✔️ | Z12: =COUNTA(R12:W12)+COUNTA(Y12)
N13: 2 | O13: a | P13: 1 | Q13: 小怪 | U13: ✔️ | Z13: =COUNTA(R13:W13)+COUNTA(Y13) | AB13: =COUNTA(R13:Y16)/4
N14: 2 | O14: a | P14: 2 | Q14: 小怪 | Y14: ✔️ | Z14: =COUNTA(R14:W14)+COUNTA(Y14)
N15: 2 | O15: b | P15: 3 | Q15: 小怪 | U15: ✔️ | Z15: =COUNTA(R15:W15)+COUNTA(Y15)
N16: 2 | O16: b | P16: 4 | Q16: 小怪 | S16: ✔️ | X16: 3选1 | Z16: =COUNTA(R16:W16)+COUNTA(Y16)
N17: 3 | O17: a | P17: 1 | Q17: 小怪 | T17: ✔️ | Z17: =COUNTA(R17:W17)+COUNTA(Y17) | AB17: =COUNTA(R17:Y20)/4
N18: 3 | O18: a | P18: 2 | Q18: 小怪 | R18: ✔️ | Y18: ✔️ | Z18: =COUNTA(R18:W18)+COUNTA(Y18)
N19: 3 | O19: b | P19: 3 | Q19: 小怪 | T19: ✔️ | Y19: ✔️ | Z19: =COUNTA(R19:W19)+COUNTA(Y19)
N20: 3 | O20: b | P20: 4 | Q20: 小怪 | Y20: ✔️ | Z20: =COUNTA(R20:W20)+COUNTA(Y20)
N21: 4 | O21: a | P21: 1 | Q21: 小怪 | V21: ✔️ | X21: 1选1 | Z21: =COUNTA(R21:W21)+COUNTA(Y21) | AB21: =COUNTA(R21:Y24)/4
N22: 4 | O22: a | P22: 2 | Q22: 小怪 | W22: ✔️ | Z22: =COUNTA(R22:W22)+COUNTA(Y22)
N23: 4 | O23: b | P23: 3 | Q23: 小怪 | Y23: ✔️ | Z23: =COUNTA(R23:W23)+COUNTA(Y23)
N24: 4 | O24: b | P24: 4 | Q24: 小怪 | S24: ✔️ | X24: 2选1 | Z24: =COUNTA(R24:W24)+COUNTA(Y24)
N25: 5 | O25: a | P25: 1 | Q25: 小怪 | V25: ✔️ | Z25: =COUNTA(R25:W25)+COUNTA(Y25) | AB25: =COUNTA(R25:Y28)/4
N26: 5 | O26: a | P26: 2 | Q26: 小怪 | T26: ✔️ | X26: 3选1 | Z26: =COUNTA(R26:W26)+COUNTA(Y26)
N27: 5 | O27: b | P27: 3 | Q27: 小怪 | R27: ✔️ | Z27: =COUNTA(R27:W27)+COUNTA(Y27)
N28: 5 | O28: b | P28: 4 | Q28: 小怪 | U28: ✔️ | Y28: ✔️ | Z28: =COUNTA(R28:W28)+COUNTA(Y28)
N29: 6 | O29: a | P29: 1 | Q29: 小怪 | T29: ✔️ | X29: 3选1 | Z29: =COUNTA(R29:W29)+COUNTA(Y29) | AB29: =COUNTA(R29:Y32)/4
N30: 6 | O30: a | P30: 2 | Q30: 小怪 | U30: ✔️ | Z30: =COUNTA(R30:W30)+COUNTA(Y30)
N31: 6 | O31: b | P31: 3 | Q31: 小怪 | T31: ✔️ | Z31: =COUNTA(R31:W31)+COUNTA(Y31)
N32: 6 | O32: b | P32: 4 | Q32: 小怪 | X32: 2选1 | Y32: ✔️ | Z32: =COUNTA(R32:W32)+COUNTA(Y32)
N33: 7 | O33: a | P33: 1 | Q33: 小怪 | T33: ✔️ | Z33: =COUNTA(R33:W33)+COUNTA(Y33) | AB33: =COUNTA(R33:Y36)/4
N34: 7 | O34: a | P34: 2 | Q34: 小怪 | U34: ✔️ | W34: ✔️ | Z34: =COUNTA(R34:W34)+COUNTA(Y34)
N35: 7 | O35: b | P35: 3 | Q35: 小怪 | T35: ✔️ | V35: ✔️ | Z35: =COUNTA(R35:W35)+COUNTA(Y35)
N36: 7 | O36: b | P36: 4 | Q36: 小怪 | Y36: ✔️ | Z36: =COUNTA(R36:W36)+COUNTA(Y36)
N37: 8 | O37: a | P37: 1 | Q37: 小怪 | V37: ✔️ | Z37: =COUNTA(R37:W37)+COUNTA(Y37) | AB37: =COUNTA(R37:Y40)/4
N38: 8 | O38: a | P38: 2 | Q38: 小怪 | W38: ✔️ | X38: 2选1 | Z38: =COUNTA(R38:W38)+COUNTA(Y38)
N39: 8 | O39: b | P39: 3 | Q39: 小怪 | R39: ✔️ | Z39: =COUNTA(R39:W39)+COUNTA(Y39)
N40: 8 | O40: b | P40: 4 | Q40: 小怪 | W40: ✔️ | X40: 2选1 | Z40: =COUNTA(R40:W40)+COUNTA(Y40)
N41: 9 | O41: a | Q41: 小怪 | R41: ✔️ | Z41: =COUNTA(R41:W41)+COUNTA(Y41) | AB41: =COUNTA(R41:Y44)/4
N42: 9 | O42: a | Q42: 小怪 | S42: ✔️ | Z42: =COUNTA(R42:W42)+COUNTA(Y42)
N43: 9 | O43: b | Q43: 小怪 | R43: ✔️ | Y43: ✔️ | Z43: =COUNTA(R43:W43)+COUNTA(Y43)
N44: 9 | O44: b | Q44: 小怪 | S44: ✔️ | Y44: ✔️ | Z44: =COUNTA(R44:W44)+COUNTA(Y44)
N45: 10 | O45: a | Q45: 小怪 | T45: ✔️ | Z45: =COUNTA(R45:W45)+COUNTA(Y45) | AB45: =COUNTA(R45:Y48)/4
N46: 10 | O46: a | Q46: 小怪 | S46: ✔️ | W46: ✔️ | Z46: =COUNTA(R46:W46)+COUNTA(Y46)
N47: 10 | O47: b | Q47: 小怪 | X47: 3选1 | Y47: ✔️ | Z47: =COUNTA(R47:W47)+COUNTA(Y47)
N48: 10 | O48: b | Q48: 小怪 | S48: ✔️ | Z48: =COUNTA(R48:W48)+COUNTA(Y48)
N49: 11 | O49: a | Q49: 小怪 | R49: ✔️ | Z49: =COUNTA(R49:W49)+COUNTA(Y49) | AB49: =COUNTA(R49:Y52)/4
N50: 11 | O50: a | Q50: 小怪 | U50: ✔️ | Z50: =COUNTA(R50:W50)+COUNTA(Y50)
N51: 11 | O51: b | Q51: 小怪 | R51: ✔️ | V51: ✔️ | X51: 1选1 | Z51: =COUNTA(R51:W51)+COUNTA(Y51)
N52: 11 | O52: b | Q52: 小怪 | U52: ✔️ | Z52: =COUNTA(R52:W52)+COUNTA(Y52)
N53: 12 | O53: a | Q53: 小怪 | V53: ✔️ | Y53: ✔️ | Z53: =COUNTA(R53:W53)+COUNTA(Y53) | AB53: =COUNTA(R53:Y56)/4
N54: 12 | O54: a | Q54: 小怪 | W54: ✔️ | Z54: =COUNTA(R54:W54)+COUNTA(Y54)
N55: 12 | O55: b | Q55: 小怪 | S55: ✔️ | X55: 2选1 | Z55: =COUNTA(R55:W55)+COUNTA(Y55)
N56: 12 | O56: b | Q56: 小怪 | U56: ✔️ | Z56: =COUNTA(R56:W56)+COUNTA(Y56)

Sheet 关卡经济设计
A1: 楼层 | B1: 初始敌人数量 | C1: 总计敌人数量 | D1: 初始敌人总血量 | E1: 全部敌人总血量 | F1: 期望战斗区域 | G1: 期望子弹消耗 | H1: 期望掉落信用点 | I1: 期望奖励信用点 | J1: 期望入账 | K1: 累计入账 | L1: 子弹打印机数量 | M1: 子弹费用 | N1: TTK | O1: 单层盈余 | P1: 累计盈余 | Q1: 期望武器打印机 | R1: 累计武器打印机 | S1: 武器升级成本 | T1: 期望武器等级 | U1: 武器盈余 | V1: 累计恢复生命 | W1: 累计恢复护甲 | X1: BOSS
A2: 1 | B2: 10 | C2: =B2*2 | D2: =B2*100*IF(A2<=9, 2-(1/64)*(9-A2)^2, IF(A2<=18, 4-(2/81)*(18-A2)^2, IF(A2<=25, 6-(2/49)*(25-A2)^2, IF(A2<=32, 8-(2/49)*(32-A2)^2, IF(A2<=40, 10-(1/32)*(40-A2)^2, "超出范围"))))) | E2: =D2*2 | F2: 2 | G2: =IFERROR(IF(X2="Boss", E2, AVERAGE(D2:E2)) / 100 * 0.5 * LOOKUP(A2, {1, 10, 19, 26, 33}, {2.2, 1.6, 1.2, 1, 0.8}), "") | H2: =AVERAGE(B2:C2)*0.1*20*F2 | I2: =F2*2*0.15*130 | J2: =SUM(H2:I2) | K2: =SUM($J$2:J2) | L2: =ROUNDUP(SUM(G2:G10)/9/30) | M2: =G2/30*50 | N2: =IFERROR(CHOOSE(ROUNDUP(T2/2, 0), IF(X2="Boss", E2, AVERAGE(D2:E2))/130, IF(X2="Boss", E2, AVERAGE(D2:E2))/180, IF(X2="Boss", E2, AVERAGE(D2:E2))/240, IF(X2="Boss", E2, AVERAGE(D2:E2))/300, IF(X2="Boss", E2, AVERAGE(D2:E2))/370), "") | O2: =J2-M2 | P2: =SUM($O$2:O2) | Q2: =F2*2*0.15 | R2: =INT(SUM($Q$2:Q2)) | S2: 0 | T2: =IF(R2>0, 2, 1) | U2: =P2-S2 | V2: =0.1*F2*50*A2 | W2: =0.1*F2*50*A2
A3: 2 | B3: 10 | C3: =B3*2 | D3: =B3*100*IF(A3<=9, 2-(1/64)*(9-A3)^2, IF(A3<=18, 4-(2/81)*(18-A3)^2, IF(A3<=25, 6-(2/49)*(25-A3)^2, IF(A3<=32, 8-(2/49)*(32-A3)^2, IF(A3<=40, 10-(1/32)*(40-A3)^2, "超出范围"))))) | E3: =D3*2 | F3: 2 | G3: =IFERROR(IF(X3="Boss", E3, AVERAGE(D3:E3)) / 100 * 0.5 * LOOKUP(A3, {1, 10, 19, 26, 33}, {2.2, 1.6, 1.2, 1, 0.8}), "") | H3: =AVERAGE(B3:C3)*0.1*20*F3 | I3: =F3*2*0.15*130 | J3: =SUM(H3:I3) | K3: =SUM($J$2:J3) | L3: =L2 | M3: =G3/30*50 | N3: =IFERROR(CHOOSE(ROUNDUP(T3/2, 0), IF(X3="Boss", E3, AVERAGE(D3:E3))/130, IF(X3="Boss", E3, AVERAGE(D3:E3))/180, IF(X3="Boss", E3, AVERAGE(D3:E3))/240, IF(X3="Boss", E3, AVERAGE(D3:E3))/300, IF(X3="Boss", E3, AVERAGE(D3:E3))/370), "") | O3: =J3-M3 | P3: =SUM($O$2:O3) | Q3: =F3*2*0.15 | R3: =INT(SUM($Q$2:Q3)) | S3: =IF(AND(T3 > T2, T2 >= 2), S2 + VLOOKUP(INT(T2/2), '武器经济计算'!$A:$B, 2, FALSE), S2) | T3: =IF(R3 > R2, IF(T2 < 2, 2, IF((P3 - S2) >= VLOOKUP(INT(T2/2), '武器经济计算'!$A:$B, 2, FALSE), T2 + 1, T2 ) ), T2) | U3: =P3-S3 | V3: =0.1*F3*50*A3 | W3: =0.1*F3*50*A3
A4: 3 | B4: 10 | C4: =B4*2 | D4: =B4*100*IF(A4<=9, 2-(1/64)*(9-A4)^2, IF(A4<=18, 4-(2/81)*(18-A4)^2, IF(A4<=25, 6-(2/49)*(25-A4)^2, IF(A4<=32, 8-(2/49)*(32-A4)^2, IF(A4<=40, 10-(1/32)*(40-A4)^2, "超出范围"))))) | E4: =D4*2 | F4: 2 | G4: =IFERROR(IF(X4="Boss", E4, AVERAGE(D4:E4)) / 100 * 0.5 * LOOKUP(A4, {1, 10, 19, 26, 33}, {2.2, 1.6, 1.2, 1, 0.8}), "") | H4: =AVERAGE(B4:C4)*0.1*20*F4 | I4: =F4*2*0.15*130 | J4: =SUM(H4:I4) | K4: =SUM($J$2:J4) | L4: =L3 | M4: =G4/30*50 | N4: =IFERROR(CHOOSE(ROUNDUP(T4/2, 0), IF(X4="Boss", E4, AVERAGE(D4:E4))/130, IF(X4="Boss", E4, AVERAGE(D4:E4))/180, IF(X4="Boss", E4, AVERAGE(D4:E4))/240, IF(X4="Boss", E4, AVERAGE(D4:E4))/300, IF(X4="Boss", E4, AVERAGE(D4:E4))/370), "") | O4: =J4-M4 | P4: =SUM($O$2:O4) | Q4: =F4*2*0.15 | R4: =INT(SUM($Q$2:Q4)) | S4: =IF(AND(T4 > T3, T3 >= 2), S3 + VLOOKUP(INT(T3/2), '武器经济计算'!$A:$B, 2, FALSE), S3) | T4: =IF(R4 > R3, IF(T3 < 2, 2, IF((P4 - S3) >= VLOOKUP(INT(T3/2), '武器经济计算'!$A:$B, 2, FALSE), T3 + 1, T3 ) ), T3) | U4: =P4-S4 | V4: =0.1*F4*50*A4 | W4: =0.1*F4*50*A4
A5: 4 | B5: 10 | C5: =B5*2 | D5: =B5*100*IF(A5<=9, 2-(1/64)*(9-A5)^2, IF(A5<=18, 4-(2/81)*(18-A5)^2, IF(A5<=25, 6-(2/49)*(25-A5)^2, IF(A5<=32, 8-(2/49)*(32-A5)^2, IF(A5<=40, 10-(1/32)*(40-A5)^2, "超出范围"))))) | E5: =D5*2 | F5: 2 | G5: =IFERROR(IF(X5="Boss", E5, AVERAGE(D5:E5)) / 100 * 0.5 * LOOKUP(A5, {1, 10, 19, 26, 33}, {2.2, 1.6, 1.2, 1, 0.8}), "") | H5: =AVERAGE(B5:C5)*0.1*20*F5 | I5: =F5*2*0.15*130 | J5: =SUM(H5:I5) | K5: =SUM($J$2:J5) | L5: =L4 | M5: =G5/30*50 | N5: =IFERROR(CHOOSE(ROUNDUP(T5/2, 0), IF(X5="Boss", E5, AVERAGE(D5:E5))/130, IF(X5="Boss", E5, AVERAGE(D5:E5))/180, IF(X5="Boss", E5, AVERAGE(D5:E5))/240, IF(X5="Boss", E5, AVERAGE(D5:E5))/300, IF(X5="Boss", E5, AVERAGE(D5:E5))/370), "") | O5: =J5-M5 | P5: =SUM($O$2:O5) | Q5: =F5*2*0.15 | R5: =INT(SUM($Q$2:Q5)) | S5: =IF(AND(T5 > T4, T4 >= 2), S4 + VLOOKUP(INT(T4/2), '武器经济计算'!$A:$B, 2, FALSE), S4) | T5: =IF(R5 > R4, IF(T4 < 2, 2, IF((P5 - S4) >= VLOOKUP(INT(T4/2), '武器经济计算'!$A:$B, 2, FALSE), T4 + 1, T4 ) ), T4) | U5: =P5-S5 | V5: =0.1*F5*50*A5 | W5: =0.1*F5*50*A5
A6: 5 | B6: 10 | C6: =B6*2 | D6: =B6*100*IF(A6<=9, 2-(1/64)*(9-A6)^2, IF(A6<=18, 4-(2/81)*(18-A6)^2, IF(A6<=25, 6-(2/49)*(25-A6)^2, IF(A6<=32, 8-(2/49)*(32-A6)^2, IF(A6<=40, 10-(1/32)*(40-A6)^2, "超出范围"))))) | E6: =D6*2 | F6: 2 | G6: =IFERROR(IF(X6="Boss", E6, AVERAGE(D6:E6)) / 100 * 0.5 * LOOKUP(A6, {1, 10, 19, 26, 33}, {2.2, 1.6, 1.2, 1, 0.8}), "") | H6: =AVERAGE(B6:C6)*0.1*20*F6 | I6: =F6*2*0.15*130 | J6: =SUM(H6:I6) | K6: =SUM($J$2:J6) | L6: =L5 | M6: =G6/30*50 | N6: =IFERROR(CHOOSE(ROUNDUP(T6/2, 0), IF(X6="Boss", E6, AVERAGE(D6:E6))/130, IF(X6="Boss", E6, AVERAGE(D6:E6))/180, IF(X6="Boss", E6, AVERAGE(D6:E6))/240, IF(X6="Boss", E6, AVERAGE(D6:E6))/300, IF(X6="Boss", E6, AVERAGE(D6:E6))/370), "") | O6: =J6-M6 | P6: =SUM($O$2:O6) | Q6: =F6*2*0.15 | R6: =INT(SUM($Q$2:Q6)) | S6: =IF(AND(T6 > T5, T5 >= 2), S5 + VLOOKUP(INT(T5/2), '武器经济计算'!$A:$B, 2, FALSE), S5) | T6: =IF(R6 > R5, IF(T5 < 2, 2, IF((P6 - S5) >= VLOOKUP(INT(T5/2), '武器经济计算'!$A:$B, 2, FALSE), T5 + 1, T5 ) ), T5) | U6: =P6-S6 | V6: =0.1*F6*50*A6 | W6: =0.1*F6*50*A6
A7: 6 | B7: 10 | C7: =B7*2 | D7: =B7*100*IF(A7<=9, 2-(1/64)*(9-A7)^2, IF(A7<=18, 4-(2/81)*(18-A7)^2, IF(A7<=25, 6-(2/49)*(25-A7)^2, IF(A7<=32, 8-(2/49)*(32-A7)^2, IF(A7<=40, 10-(1/32)*(40-A7)^2, "超出范围"))))) | E7: =D7*2 | F7: 2 | G7: =IFERROR(IF(X7="Boss", E7, AVERAGE(D7:E7)) / 100 * 0.5 * LOOKUP(A7, {1, 10, 19, 26, 33}, {2.2, 1.6, 1.2, 1, 0.8}), "") | H7: =AVERAGE(B7:C7)*0.1*20*F7 | I7: =F7*2*0.15*130 | J7: =SUM(H7:I7) | K7: =SUM($J$2:J7) | L7: =L6 | M7: =G7/30*50 | N7: =IFERROR(CHOOSE(ROUNDUP(T7/2, 0), IF(X7="Boss", E7, AVERAGE(D7:E7))/130, IF(X7="Boss", E7, AVERAGE(D7:E7))/180, IF(X7="Boss", E7, AVERAGE(D7:E7))/240, IF(X7="Boss", E7, AVERAGE(D7:E7))/300, IF(X7="Boss", E7, AVERAGE(D7:E7))/370), "") | O7: =J7-M7 | P7: =SUM($O$2:O7) | Q7: =F7*2*0.15 | R7: =INT(SUM($Q$2:Q7)) | S7: =IF(AND(T7 > T6, T6 >= 2), S6 + VLOOKUP(INT(T6/2), '武器经济计算'!$A:$B, 2, FALSE), S6) | T7: =IF(R7 > R6, IF(T6 < 2, 2, IF((P7 - S6) >= VLOOKUP(INT(T6/2), '武器经济计算'!$A:$B, 2, FALSE), T6 + 1, T6 ) ), T6) | U7: =P7-S7 | V7: =0.1*F7*50*A7 | W7: =0.1*F7*50*A7
A8: 7 | B8: 10 | C8: =B8*2 | D8: =B8*100*IF(A8<=9, 2-(1/64)*(9-A8)^2, IF(A8<=18, 4-(2/81)*(18-A8)^2, IF(A8<=25, 6-(2/49)*(25-A8)^2, IF(A8<=32, 8-(2/49)*(32-A8)^2, IF(A8<=40, 10-(1/32)*(40-A8)^2, "超出范围"))))) | E8: =D8*2 | F8: 2 | G8: =IFERROR(IF(X8="Boss", E8, AVERAGE(D8:E8)) / 100 * 0.5 * LOOKUP(A8, {1, 10, 19, 26, 33}, {2.2, 1.6, 1.2, 1, 0.8}), "") | H8: =AVERAGE(B8:C8)*0.1*20*F8 | I8: =F8*2*0.15*130 | J8: =SUM(H8:I8) | K8: =SUM($J$2:J8) | L8: =L7 | M8: =G8/30*50 | N8: =IFERROR(CHOOSE(ROUNDUP(T8/2, 0), IF(X8="Boss", E8, AVERAGE(D8:E8))/130, IF(X8="Boss", E8, AVERAGE(D8:E8))/180, IF(X8="Boss", E8, AVERAGE(D8:E8))/240, IF(X8="Boss", E8, AVERAGE(D8:E8))/300, IF(X8="Boss", E8, AVERAGE(D8:E8))/370), "") | O8: =J8-M8 | P8: =SUM($O$2:O8) | Q8: =F8*2*0.15 | R8: =INT(SUM($Q$2:Q8)) | S8: =IF(AND(T8 > T7, T7 >= 2), S7 + VLOOKUP(INT(T7/2), '武器经济计算'!$A:$B, 2, FALSE), S7) | T8: =IF(R8 > R7, IF(T7 < 2, 2, IF((P8 - S7) >= VLOOKUP(INT(T7/2), '武器经济计算'!$A:$B, 2, FALSE), T7 + 1, T7 ) ), T7) | U8: =P8-S8 | V8: =0.1*F8*50*A8 | W8: =0.1*F8*50*A8
A9: 8 | B9: 10 | C9: =B9*2 | D9: =B9*100*IF(A9<=9, 2-(1/64)*(9-A9)^2, IF(A9<=18, 4-(2/81)*(18-A9)^2, IF(A9<=25, 6-(2/49)*(25-A9)^2, IF(A9<=32, 8-(2/49)*(32-A9)^2, IF(A9<=40, 10-(1/32)*(40-A9)^2, "超出范围"))))) | E9: =D9*2 | F9: 2 | G9: =IFERROR(IF(X9="Boss", E9, AVERAGE(D9:E9)) / 100 * 0.5 * LOOKUP(A9, {1, 10, 19, 26, 33}, {2.2, 1.6, 1.2, 1, 0.8}), "") | H9: =AVERAGE(B9:C9)*0.1*20*F9 | I9: =F9*2*0.15*130 | J9: =SUM(H9:I9) | K9: =SUM($J$2:J9) | L9: =L8 | M9: =G9/30*50 | N9: =IFERROR(CHOOSE(ROUNDUP(T9/2, 0), IF(X9="Boss", E9, AVERAGE(D9:E9))/130, IF(X9="Boss", E9, AVERAGE(D9:E9))/180, IF(X9="Boss", E9, AVERAGE(D9:E9))/240, IF(X9="Boss", E9, AVERAGE(D9:E9))/300, IF(X9="Boss", E9, AVERAGE(D9:E9))/370), "") | O9: =J9-M9 | P9: =SUM($O$2:O9) | Q9: =F9*2*0.15 | R9: =INT(SUM($Q$2:Q9)) | S9: =IF(AND(T9 > T8, T8 >= 2), S8 + VLOOKUP(INT(T8/2), '武器经济计算'!$A:$B, 2, FALSE), S8) | T9: =IF(R9 > R8, IF(T8 < 2, 2, IF((P9 - S8) >= VLOOKUP(INT(T8/2), '武器经济计算'!$A:$B, 2, FALSE), T8 + 1, T8 ) ), T8) | U9: =P9-S9 | V9: =0.1*F9*50*A9 | W9: =0.1*F9*50*A9
A10: 9 | B10: 10 | C10: =B10*2 | D10: =B10*100*IF(A10<=9, 2-(1/64)*(9-A10)^2, IF(A10<=18, 4-(2/81)*(18-A10)^2, IF(A10<=25, 6-(2/49)*(25-A10)^2, IF(A10<=32, 8-(2/49)*(32-A10)^2, IF(A10<=40, 10-(1/32)*(40-A10)^2, "超出范围"))))) | E10: =D10*2 | F10: 2 | G10: =IFERROR(IF(X10="Boss", E10, AVERAGE(D10:E10)) / 100 * 0.5 * LOOKUP(A10, {1, 10, 19, 26, 33}, {2.2, 1.6, 1.2, 1, 0.8}), "") | H10: =AVERAGE(B10:C10)*0.1*20*F10 | I10: =F10*2*0.15*130 | J10: =SUM(H10:I10) | K10: =SUM($J$2:J10) | L10: =L9 | M10: =G10/30*50 | N10: =IFERROR(CHOOSE(ROUNDUP(T10/2, 0), IF(X10="Boss", E10, AVERAGE(D10:E10))/130, IF(X10="Boss", E10, AVERAGE(D10:E10))/180, IF(X10="Boss", E10, AVERAGE(D10:E10))/240, IF(X10="Boss", E10, AVERAGE(D10:E10))/300, IF(X10="Boss", E10, AVERAGE(D10:E10))/370), "") | O10: =J10-M10 | P10: =SUM($O$2:O10) | Q10: =F10*2*0.15 | R10: =INT(SUM($Q$2:Q10)) | S10: =IF(AND(T10 > T9, T9 >= 2), S9 + VLOOKUP(INT(T9/2), '武器经济计算'!$A:$B, 2, FALSE), S9) | T10: =IF(R10 > R9, IF(T9 < 2, 2, IF((P10 - S9) >= VLOOKUP(INT(T9/2), '武器经济计算'!$A:$B, 2, FALSE), T9 + 1, T9 ) ), T9) | U10: =P10-S10 | V10: =0.1*F10*50*A10 | W10: =0.1*F10*50*A10 | X10: BOSS
A11: 10 | B11: 10 | C11: =B11*2 | D11: =B11*100*IF(A11<=9, 2-(1/64)*(9-A11)^2, IF(A11<=18, 4-(2/81)*(18-A11)^2, IF(A11<=25, 6-(2/49)*(25-A11)^2, IF(A11<=32, 8-(2/49)*(32-A11)^2, IF(A11<=40, 10-(1/32)*(40-A11)^2, "超出范围"))))) | E11: =D11*2 | F11: 2 | G11: =IFERROR(IF(X11="Boss", E11, AVERAGE(D11:E11)) / 100 * 0.5 * LOOKUP(A11, {1, 10, 19, 26, 33}, {2.2, 1.6, 1.2, 1, 0.8}), "") | H11: =AVERAGE(B11:C11)*0.1*20*F11 | I11: =F11*2*0.15*130 | J11: =SUM(H11:I11) | K11: =SUM($J$2:J11) | L11: =ROUNDUP(SUM(G11:G19)/9/30) | M11: =G11/30*50 | N11: =IFERROR(CHOOSE(ROUNDUP(T11/2, 0), IF(X11="Boss", E11, AVERAGE(D11:E11))/130, IF(X11="Boss", E11, AVERAGE(D11:E11))/180, IF(X11="Boss", E11, AVERAGE(D11:E11))/240, IF(X11="Boss", E11, AVERAGE(D11:E11))/300, IF(X11="Boss", E11, AVERAGE(D11:E11))/370), "") | O11: =J11-M11 | P11: =SUM($O$2:O11) | Q11: =F11*2*0.15 | R11: =INT(SUM($Q$2:Q11)) | S11: =IF(AND(T11 > T10, T10 >= 2), S10 + VLOOKUP(INT(T10/2), '武器经济计算'!$A:$B, 2, FALSE), S10) | T11: =IF(R11 > R10, IF(T10 < 2, 2, IF((P11 - S10) >= VLOOKUP(INT(T10/2), '武器经济计算'!$A:$B, 2, FALSE), T10 + 1, T10 ) ), T10) | U11: =P11-S11 | V11: =0.1*F11*50*A11 | W11: =0.1*F11*50*A11
A12: 11 | B12: 10 | C12: =B12*2 | D12: =B12*100*IF(A12<=9, 2-(1/64)*(9-A12)^2, IF(A12<=18, 4-(2/81)*(18-A12)^2, IF(A12<=25, 6-(2/49)*(25-A12)^2, IF(A12<=32, 8-(2/49)*(32-A12)^2, IF(A12<=40, 10-(1/32)*(40-A12)^2, "超出范围"))))) | E12: =D12*2 | F12: 2 | G12: =IFERROR(IF(X12="Boss", E12, AVERAGE(D12:E12)) / 100 * 0.5 * LOOKUP(A12, {1, 10, 19, 26, 33}, {2.2, 1.6, 1.2, 1, 0.8}), "") | H12: =AVERAGE(B12:C12)*0.1*20*F12 | I12: =F12*2*0.15*130 | J12: =SUM(H12:I12) | K12: =SUM($J$2:J12) | L12: =L11 | M12: =G12/30*50 | N12: =IFERROR(CHOOSE(ROUNDUP(T12/2, 0), IF(X12="Boss", E12, AVERAGE(D12:E12))/130, IF(X12="Boss", E12, AVERAGE(D12:E12))/180, IF(X12="Boss", E12, AVERAGE(D12:E12))/240, IF(X12="Boss", E12, AVERAGE(D12:E12))/300, IF(X12="Boss", E12, AVERAGE(D12:E12))/370), "") | O12: =J12-M12 | P12: =SUM($O$2:O12) | Q12: =F12*2*0.15 | R12: =INT(SUM($Q$2:Q12)) | S12: =IF(AND(T12 > T11, T11 >= 2), S11 + VLOOKUP(INT(T11/2), '武器经济计算'!$A:$B, 2, FALSE), S11) | T12: =IF(R12 > R11, IF(T11 < 2, 2, IF((P12 - S11) >= VLOOKUP(INT(T11/2), '武器经济计算'!$A:$B, 2, FALSE), T11 + 1, T11 ) ), T11) | U12: =P12-S12 | V12: =0.1*F12*50*A12 | W12: =0.1*F12*50*A12
A13: 12 | B13: 10 | C13: =B13*2 | D13: =B13*100*IF(A13<=9, 2-(1/64)*(9-A13)^2, IF(A13<=18, 4-(2/81)*(18-A13)^2, IF(A13<=25, 6-(2/49)*(25-A13)^2, IF(A13<=32, 8-(2/49)*(32-A13)^2, IF(A13<=40, 10-(1/32)*(40-A13)^2, "超出范围"))))) | E13: =D13*2 | F13: 2 | G13: =IFERROR(IF(X13="Boss", E13, AVERAGE(D13:E13)) / 100 * 0.5 * LOOKUP(A13, {1, 10, 19, 26, 33}, {2.2, 1.6, 1.2, 1, 0.8}), "") | H13: =AVERAGE(B13:C13)*0.1*20*F13 | I13: =F13*2*0.15*130 | J13: =SUM(H13:I13) | K13: =SUM($J$2:J13) | L13: =L12 | M13: =G13/30*50 | N13: =IFERROR(CHOOSE(ROUNDUP(T13/2, 0), IF(X13="Boss", E13, AVERAGE(D13:E13))/130, IF(X13="Boss", E13, AVERAGE(D13:E13))/180, IF(X13="Boss", E13, AVERAGE(D13:E13))/240, IF(X13="Boss", E13, AVERAGE(D13:E13))/300, IF(X13="Boss", E13, AVERAGE(D13:E13))/370), "") | O13: =J13-M13 | P13: =SUM($O$2:O13) | Q13: =F13*2*0.15 | R13: =INT(SUM($Q$2:Q13)) | S13: =IF(AND(T13 > T12, T12 >= 2), S12 + VLOOKUP(INT(T12/2), '武器经济计算'!$A:$B, 2, FALSE), S12) | T13: =IF(R13 > R12, IF(T12 < 2, 2, IF((P13 - S12) >= VLOOKUP(INT(T12/2), '武器经济计算'!$A:$B, 2, FALSE), T12 + 1, T12 ) ), T12) | U13: =P13-S13 | V13: =0.1*F13*50*A13 | W13: =0.1*F13*50*A13
A14: 13 | B14: 10 | C14: =B14*2 | D14: =B14*100*IF(A14<=9, 2-(1/64)*(9-A14)^2, IF(A14<=18, 4-(2/81)*(18-A14)^2, IF(A14<=25, 6-(2/49)*(25-A14)^2, IF(A14<=32, 8-(2/49)*(32-A14)^2, IF(A14<=40, 10-(1/32)*(40-A14)^2, "超出范围"))))) | E14: =D14*2 | F14: 2 | G14: =IFERROR(IF(X14="Boss", E14, AVERAGE(D14:E14)) / 100 * 0.5 * LOOKUP(A14, {1, 10, 19, 26, 33}, {2.2, 1.6, 1.2, 1, 0.8}), "") | H14: =AVERAGE(B14:C14)*0.1*20*F14 | I14: =F14*2*0.15*130 | J14: =SUM(H14:I14) | K14: =SUM($J$2:J14) | L14: =L13 | M14: =G14/30*50 | N14: =IFERROR(CHOOSE(ROUNDUP(T14/2, 0), IF(X14="Boss", E14, AVERAGE(D14:E14))/130, IF(X14="Boss", E14, AVERAGE(D14:E14))/180, IF(X14="Boss", E14, AVERAGE(D14:E14))/240, IF(X14="Boss", E14, AVERAGE(D14:E14))/300, IF(X14="Boss", E14, AVERAGE(D14:E14))/370), "") | O14: =J14-M14 | P14: =SUM($O$2:O14) | Q14: =F14*2*0.15 | R14: =INT(SUM($Q$2:Q14)) | S14: =IF(AND(T14 > T13, T13 >= 2), S13 + VLOOKUP(INT(T13/2), '武器经济计算'!$A:$B, 2, FALSE), S13) | T14: =IF(R14 > R13, IF(T13 < 2, 2, IF((P14 - S13) >= VLOOKUP(INT(T13/2), '武器经济计算'!$A:$B, 2, FALSE), T13 + 1, T13 ) ), T13) | U14: =P14-S14 | V14: =0.1*F14*50*A14 | W14: =0.1*F14*50*A14
A15: 14 | B15: 10 | C15: =B15*2 | D15: =B15*100*IF(A15<=9, 2-(1/64)*(9-A15)^2, IF(A15<=18, 4-(2/81)*(18-A15)^2, IF(A15<=25, 6-(2/49)*(25-A15)^2, IF(A15<=32, 8-(2/49)*(32-A15)^2, IF(A15<=40, 10-(1/32)*(40-A15)^2, "超出范围"))))) | E15: =D15*2 | F15: 2 | G15: =IFERROR(IF(X15="Boss", E15, AVERAGE(D15:E15)) / 100 * 0.5 * LOOKUP(A15, {1, 10, 19, 26, 33}, {2.2, 1.6, 1.2, 1, 0.8}), "") | H15: =AVERAGE(B15:C15)*0.1*20*F15 | I15: =F15*2*0.15*130 | J15: =SUM(H15:I15) | K15: =SUM($J$2:J15) | L15: =L14 | M15: =G15/30*50 | N15: =IFERROR(CHOOSE(ROUNDUP(T15/2, 0), IF(X15="Boss", E15, AVERAGE(D15:E15))/130, IF(X15="Boss", E15, AVERAGE(D15:E15))/180, IF(X15="Boss", E15, AVERAGE(D15:E15))/240, IF(X15="Boss", E15, AVERAGE(D15:E15))/300, IF(X15="Boss", E15, AVERAGE(D15:E15))/370), "") | O15: =J15-M15 | P15: =SUM($O$2:O15) | Q15: =F15*2*0.15 | R15: =INT(SUM($Q$2:Q15)) | S15: =IF(AND(T15 > T14, T14 >= 2), S14 + VLOOKUP(INT(T14/2), '武器经济计算'!$A:$B, 2, FALSE), S14) | T15: =IF(R15 > R14, IF(T14 < 2, 2, IF((P15 - S14) >= VLOOKUP(INT(T14/2), '武器经济计算'!$A:$B, 2, FALSE), T14 + 1, T14 ) ), T14) | U15: =P15-S15 | V15: =0.1*F15*50*A15 | W15: =0.1*F15*50*A15
A16: 15 | B16: 10 | C16: =B16*2 | D16: =B16*100*IF(A16<=9, 2-(1/64)*(9-A16)^2, IF(A16<=18, 4-(2/81)*(18-A16)^2, IF(A16<=25, 6-(2/49)*(25-A16)^2, IF(A16<=32, 8-(2/49)*(32-A16)^2, IF(A16<=40, 10-(1/32)*(40-A16)^2, "超出范围"))))) | E16: =D16*2 | F16: 2 | G16: =IFERROR(IF(X16="Boss", E16, AVERAGE(D16:E16)) / 100 * 0.5 * LOOKUP(A16, {1, 10, 19, 26, 33}, {2.2, 1.6, 1.2, 1, 0.8}), "") | H16: =AVERAGE(B16:C16)*0.1*20*F16 | I16: =F16*2*0.15*130 | J16: =SUM(H16:I16) | K16: =SUM($J$2:J16) | L16: =L15 | M16: =G16/30*50 | N16: =IFERROR(CHOOSE(ROUNDUP(T16/2, 0), IF(X16="Boss", E16, AVERAGE(D16:E16))/130, IF(X16="Boss", E16, AVERAGE(D16:E16))/180, IF(X16="Boss", E16, AVERAGE(D16:E16))/240, IF(X16="Boss", E16, AVERAGE(D16:E16))/300, IF(X16="Boss", E16, AVERAGE(D16:E16))/370), "") | O16: =J16-M16 | P16: =SUM($O$2:O16) | Q16: =F16*2*0.15 | R16: =INT(SUM($Q$2:Q16)) | S16: =IF(AND(T16 > T15, T15 >= 2), S15 + VLOOKUP(INT(T15/2), '武器经济计算'!$A:$B, 2, FALSE), S15) | T16: =IF(R16 > R15, IF(T15 < 2, 2, IF((P16 - S15) >= VLOOKUP(INT(T15/2), '武器经济计算'!$A:$B, 2, FALSE), T15 + 1, T15 ) ), T15) | U16: =P16-S16 | V16: =0.1*F16*50*A16 | W16: =0.1*F16*50*A16
A17: 16 | B17: 10 | C17: =B17*2 | D17: =B17*100*IF(A17<=9, 2-(1/64)*(9-A17)^2, IF(A17<=18, 4-(2/81)*(18-A17)^2, IF(A17<=25, 6-(2/49)*(25-A17)^2, IF(A17<=32, 8-(2/49)*(32-A17)^2, IF(A17<=40, 10-(1/32)*(40-A17)^2, "超出范围"))))) | E17: =D17*2 | F17: 2 | G17: =IFERROR(IF(X17="Boss", E17, AVERAGE(D17:E17)) / 100 * 0.5 * LOOKUP(A17, {1, 10, 19, 26, 33}, {2.2, 1.6, 1.2, 1, 0.8}), "") | H17: =AVERAGE(B17:C17)*0.1*20*F17 | I17: =F17*2*0.15*130 | J17: =SUM(H17:I17) | K17: =SUM($J$2:J17) | L17: =L16 | M17: =G17/30*50 | N17: =IFERROR(CHOOSE(ROUNDUP(T17/2, 0), IF(X17="Boss", E17, AVERAGE(D17:E17))/130, IF(X17="Boss", E17, AVERAGE(D17:E17))/180, IF(X17="Boss", E17, AVERAGE(D17:E17))/240, IF(X17="Boss", E17, AVERAGE(D17:E17))/300, IF(X17="Boss", E17, AVERAGE(D17:E17))/370), "") | O17: =J17-M17 | P17: =SUM($O$2:O17) | Q17: =F17*2*0.15 | R17: =INT(SUM($Q$2:Q17)) | S17: =IF(AND(T17 > T16, T16 >= 2), S16 + VLOOKUP(INT(T16/2), '武器经济计算'!$A:$B, 2, FALSE), S16) | T17: =IF(R17 > R16, IF(T16 < 2, 2, IF((P17 - S16) >= VLOOKUP(INT(T16/2), '武器经济计算'!$A:$B, 2, FALSE), T16 + 1, T16 ) ), T16) | U17: =P17-S17 | V17: =0.1*F17*50*A17 | W17: =0.1*F17*50*A17
A18: 17 | B18: 10 | C18: =B18*2 | D18: =B18*100*IF(A18<=9, 2-(1/64)*(9-A18)^2, IF(A18<=18, 4-(2/81)*(18-A18)^2, IF(A18<=25, 6-(2/49)*(25-A18)^2, IF(A18<=32, 8-(2/49)*(32-A18)^2, IF(A18<=40, 10-(1/32)*(40-A18)^2, "超出范围"))))) | E18: =D18*2 | F18: 2 | G18: =IFERROR(IF(X18="Boss", E18, AVERAGE(D18:E18)) / 100 * 0.5 * LOOKUP(A18, {1, 10, 19, 26, 33}, {2.2, 1.6, 1.2, 1, 0.8}), "") | H18: =AVERAGE(B18:C18)*0.1*20*F18 | I18: =F18*2*0.15*130 | J18: =SUM(H18:I18) | K18: =SUM($J$2:J18) | L18: =L17 | M18: =G18/30*50 | N18: =IFERROR(CHOOSE(ROUNDUP(T18/2, 0), IF(X18="Boss", E18, AVERAGE(D18:E18))/130, IF(X18="Boss", E18, AVERAGE(D18:E18))/180, IF(X18="Boss", E18, AVERAGE(D18:E18))/240, IF(X18="Boss", E18, AVERAGE(D18:E18))/300, IF(X18="Boss", E18, AVERAGE(D18:E18))/370), "") | O18: =J18-M18 | P18: =SUM($O$2:O18) | Q18: =F18*2*0.15 | R18: =INT(SUM($Q$2:Q18)) | S18: =IF(AND(T18 > T17, T17 >= 2), S17 + VLOOKUP(INT(T17/2), '武器经济计算'!$A:$B, 2, FALSE), S17) | T18: =IF(R18 > R17, IF(T17 < 2, 2, IF((P18 - S17) >= VLOOKUP(INT(T17/2), '武器经济计算'!$A:$B, 2, FALSE), T17 + 1, T17 ) ), T17) | U18: =P18-S18 | V18: =0.1*F18*50*A18 | W18: =0.1*F18*50*A18
A19: 18 | B19: 10 | C19: =B19*2 | D19: =B19*100*IF(A19<=9, 2-(1/64)*(9-A19)^2, IF(A19<=18, 4-(2/81)*(18-A19)^2, IF(A19<=25, 6-(2/49)*(25-A19)^2, IF(A19<=32, 8-(2/49)*(32-A19)^2, IF(A19<=40, 10-(1/32)*(40-A19)^2, "超出范围"))))) | E19: =D19*2 | F19: 2 | G19: =IFERROR(IF(X19="Boss", E19, AVERAGE(D19:E19)) / 100 * 0.5 * LOOKUP(A19, {1, 10, 19, 26, 33}, {2.2, 1.6, 1.2, 1, 0.8}), "") | H19: =AVERAGE(B19:C19)*0.1*20*F19 | I19: =F19*2*0.15*130 | J19: =SUM(H19:I19) | K19: =SUM($J$2:J19) | L19: =L18 | M19: =G19/30*50 | N19: =IFERROR(CHOOSE(ROUNDUP(T19/2, 0), IF(X19="Boss", E19, AVERAGE(D19:E19))/130, IF(X19="Boss", E19, AVERAGE(D19:E19))/180, IF(X19="Boss", E19, AVERAGE(D19:E19))/240, IF(X19="Boss", E19, AVERAGE(D19:E19))/300, IF(X19="Boss", E19, AVERAGE(D19:E19))/370), "") | O19: =J19-M19 | P19: =SUM($O$2:O19) | Q19: =F19*2*0.15 | R19: =INT(SUM($Q$2:Q19)) | S19: =IF(AND(T19 > T18, T18 >= 2), S18 + VLOOKUP(INT(T18/2), '武器经济计算'!$A:$B, 2, FALSE), S18) | T19: =IF(R19 > R18, IF(T18 < 2, 2, IF((P19 - S18) >= VLOOKUP(INT(T18/2), '武器经济计算'!$A:$B, 2, FALSE), T18 + 1, T18 ) ), T18) | U19: =P19-S19 | V19: =0.1*F19*50*A19 | W19: =0.1*F19*50*A19 | X19: BOSS
A20: 19 | B20: 10 | C20: =B20*2 | D20: =B20*100*IF(A20<=9, 2-(1/64)*(9-A20)^2, IF(A20<=18, 4-(2/81)*(18-A20)^2, IF(A20<=25, 6-(2/49)*(25-A20)^2, IF(A20<=32, 8-(2/49)*(32-A20)^2, IF(A20<=40, 10-(1/32)*(40-A20)^2, "超出范围"))))) | E20: =D20*2 | F20: 2 | G20: =IFERROR(IF(X20="Boss", E20, AVERAGE(D20:E20)) / 100 * 0.5 * LOOKUP(A20, {1, 10, 19, 26, 33}, {2.2, 1.6, 1.2, 1, 0.8}), "") | H20: =AVERAGE(B20:C20)*0.1*20*F20 | I20: =F20*2*0.15*130 | J20: =SUM(H20:I20) | K20: =SUM($J$2:J20) | L20: =ROUNDUP(SUM(G20:G26)/7/30) | M20: =G20/30*50 | N20: =IFERROR(CHOOSE(ROUNDUP(T20/2, 0), IF(X20="Boss", E20, AVERAGE(D20:E20))/130, IF(X20="Boss", E20, AVERAGE(D20:E20))/180, IF(X20="Boss", E20, AVERAGE(D20:E20))/240, IF(X20="Boss", E20, AVERAGE(D20:E20))/300, IF(X20="Boss", E20, AVERAGE(D20:E20))/370), "") | O20: =J20-M20 | P20: =SUM($O$2:O20) | Q20: =F20*2*0.15 | R20: =INT(SUM($Q$2:Q20)) | S20: =IF(AND(T20 > T19, T19 >= 2), S19 + VLOOKUP(INT(T19/2), '武器经济计算'!$A:$B, 2, FALSE), S19) | T20: =IF(R20 > R19, IF(T19 < 2, 2, IF((P20 - S19) >= VLOOKUP(INT(T19/2), '武器经济计算'!$A:$B, 2, FALSE), T19 + 1, T19 ) ), T19) | U20: =P20-S20 | V20: =0.1*F20*50*A20 | W20: =0.1*F20*50*A20
A21: 20 | B21: 10 | C21: =B21*2 | D21: =B21*100*IF(A21<=9, 2-(1/64)*(9-A21)^2, IF(A21<=18, 4-(2/81)*(18-A21)^2, IF(A21<=25, 6-(2/49)*(25-A21)^2, IF(A21<=32, 8-(2/49)*(32-A21)^2, IF(A21<=40, 10-(1/32)*(40-A21)^2, "超出范围"))))) | E21: =D21*2 | F21: 2 | G21: =IFERROR(IF(X21="Boss", E21, AVERAGE(D21:E21)) / 100 * 0.5 * LOOKUP(A21, {1, 10, 19, 26, 33}, {2.2, 1.6, 1.2, 1, 0.8}), "") | H21: =AVERAGE(B21:C21)*0.1*20*F21 | I21: =F21*2*0.15*130 | J21: =SUM(H21:I21) | K21: =SUM($J$2:J21) | L21: =L20 | M21: =G21/30*50 | N21: =IFERROR(CHOOSE(ROUNDUP(T21/2, 0), IF(X21="Boss", E21, AVERAGE(D21:E21))/130, IF(X21="Boss", E21, AVERAGE(D21:E21))/180, IF(X21="Boss", E21, AVERAGE(D21:E21))/240, IF(X21="Boss", E21, AVERAGE(D21:E21))/300, IF(X21="Boss", E21, AVERAGE(D21:E21))/370), "") | O21: =J21-M21 | P21: =SUM($O$2:O21) | Q21: =F21*2*0.15 | R21: =INT(SUM($Q$2:Q21)) | S21: =IF(AND(T21 > T20, T20 >= 2), S20 + VLOOKUP(INT(T20/2), '武器经济计算'!$A:$B, 2, FALSE), S20) | T21: =IF(R21 > R20, IF(T20 < 2, 2, IF((P21 - S20) >= VLOOKUP(INT(T20/2), '武器经济计算'!$A:$B, 2, FALSE), T20 + 1, T20 ) ), T20) | U21: =P21-S21 | V21: =0.1*F21*50*A21 | W21: =0.1*F21*50*A21
A22: 21 | B22: 10 | C22: =B22*2 | D22: =B22*100*IF(A22<=9, 2-(1/64)*(9-A22)^2, IF(A22<=18, 4-(2/81)*(18-A22)^2, IF(A22<=25, 6-(2/49)*(25-A22)^2, IF(A22<=32, 8-(2/49)*(32-A22)^2, IF(A22<=40, 10-(1/32)*(40-A22)^2, "超出范围"))))) | E22: =D22*2 | F22: 2 | G22: =IFERROR(IF(X22="Boss", E22, AVERAGE(D22:E22)) / 100 * 0.5 * LOOKUP(A22, {1, 10, 19, 26, 33}, {2.2, 1.6, 1.2, 1, 0.8}), "") | H22: =AVERAGE(B22:C22)*0.1*20*F22 | I22: =F22*2*0.15*130 | J22: =SUM(H22:I22) | K22: =SUM($J$2:J22) | L22: =L21 | M22: =G22/30*50 | N22: =IFERROR(CHOOSE(ROUNDUP(T22/2, 0), IF(X22="Boss", E22, AVERAGE(D22:E22))/130, IF(X22="Boss", E22, AVERAGE(D22:E22))/180, IF(X22="Boss", E22, AVERAGE(D22:E22))/240, IF(X22="Boss", E22, AVERAGE(D22:E22))/300, IF(X22="Boss", E22, AVERAGE(D22:E22))/370), "") | O22: =J22-M22 | P22: =SUM($O$2:O22) | Q22: =F22*2*0.15 | R22: =INT(SUM($Q$2:Q22)) | S22: =IF(AND(T22 > T21, T21 >= 2), S21 + VLOOKUP(INT(T21/2), '武器经济计算'!$A:$B, 2, FALSE), S21) | T22: =IF(R22 > R21, IF(T21 < 2, 2, IF((P22 - S21) >= VLOOKUP(INT(T21/2), '武器经济计算'!$A:$B, 2, FALSE), T21 + 1, T21 ) ), T21) | U22: =P22-S22 | V22: =0.1*F22*50*A22 | W22: =0.1*F22*50*A22
A23: 22 | B23: 10 | C23: =B23*2 | D23: =B23*100*IF(A23<=9, 2-(1/64)*(9-A23)^2, IF(A23<=18, 4-(2/81)*(18-A23)^2, IF(A23<=25, 6-(2/49)*(25-A23)^2, IF(A23<=32, 8-(2/49)*(32-A23)^2, IF(A23<=40, 10-(1/32)*(40-A23)^2, "超出范围"))))) | E23: =D23*2 | F23: 2 | G23: =IFERROR(IF(X23="Boss", E23, AVERAGE(D23:E23)) / 100 * 0.5 * LOOKUP(A23, {1, 10, 19, 26, 33}, {2.2, 1.6, 1.2, 1, 0.8}), "") | H23: =AVERAGE(B23:C23)*0.1*20*F23 | I23: =F23*2*0.15*130 | J23: =SUM(H23:I23) | K23: =SUM($J$2:J23) | L23: =L22 | M23: =G23/30*50 | N23: =IFERROR(CHOOSE(ROUNDUP(T23/2, 0), IF(X23="Boss", E23, AVERAGE(D23:E23))/130, IF(X23="Boss", E23, AVERAGE(D23:E23))/180, IF(X23="Boss", E23, AVERAGE(D23:E23))/240, IF(X23="Boss", E23, AVERAGE(D23:E23))/300, IF(X23="Boss", E23, AVERAGE(D23:E23))/370), "") | O23: =J23-M23 | P23: =SUM($O$2:O23) | Q23: =F23*2*0.15 | R23: =INT(SUM($Q$2:Q23)) | S23: =IF(AND(T23 > T22, T22 >= 2), S22 + VLOOKUP(INT(T22/2), '武器经济计算'!$A:$B, 2, FALSE), S22) | T23: =IF(R23 > R22, IF(T22 < 2, 2, IF((P23 - S22) >= VLOOKUP(INT(T22/2), '武器经济计算'!$A:$B, 2, FALSE), T22 + 1, T22 ) ), T22) | U23: =P23-S23 | V23: =0.1*F23*50*A23 | W23: =0.1*F23*50*A23
A24: 23 | B24: 10 | C24: =B24*2 | D24: =B24*100*IF(A24<=9, 2-(1/64)*(9-A24)^2, IF(A24<=18, 4-(2/81)*(18-A24)^2, IF(A24<=25, 6-(2/49)*(25-A24)^2, IF(A24<=32, 8-(2/49)*(32-A24)^2, IF(A24<=40, 10-(1/32)*(40-A24)^2, "超出范围"))))) | E24: =D24*2 | F24: 2 | G24: =IFERROR(IF(X24="Boss", E24, AVERAGE(D24:E24)) / 100 * 0.5 * LOOKUP(A24, {1, 10, 19, 26, 33}, {2.2, 1.6, 1.2, 1, 0.8}), "") | H24: =AVERAGE(B24:C24)*0.1*20*F24 | I24: =F24*2*0.15*130 | J24: =SUM(H24:I24) | K24: =SUM($J$2:J24) | L24: =L23 | M24: =G24/30*50 | N24: =IFERROR(CHOOSE(ROUNDUP(T24/2, 0), IF(X24="Boss", E24, AVERAGE(D24:E24))/130, IF(X24="Boss", E24, AVERAGE(D24:E24))/180, IF(X24="Boss", E24, AVERAGE(D24:E24))/240, IF(X24="Boss", E24, AVERAGE(D24:E24))/300, IF(X24="Boss", E24, AVERAGE(D24:E24))/370), "") | O24: =J24-M24 | P24: =SUM($O$2:O24) | Q24: =F24*2*0.15 | R24: =INT(SUM($Q$2:Q24)) | S24: =IF(AND(T24 > T23, T23 >= 2), S23 + VLOOKUP(INT(T23/2), '武器经济计算'!$A:$B, 2, FALSE), S23) | T24: =IF(R24 > R23, IF(T23 < 2, 2, IF((P24 - S23) >= VLOOKUP(INT(T23/2), '武器经济计算'!$A:$B, 2, FALSE), T23 + 1, T23 ) ), T23) | U24: =P24-S24 | V24: =0.1*F24*50*A24 | W24: =0.1*F24*50*A24
A25: 24 | B25: 10 | C25: =B25*2 | D25: =B25*100*IF(A25<=9, 2-(1/64)*(9-A25)^2, IF(A25<=18, 4-(2/81)*(18-A25)^2, IF(A25<=25, 6-(2/49)*(25-A25)^2, IF(A25<=32, 8-(2/49)*(32-A25)^2, IF(A25<=40, 10-(1/32)*(40-A25)^2, "超出范围"))))) | E25: =D25*2 | F25: 2 | G25: =IFERROR(IF(X25="Boss", E25, AVERAGE(D25:E25)) / 100 * 0.5 * LOOKUP(A25, {1, 10, 19, 26, 33}, {2.2, 1.6, 1.2, 1, 0.8}), "") | H25: =AVERAGE(B25:C25)*0.1*20*F25 | I25: =F25*2*0.15*130 | J25: =SUM(H25:I25) | K25: =SUM($J$2:J25) | L25: =L24 | M25: =G25/30*50 | N25: =IFERROR(CHOOSE(ROUNDUP(T25/2, 0), IF(X25="Boss", E25, AVERAGE(D25:E25))/130, IF(X25="Boss", E25, AVERAGE(D25:E25))/180, IF(X25="Boss", E25, AVERAGE(D25:E25))/240, IF(X25="Boss", E25, AVERAGE(D25:E25))/300, IF(X25="Boss", E25, AVERAGE(D25:E25))/370), "") | O25: =J25-M25 | P25: =SUM($O$2:O25) | Q25: =F25*2*0.15 | R25: =INT(SUM($Q$2:Q25)) | S25: =IF(AND(T25 > T24, T24 >= 2), S24 + VLOOKUP(INT(T24/2), '武器经济计算'!$A:$B, 2, FALSE), S24) | T25: =IF(R25 > R24, IF(T24 < 2, 2, IF((P25 - S24) >= VLOOKUP(INT(T24/2), '武器经济计算'!$A:$B, 2, FALSE), T24 + 1, T24 ) ), T24) | U25: =P25-S25 | V25: =0.1*F25*50*A25 | W25: =0.1*F25*50*A25
A26: 25 | B26: 10 | C26: =B26*2 | D26: =B26*100*IF(A26<=9, 2-(1/64)*(9-A26)^2, IF(A26<=18, 4-(2/81)*(18-A26)^2, IF(A26<=25, 6-(2/49)*(25-A26)^2, IF(A26<=32, 8-(2/49)*(32-A26)^2, IF(A26<=40, 10-(1/32)*(40-A26)^2, "超出范围"))))) | E26: =D26*2 | F26: 2 | G26: =IFERROR(IF(X26="Boss", E26, AVERAGE(D26:E26)) / 100 * 0.5 * LOOKUP(A26, {1, 10, 19, 26, 33}, {2.2, 1.6, 1.2, 1, 0.8}), "") | H26: =AVERAGE(B26:C26)*0.1*20*F26 | I26: =F26*2*0.15*130 | J26: =SUM(H26:I26) | K26: =SUM($J$2:J26) | L26: =L25 | M26: =G26/30*50 | N26: =IFERROR(CHOOSE(ROUNDUP(T26/2, 0), IF(X26="Boss", E26, AVERAGE(D26:E26))/130, IF(X26="Boss", E26, AVERAGE(D26:E26))/180, IF(X26="Boss", E26, AVERAGE(D26:E26))/240, IF(X26="Boss", E26, AVERAGE(D26:E26))/300, IF(X26="Boss", E26, AVERAGE(D26:E26))/370), "") | O26: =J26-M26 | P26: =SUM($O$2:O26) | Q26: =F26*2*0.15 | R26: =INT(SUM($Q$2:Q26)) | S26: =IF(AND(T26 > T25, T25 >= 2), S25 + VLOOKUP(INT(T25/2), '武器经济计算'!$A:$B, 2, FALSE), S25) | T26: =IF(R26 > R25, IF(T25 < 2, 2, IF((P26 - S25) >= VLOOKUP(INT(T25/2), '武器经济计算'!$A:$B, 2, FALSE), T25 + 1, T25 ) ), T25) | U26: =P26-S26 | V26: =0.1*F26*50*A26 | W26: =0.1*F26*50*A26 | X26: BOSS
A27: 26 | B27: 10 | C27: =B27*2 | D27: =B27*100*IF(A27<=9, 2-(1/64)*(9-A27)^2, IF(A27<=18, 4-(2/81)*(18-A27)^2, IF(A27<=25, 6-(2/49)*(25-A27)^2, IF(A27<=32, 8-(2/49)*(32-A27)^2, IF(A27<=40, 10-(1/32)*(40-A27)^2, "超出范围"))))) | E27: =D27*2 | F27: 2 | G27: =IFERROR(IF(X27="Boss", E27, AVERAGE(D27:E27)) / 100 * 0.5 * LOOKUP(A27, {1, 10, 19, 26, 33}, {2.2, 1.6, 1.2, 1, 0.8}), "") | H27: =AVERAGE(B27:C27)*0.1*20*F27 | I27: =F27*2*0.15*130 | J27: =SUM(H27:I27) | K27: =SUM($J$2:J27) | L27: =ROUNDUP(SUM(G27:G33)/7/30) | M27: =G27/30*50 | N27: =IFERROR(CHOOSE(ROUNDUP(T27/2, 0), IF(X27="Boss", E27, AVERAGE(D27:E27))/130, IF(X27="Boss", E27, AVERAGE(D27:E27))/180, IF(X27="Boss", E27, AVERAGE(D27:E27))/240, IF(X27="Boss", E27, AVERAGE(D27:E27))/300, IF(X27="Boss", E27, AVERAGE(D27:E27))/370), "") | O27: =J27-M27 | P27: =SUM($O$2:O27) | Q27: =F27*2*0.15 | R27: =INT(SUM($Q$2:Q27)) | S27: =IF(AND(T27 > T26, T26 >= 2), S26 + VLOOKUP(INT(T26/2), '武器经济计算'!$A:$B, 2, FALSE), S26) | T27: =IF(R27 > R26, IF(T26 < 2, 2, IF((P27 - S26) >= VLOOKUP(INT(T26/2), '武器经济计算'!$A:$B, 2, FALSE), T26 + 1, T26 ) ), T26) | U27: =P27-S27 | V27: =0.1*F27*50*A27 | W27: =0.1*F27*50*A27
A28: 27 | B28: 10 | C28: =B28*2 | D28: =B28*100*IF(A28<=9, 2-(1/64)*(9-A28)^2, IF(A28<=18, 4-(2/81)*(18-A28)^2, IF(A28<=25, 6-(2/49)*(25-A28)^2, IF(A28<=32, 8-(2/49)*(32-A28)^2, IF(A28<=40, 10-(1/32)*(40-A28)^2, "超出范围"))))) | E28: =D28*2 | F28: 2 | G28: =IFERROR(IF(X28="Boss", E28, AVERAGE(D28:E28)) / 100 * 0.5 * LOOKUP(A28, {1, 10, 19, 26, 33}, {2.2, 1.6, 1.2, 1, 0.8}), "") | H28: =AVERAGE(B28:C28)*0.1*20*F28 | I28: =F28*2*0.15*130 | J28: =SUM(H28:I28) | K28: =SUM($J$2:J28) | L28: =L27 | M28: =G28/30*50 | N28: =IFERROR(CHOOSE(ROUNDUP(T28/2, 0), IF(X28="Boss", E28, AVERAGE(D28:E28))/130, IF(X28="Boss", E28, AVERAGE(D28:E28))/180, IF(X28="Boss", E28, AVERAGE(D28:E28))/240, IF(X28="Boss", E28, AVERAGE(D28:E28))/300, IF(X28="Boss", E28, AVERAGE(D28:E28))/370), "") | O28: =J28-M28 | P28: =SUM($O$2:O28) | Q28: =F28*2*0.15 | R28: =INT(SUM($Q$2:Q28)) | S28: =IF(AND(T28 > T27, T27 >= 2), S27 + VLOOKUP(INT(T27/2), '武器经济计算'!$A:$B, 2, FALSE), S27) | T28: =IF(R28 > R27, IF(T27 < 2, 2, IF((P28 - S27) >= VLOOKUP(INT(T27/2), '武器经济计算'!$A:$B, 2, FALSE), T27 + 1, T27 ) ), T27) | U28: =P28-S28 | V28: =0.1*F28*50*A28 | W28: =0.1*F28*50*A28
A29: 28 | B29: 10 | C29: =B29*2 | D29: =B29*100*IF(A29<=9, 2-(1/64)*(9-A29)^2, IF(A29<=18, 4-(2/81)*(18-A29)^2, IF(A29<=25, 6-(2/49)*(25-A29)^2, IF(A29<=32, 8-(2/49)*(32-A29)^2, IF(A29<=40, 10-(1/32)*(40-A29)^2, "超出范围"))))) | E29: =D29*2 | F29: 2 | G29: =IFERROR(IF(X29="Boss", E29, AVERAGE(D29:E29)) / 100 * 0.5 * LOOKUP(A29, {1, 10, 19, 26, 33}, {2.2, 1.6, 1.2, 1, 0.8}), "") | H29: =AVERAGE(B29:C29)*0.1*20*F29 | I29: =F29*2*0.15*130 | J29: =SUM(H29:I29) | K29: =SUM($J$2:J29) | L29: =L28 | M29: =G29/30*50 | N29: =IFERROR(CHOOSE(ROUNDUP(T29/2, 0), IF(X29="Boss", E29, AVERAGE(D29:E29))/130, IF(X29="Boss", E29, AVERAGE(D29:E29))/180, IF(X29="Boss", E29, AVERAGE(D29:E29))/240, IF(X29="Boss", E29, AVERAGE(D29:E29))/300, IF(X29="Boss", E29, AVERAGE(D29:E29))/370), "") | O29: =J29-M29 | P29: =SUM($O$2:O29) | Q29: =F29*2*0.15 | R29: =INT(SUM($Q$2:Q29)) | S29: =IF(AND(T29 > T28, T28 >= 2), S28 + VLOOKUP(INT(T28/2), '武器经济计算'!$A:$B, 2, FALSE), S28) | T29: =IF(R29 > R28, IF(T28 < 2, 2, IF((P29 - S28) >= VLOOKUP(INT(T28/2), '武器经济计算'!$A:$B, 2, FALSE), T28 + 1, T28 ) ), T28) | U29: =P29-S29 | V29: =0.1*F29*50*A29 | W29: =0.1*F29*50*A29
A30: 29 | B30: 10 | C30: =B30*2 | D30: =B30*100*IF(A30<=9, 2-(1/64)*(9-A30)^2, IF(A30<=18, 4-(2/81)*(18-A30)^2, IF(A30<=25, 6-(2/49)*(25-A30)^2, IF(A30<=32, 8-(2/49)*(32-A30)^2, IF(A30<=40, 10-(1/32)*(40-A30)^2, "超出范围"))))) | E30: =D30*2 | F30: 2 | G30: =IFERROR(IF(X30="Boss", E30, AVERAGE(D30:E30)) / 100 * 0.5 * LOOKUP(A30, {1, 10, 19, 26, 33}, {2.2, 1.6, 1.2, 1, 0.8}), "") | H30: =AVERAGE(B30:C30)*0.1*20*F30 | I30: =F30*2*0.15*130 | J30: =SUM(H30:I30) | K30: =SUM($J$2:J30) | L30: =L29 | M30: =G30/30*50 | N30: =IFERROR(CHOOSE(ROUNDUP(T30/2, 0), IF(X30="Boss", E30, AVERAGE(D30:E30))/130, IF(X30="Boss", E30, AVERAGE(D30:E30))/180, IF(X30="Boss", E30, AVERAGE(D30:E30))/240, IF(X30="Boss", E30, AVERAGE(D30:E30))/300, IF(X30="Boss", E30, AVERAGE(D30:E30))/370), "") | O30: =J30-M30 | P30: =SUM($O$2:O30) | Q30: =F30*2*0.15 | R30: =INT(SUM($Q$2:Q30)) | S30: =IF(AND(T30 > T29, T29 >= 2), S29 + VLOOKUP(INT(T29/2), '武器经济计算'!$A:$B, 2, FALSE), S29) | T30: =IF(R30 > R29, IF(T29 < 2, 2, IF((P30 - S29) >= VLOOKUP(INT(T29/2), '武器经济计算'!$A:$B, 2, FALSE), T29 + 1, T29 ) ), T29) | U30: =P30-S30 | V30: =0.1*F30*50*A30 | W30: =0.1*F30*50*A30
A31: 30 | B31: 10 | C31: =B31*2 | D31: =B31*100*IF(A31<=9, 2-(1/64)*(9-A31)^2, IF(A31<=18, 4-(2/81)*(18-A31)^2, IF(A31<=25, 6-(2/49)*(25-A31)^2, IF(A31<=32, 8-(2/49)*(32-A31)^2, IF(A31<=40, 10-(1/32)*(40-A31)^2, "超出范围"))))) | E31: =D31*2 | F31: 2 | G31: =IFERROR(IF(X31="Boss", E31, AVERAGE(D31:E31)) / 100 * 0.5 * LOOKUP(A31, {1, 10, 19, 26, 33}, {2.2, 1.6, 1.2, 1, 0.8}), "") | H31: =AVERAGE(B31:C31)*0.1*20*F31 | I31: =F31*2*0.15*130 | J31: =SUM(H31:I31) | K31: =SUM($J$2:J31) | L31: =L30 | M31: =G31/30*50 | N31: =IFERROR(CHOOSE(ROUNDUP(T31/2, 0), IF(X31="Boss", E31, AVERAGE(D31:E31))/130, IF(X31="Boss", E31, AVERAGE(D31:E31))/180, IF(X31="Boss", E31, AVERAGE(D31:E31))/240, IF(X31="Boss", E31, AVERAGE(D31:E31))/300, IF(X31="Boss", E31, AVERAGE(D31:E31))/370), "") | O31: =J31-M31 | P31: =SUM($O$2:O31) | Q31: =F31*2*0.15 | R31: =INT(SUM($Q$2:Q31)) | S31: =IF(AND(T31 > T30, T30 >= 2), S30 + VLOOKUP(INT(T30/2), '武器经济计算'!$A:$B, 2, FALSE), S30) | T31: =IF(R31 > R30, IF(T30 < 2, 2, IF((P31 - S30) >= VLOOKUP(INT(T30/2), '武器经济计算'!$A:$B, 2, FALSE), T30 + 1, T30 ) ), T30) | U31: =P31-S31 | V31: =0.1*F31*50*A31 | W31: =0.1*F31*50*A31
A32: 31 | B32: 10 | C32: =B32*2 | D32: =B32*100*IF(A32<=9, 2-(1/64)*(9-A32)^2, IF(A32<=18, 4-(2/81)*(18-A32)^2, IF(A32<=25, 6-(2/49)*(25-A32)^2, IF(A32<=32, 8-(2/49)*(32-A32)^2, IF(A32<=40, 10-(1/32)*(40-A32)^2, "超出范围"))))) | E32: =D32*2 | F32: 2 | G32: =IFERROR(IF(X32="Boss", E32, AVERAGE(D32:E32)) / 100 * 0.5 * LOOKUP(A32, {1, 10, 19, 26, 33}, {2.2, 1.6, 1.2, 1, 0.8}), "") | H32: =AVERAGE(B32:C32)*0.1*20*F32 | I32: =F32*2*0.15*130 | J32: =SUM(H32:I32) | K32: =SUM($J$2:J32) | L32: =L31 | M32: =G32/30*50 | N32: =IFERROR(CHOOSE(ROUNDUP(T32/2, 0), IF(X32="Boss", E32, AVERAGE(D32:E32))/130, IF(X32="Boss", E32, AVERAGE(D32:E32))/180, IF(X32="Boss", E32, AVERAGE(D32:E32))/240, IF(X32="Boss", E32, AVERAGE(D32:E32))/300, IF(X32="Boss", E32, AVERAGE(D32:E32))/370), "") | O32: =J32-M32 | P32: =SUM($O$2:O32) | Q32: =F32*2*0.15 | R32: =INT(SUM($Q$2:Q32)) | S32: =IF(AND(T32 > T31, T31 >= 2), S31 + VLOOKUP(INT(T31/2), '武器经济计算'!$A:$B, 2, FALSE), S31) | T32: =IF(R32 > R31, IF(T31 < 2, 2, IF((P32 - S31) >= VLOOKUP(INT(T31/2), '武器经济计算'!$A:$B, 2, FALSE), T31 + 1, T31 ) ), T31) | U32: =P32-S32 | V32: =0.1*F32*50*A32 | W32: =0.1*F32*50*A32
A33: 32 | B33: 10 | C33: =B33*2 | D33: =B33*100*IF(A33<=9, 2-(1/64)*(9-A33)^2, IF(A33<=18, 4-(2/81)*(18-A33)^2, IF(A33<=25, 6-(2/49)*(25-A33)^2, IF(A33<=32, 8-(2/49)*(32-A33)^2, IF(A33<=40, 10-(1/32)*(40-A33)^2, "超出范围"))))) | E33: =D33*2 | F33: 2 | G33: =IFERROR(IF(X33="Boss", E33, AVERAGE(D33:E33)) / 100 * 0.5 * LOOKUP(A33, {1, 10, 19, 26, 33}, {2.2, 1.6, 1.2, 1, 0.8}), "") | H33: =AVERAGE(B33:C33)*0.1*20*F33 | I33: =F33*2*0.15*130 | J33: =SUM(H33:I33) | K33: =SUM($J$2:J33) | L33: =L32 | M33: =G33/30*50 | N33: =IFERROR(CHOOSE(ROUNDUP(T33/2, 0), IF(X33="Boss", E33, AVERAGE(D33:E33))/130, IF(X33="Boss", E33, AVERAGE(D33:E33))/180, IF(X33="Boss", E33, AVERAGE(D33:E33))/240, IF(X33="Boss", E33, AVERAGE(D33:E33))/300, IF(X33="Boss", E33, AVERAGE(D33:E33))/370), "") | O33: =J33-M33 | P33: =SUM($O$2:O33) | Q33: =F33*2*0.15 | R33: =INT(SUM($Q$2:Q33)) | S33: =IF(AND(T33 > T32, T32 >= 2), S32 + VLOOKUP(INT(T32/2), '武器经济计算'!$A:$B, 2, FALSE), S32) | T33: =IF(R33 > R32, IF(T32 < 2, 2, IF((P33 - S32) >= VLOOKUP(INT(T32/2), '武器经济计算'!$A:$B, 2, FALSE), T32 + 1, T32 ) ), T32) | U33: =P33-S33 | V33: =0.1*F33*50*A33 | W33: =0.1*F33*50*A33 | X33: BOSS
A34: 33 | B34: 10 | C34: =B34*2 | D34: =B34*100*IF(A34<=9, 2-(1/64)*(9-A34)^2, IF(A34<=18, 4-(2/81)*(18-A34)^2, IF(A34<=25, 6-(2/49)*(25-A34)^2, IF(A34<=32, 8-(2/49)*(32-A34)^2, IF(A34<=40, 10-(1/32)*(40-A34)^2, "超出范围"))))) | E34: =D34*2 | F34: 2 | G34: =IFERROR(IF(X34="Boss", E34, AVERAGE(D34:E34)) / 100 * 0.5 * LOOKUP(A34, {1, 10, 19, 26, 33}, {2.2, 1.6, 1.2, 1, 0.8}), "") | H34: =AVERAGE(B34:C34)*0.1*20*F34 | I34: =F34*2*0.15*130 | J34: =SUM(H34:I34) | K34: =SUM($J$2:J34) | L34: =ROUNDUP(SUM(G34:G41)/8/30) | M34: =G34/30*50 | N34: =IFERROR(CHOOSE(ROUNDUP(T34/2, 0), IF(X34="Boss", E34, AVERAGE(D34:E34))/130, IF(X34="Boss", E34, AVERAGE(D34:E34))/180, IF(X34="Boss", E34, AVERAGE(D34:E34))/240, IF(X34="Boss", E34, AVERAGE(D34:E34))/300, IF(X34="Boss", E34, AVERAGE(D34:E34))/370), "") | O34: =J34-M34 | P34: =SUM($O$2:O34) | Q34: =F34*2*0.15 | R34: =INT(SUM($Q$2:Q34)) | S34: =IF(AND(T34 > T33, T33 >= 2), S33 + VLOOKUP(INT(T33/2), '武器经济计算'!$A:$B, 2, FALSE), S33) | T34: =IF(R34 > R33, IF(T33 < 2, 2, IF((P34 - S33) >= VLOOKUP(INT(T33/2), '武器经济计算'!$A:$B, 2, FALSE), T33 + 1, T33 ) ), T33) | U34: =P34-S34 | V34: =0.1*F34*50*A34 | W34: =0.1*F34*50*A34
A35: 34 | B35: 10 | C35: =B35*2 | D35: =B35*100*IF(A35<=9, 2-(1/64)*(9-A35)^2, IF(A35<=18, 4-(2/81)*(18-A35)^2, IF(A35<=25, 6-(2/49)*(25-A35)^2, IF(A35<=32, 8-(2/49)*(32-A35)^2, IF(A35<=40, 10-(1/32)*(40-A35)^2, "超出范围"))))) | E35: =D35*2 | F35: 2 | G35: =IFERROR(IF(X35="Boss", E35, AVERAGE(D35:E35)) / 100 * 0.5 * LOOKUP(A35, {1, 10, 19, 26, 33}, {2.2, 1.6, 1.2, 1, 0.8}), "") | H35: =AVERAGE(B35:C35)*0.1*20*F35 | I35: =F35*2*0.15*130 | J35: =SUM(H35:I35) | K35: =SUM($J$2:J35) | L35: =L34 | M35: =G35/30*50 | N35: =IFERROR(CHOOSE(ROUNDUP(T35/2, 0), IF(X35="Boss", E35, AVERAGE(D35:E35))/130, IF(X35="Boss", E35, AVERAGE(D35:E35))/180, IF(X35="Boss", E35, AVERAGE(D35:E35))/240, IF(X35="Boss", E35, AVERAGE(D35:E35))/300, IF(X35="Boss", E35, AVERAGE(D35:E35))/370), "") | O35: =J35-M35 | P35: =SUM($O$2:O35) | Q35: =F35*2*0.15 | R35: =INT(SUM($Q$2:Q35)) | S35: =IF(AND(T35 > T34, T34 >= 2), S34 + VLOOKUP(INT(T34/2), '武器经济计算'!$A:$B, 2, FALSE), S34) | T35: =IF(R35 > R34, IF(T34 < 2, 2, IF((P35 - S34) >= VLOOKUP(INT(T34/2), '武器经济计算'!$A:$B, 2, FALSE), T34 + 1, T34 ) ), T34) | U35: =P35-S35 | V35: =0.1*F35*50*A35 | W35: =0.1*F35*50*A35
A36: 35 | B36: 10 | C36: =B36*2 | D36: =B36*100*IF(A36<=9, 2-(1/64)*(9-A36)^2, IF(A36<=18, 4-(2/81)*(18-A36)^2, IF(A36<=25, 6-(2/49)*(25-A36)^2, IF(A36<=32, 8-(2/49)*(32-A36)^2, IF(A36<=40, 10-(1/32)*(40-A36)^2, "超出范围"))))) | E36: =D36*2 | F36: 2 | G36: =IFERROR(IF(X36="Boss", E36, AVERAGE(D36:E36)) / 100 * 0.5 * LOOKUP(A36, {1, 10, 19, 26, 33}, {2.2, 1.6, 1.2, 1, 0.8}), "") | H36: =AVERAGE(B36:C36)*0.1*20*F36 | I36: =F36*2*0.15*130 | J36: =SUM(H36:I36) | K36: =SUM($J$2:J36) | L36: =L35 | M36: =G36/30*50 | N36: =IFERROR(CHOOSE(ROUNDUP(T36/2, 0), IF(X36="Boss", E36, AVERAGE(D36:E36))/130, IF(X36="Boss", E36, AVERAGE(D36:E36))/180, IF(X36="Boss", E36, AVERAGE(D36:E36))/240, IF(X36="Boss", E36, AVERAGE(D36:E36))/300, IF(X36="Boss", E36, AVERAGE(D36:E36))/370), "") | O36: =J36-M36 | P36: =SUM($O$2:O36) | Q36: =F36*2*0.15 | R36: =INT(SUM($Q$2:Q36)) | S36: =IF(AND(T36 > T35, T35 >= 2), S35 + VLOOKUP(INT(T35/2), '武器经济计算'!$A:$B, 2, FALSE), S35) | T36: =IF(R36 > R35, IF(T35 < 2, 2, IF((P36 - S35) >= VLOOKUP(INT(T35/2), '武器经济计算'!$A:$B, 2, FALSE), T35 + 1, T35 ) ), T35) | U36: =P36-S36 | V36: =0.1*F36*50*A36 | W36: =0.1*F36*50*A36
A37: 36 | B37: 10 | C37: =B37*2 | D37: =B37*100*IF(A37<=9, 2-(1/64)*(9-A37)^2, IF(A37<=18, 4-(2/81)*(18-A37)^2, IF(A37<=25, 6-(2/49)*(25-A37)^2, IF(A37<=32, 8-(2/49)*(32-A37)^2, IF(A37<=40, 10-(1/32)*(40-A37)^2, "超出范围"))))) | E37: =D37*2 | F37: 2 | G37: =IFERROR(IF(X37="Boss", E37, AVERAGE(D37:E37)) / 100 * 0.5 * LOOKUP(A37, {1, 10, 19, 26, 33}, {2.2, 1.6, 1.2, 1, 0.8}), "") | H37: =AVERAGE(B37:C37)*0.1*20*F37 | I37: =F37*2*0.15*130 | J37: =SUM(H37:I37) | K37: =SUM($J$2:J37) | L37: =L36 | M37: =G37/30*50 | N37: =IFERROR(CHOOSE(ROUNDUP(T37/2, 0), IF(X37="Boss", E37, AVERAGE(D37:E37))/130, IF(X37="Boss", E37, AVERAGE(D37:E37))/180, IF(X37="Boss", E37, AVERAGE(D37:E37))/240, IF(X37="Boss", E37, AVERAGE(D37:E37))/300, IF(X37="Boss", E37, AVERAGE(D37:E37))/370), "") | O37: =J37-M37 | P37: =SUM($O$2:O37) | Q37: =F37*2*0.15 | R37: =INT(SUM($Q$2:Q37)) | S37: =IF(AND(T37 > T36, T36 >= 2), S36 + VLOOKUP(INT(T36/2), '武器经济计算'!$A:$B, 2, FALSE), S36) | T37: =IF(R37 > R36, IF(T36 < 2, 2, IF((P37 - S36) >= VLOOKUP(INT(T36/2), '武器经济计算'!$A:$B, 2, FALSE), T36 + 1, T36 ) ), T36) | U37: =P37-S37 | V37: =0.1*F37*50*A37 | W37: =0.1*F37*50*A37
A38: 37 | B38: 10 | C38: =B38*2 | D38: =B38*100*IF(A38<=9, 2-(1/64)*(9-A38)^2, IF(A38<=18, 4-(2/81)*(18-A38)^2, IF(A38<=25, 6-(2/49)*(25-A38)^2, IF(A38<=32, 8-(2/49)*(32-A38)^2, IF(A38<=40, 10-(1/32)*(40-A38)^2, "超出范围"))))) | E38: =D38*2 | F38: 2 | G38: =IFERROR(IF(X38="Boss", E38, AVERAGE(D38:E38)) / 100 * 0.5 * LOOKUP(A38, {1, 10, 19, 26, 33}, {2.2, 1.6, 1.2, 1, 0.8}), "") | H38: =AVERAGE(B38:C38)*0.1*20*F38 | I38: =F38*2*0.15*130 | J38: =SUM(H38:I38) | K38: =SUM($J$2:J38) | L38: =L37 | M38: =G38/30*50 | N38: =IFERROR(CHOOSE(ROUNDUP(T38/2, 0), IF(X38="Boss", E38, AVERAGE(D38:E38))/130, IF(X38="Boss", E38, AVERAGE(D38:E38))/180, IF(X38="Boss", E38, AVERAGE(D38:E38))/240, IF(X38="Boss", E38, AVERAGE(D38:E38))/300, IF(X38="Boss", E38, AVERAGE(D38:E38))/370), "") | O38: =J38-M38 | P38: =SUM($O$2:O38) | Q38: =F38*2*0.15 | R38: =INT(SUM($Q$2:Q38)) | S38: =IF(AND(T38 > T37, T37 >= 2), S37 + VLOOKUP(INT(T37/2), '武器经济计算'!$A:$B, 2, FALSE), S37) | T38: =IF(R38 > R37, IF(T37 < 2, 2, IF((P38 - S37) >= VLOOKUP(INT(T37/2), '武器经济计算'!$A:$B, 2, FALSE), T37 + 1, T37 ) ), T37) | U38: =P38-S38 | V38: =0.1*F38*50*A38 | W38: =0.1*F38*50*A38
A39: 38 | B39: 10 | C39: =B39*2 | D39: =B39*100*IF(A39<=9, 2-(1/64)*(9-A39)^2, IF(A39<=18, 4-(2/81)*(18-A39)^2, IF(A39<=25, 6-(2/49)*(25-A39)^2, IF(A39<=32, 8-(2/49)*(32-A39)^2, IF(A39<=40, 10-(1/32)*(40-A39)^2, "超出范围"))))) | E39: =D39*2 | F39: 2 | G39: =IFERROR(IF(X39="Boss", E39, AVERAGE(D39:E39)) / 100 * 0.5 * LOOKUP(A39, {1, 10, 19, 26, 33}, {2.2, 1.6, 1.2, 1, 0.8}), "") | H39: =AVERAGE(B39:C39)*0.1*20*F39 | I39: =F39*2*0.15*130 | J39: =SUM(H39:I39) | K39: =SUM($J$2:J39) | L39: =L38 | M39: =G39/30*50 | N39: =IFERROR(CHOOSE(ROUNDUP(T39/2, 0), IF(X39="Boss", E39, AVERAGE(D39:E39))/130, IF(X39="Boss", E39, AVERAGE(D39:E39))/180, IF(X39="Boss", E39, AVERAGE(D39:E39))/240, IF(X39="Boss", E39, AVERAGE(D39:E39))/300, IF(X39="Boss", E39, AVERAGE(D39:E39))/370), "") | O39: =J39-M39 | P39: =SUM($O$2:O39) | Q39: =F39*2*0.15 | R39: =INT(SUM($Q$2:Q39)) | S39: =IF(AND(T39 > T38, T38 >= 2), S38 + VLOOKUP(INT(T38/2), '武器经济计算'!$A:$B, 2, FALSE), S38) | T39: =IF(R39 > R38, IF(T38 < 2, 2, IF((P39 - S38) >= VLOOKUP(INT(T38/2), '武器经济计算'!$A:$B, 2, FALSE), T38 + 1, T38 ) ), T38) | U39: =P39-S39 | V39: =0.1*F39*50*A39 | W39: =0.1*F39*50*A39
A40: 39 | B40: 10 | C40: =B40*2 | D40: =B40*100*IF(A40<=9, 2-(1/64)*(9-A40)^2, IF(A40<=18, 4-(2/81)*(18-A40)^2, IF(A40<=25, 6-(2/49)*(25-A40)^2, IF(A40<=32, 8-(2/49)*(32-A40)^2, IF(A40<=40, 10-(1/32)*(40-A40)^2, "超出范围"))))) | E40: =D40*2 | F40: 2 | G40: =IFERROR(IF(X40="Boss", E40, AVERAGE(D40:E40)) / 100 * 0.5 * LOOKUP(A40, {1, 10, 19, 26, 33}, {2.2, 1.6, 1.2, 1, 0.8}), "") | H40: =AVERAGE(B40:C40)*0.1*20*F40 | I40: =F40*2*0.15*130 | J40: =SUM(H40:I40) | K40: =SUM($J$2:J40) | L40: =L39 | M40: =G40/30*50 | N40: =IFERROR(CHOOSE(ROUNDUP(T40/2, 0), IF(X40="Boss", E40, AVERAGE(D40:E40))/130, IF(X40="Boss", E40, AVERAGE(D40:E40))/180, IF(X40="Boss", E40, AVERAGE(D40:E40))/240, IF(X40="Boss", E40, AVERAGE(D40:E40))/300, IF(X40="Boss", E40, AVERAGE(D40:E40))/370), "") | O40: =J40-M40 | P40: =SUM($O$2:O40) | Q40: =F40*2*0.15 | R40: =INT(SUM($Q$2:Q40)) | S40: =IF(AND(T40 > T39, T39 >= 2), S39 + VLOOKUP(INT(T39/2), '武器经济计算'!$A:$B, 2, FALSE), S39) | T40: =IF(R40 > R39, IF(T39 < 2, 2, IF((P40 - S39) >= VLOOKUP(INT(T39/2), '武器经济计算'!$A:$B, 2, FALSE), T39 + 1, T39 ) ), T39) | U40: =P40-S40 | V40: =0.1*F40*50*A40 | W40: =0.1*F40*50*A40 | X40: BOSS
A41: 40 | B41: 10 | C41: =B41*2 | D41: =B41*100*IF(A41<=9, 2-(1/64)*(9-A41)^2, IF(A41<=18, 4-(2/81)*(18-A41)^2, IF(A41<=25, 6-(2/49)*(25-A41)^2, IF(A41<=32, 8-(2/49)*(32-A41)^2, IF(A41<=40, 10-(1/32)*(40-A41)^2, "超出范围"))))) | E41: =D41*2 | F41: 2 | G41: =IFERROR(IF(X41="Boss", E41, AVERAGE(D41:E41)) / 100 * 0.5 * LOOKUP(A41, {1, 10, 19, 26, 33}, {2.2, 1.6, 1.2, 1, 0.8}), "") | H41: =AVERAGE(B41:C41)*0.1*20*F41 | I41: =F41*2*0.15*130 | J41: =SUM(H41:I41) | K41: =SUM($J$2:J41) | L41: =L40 | M41: =G41/30*50 | N41: =IFERROR(CHOOSE(ROUNDUP(T41/2, 0), IF(X41="Boss", E41, AVERAGE(D41:E41))/130, IF(X41="Boss", E41, AVERAGE(D41:E41))/180, IF(X41="Boss", E41, AVERAGE(D41:E41))/240, IF(X41="Boss", E41, AVERAGE(D41:E41))/300, IF(X41="Boss", E41, AVERAGE(D41:E41))/370), "") | O41: =J41-M41 | P41: =SUM($O$2:O41) | Q41: =F41*2*0.15 | R41: =INT(SUM($Q$2:Q41)) | S41: =IF(AND(T41 > T40, T40 >= 2), S40 + VLOOKUP(INT(T40/2), '武器经济计算'!$A:$B, 2, FALSE), S40) | T41: =IF(R41 > R40, IF(T40 < 2, 2, IF((P41 - S40) >= VLOOKUP(INT(T40/2), '武器经济计算'!$A:$B, 2, FALSE), T40 + 1, T40 ) ), T40) | U41: =P41-S41 | V41: =0.1*F41*50*A41 | W41: =0.1*F41*50*A41 | X41: BOSS

Sheet 武器打印机掉率
A1: RowName | B1: Lv. 0 | C1: Lv. 1 | D1: Lv. 2 | E1: Lv. 3 | F1: Lv. 4 | G1: Lv. 5 | H1: 阶段说明 | I1: 状态分析 | J1: QualityRate
A2: 1 | B2: 0 | C2: =1-SUM(D2:G2) | D2: =0.33*A2/9 | E2: 0 | F2: 0 | G2: 0 | H2: 初始 | I2: Lv.2 出现 | J2: {=COUNTA(B2:G100)<6}
A3: 2 | B3: 0 | C3: =1-SUM(D3:G3) | D3: =0.33*A3/9 | E3: 0 | F3: 0 | G3: 0 | J3: (0,0.926666666666667,0.0733333333333333,0,0,0)
A4: 3 | B4: 0 | C4: =1-SUM(D4:G4) | D4: =0.33*A4/9 | E4: 0 | F4: 0 | G4: 0 | J4: (0,0.89,0.11,0,0,0)
A5: 4 | B5: 0 | C5: =1-SUM(D5:G5) | D5: =0.33*A5/9 | E5: 0 | F5: 0 | G5: 0 | J5: (0,0.853333333333333,0.146666666666667,0,0,0)
A6: 5 | B6: 0 | C6: =1-SUM(D6:G6) | D6: =0.33*A6/9 | E6: 0 | F6: 0 | G6: 0 | J6: (0,0.816666666666667,0.183333333333333,0,0,0)
A7: 6 | B7: 0 | C7: =1-SUM(D7:G7) | D7: =0.33*A7/9 | E7: 0 | F7: 0 | G7: 0 | J7: (0,0.78,0.22,0,0,0)
A8: 7 | B8: 0 | C8: =1-SUM(D8:G8) | D8: =0.33*A8/9 | E8: 0 | F8: 0 | G8: 0 | J8: (0,0.743333333333333,0.256666666666667,0,0,0)
A9: 8 | B9: 0 | C9: =1-SUM(D9:G9) | D9: =0.33*A9/9 | E9: 0 | F9: 0 | G9: 0 | J9: (0,0.706666666666667,0.293333333333333,0,0,0)
A10: 9 | B10: 0 | C10: =1-SUM(D10:G10) | D10: =0.33*A10/9 | E10: =0.2*(A10+1-9)/10 | F10: 0 | G10: 0 | H10: BOSS | I10: Lv.2 达到平衡；Lv.3 出现 | J10: (0,0.65,0.33,0.02,0,0)
A11: 10 | B11: 0 | C11: =1-SUM(D11:G11) | D11: =0.33+(0.4-0.33)*(A11-9)/9 | E11: =0.2*(A11+1-9)/10 | F11: 0 | G11: 0 | J11: (0,0.622222222222222,0.337777777777778,0.04,0,0)
A12: 11 | B12: 0 | C12: =1-SUM(D12:G12) | D12: =0.33+(0.4-0.33)*(A12-9)/9 | E12: =0.2*(A12+1-9)/10 | F12: 0 | G12: 0 | J12: (0,0.594444444444445,0.345555555555556,0.06,0,0)
A13: 12 | B13: 0 | C13: =1-SUM(D13:G13) | D13: =0.33+(0.4-0.33)*(A13-9)/9 | E13: =0.2*(A13+1-9)/10 | F13: 0 | G13: 0 | J13: (0,0.566666666666667,0.353333333333333,0.08,0,0)
A14: 13 | B14: 0 | C14: =1-SUM(D14:G14) | D14: =0.33+(0.4-0.33)*(A14-9)/9 | E14: =0.2*(A14+1-9)/10 | F14: 0 | G14: 0 | J14: (0,0.538888888888889,0.361111111111111,0.1,0,0)
A15: 14 | B15: 0 | C15: =1-SUM(D15:G15) | D15: =0.33+(0.4-0.33)*(A15-9)/9 | E15: =0.2*(A15+1-9)/10 | F15: 0 | G15: 0 | J15: (0,0.511111111111111,0.368888888888889,0.12,0,0)
A16: 15 | B16: 0 | C16: =1-SUM(D16:G16) | D16: =0.33+(0.4-0.33)*(A16-9)/9 | E16: =0.2*(A16+1-9)/10 | F16: 0 | G16: 0 | J16: (0,0.483333333333333,0.376666666666667,0.14,0,0)
A17: 16 | B17: 0 | C17: =1-SUM(D17:G17) | D17: =0.33+(0.4-0.33)*(A17-9)/9 | E17: =0.2*(A17+1-9)/10 | F17: 0 | G17: 0 | J17: (0,0.455555555555556,0.384444444444445,0.16,0,0)
A18: 17 | B18: 0 | C18: =1-SUM(D18:G18) | D18: =0.33+(0.4-0.33)*(A18-9)/9 | E18: =0.2*(A18+1-9)/10 | F18: 0 | G18: 0 | J18: (0,0.427777777777778,0.392222222222222,0.18,0,0)
A19: 18 | B19: 0 | C19: =1-SUM(D19:G19) | D19: =0.33+(0.4-0.33)*(A19-9)/9 | E19: =0.2*(A19+1-9)/10 | F19: =0.13*(A19+1-18)/8 | G19: 0 | H19: BOSS | I19: Lv.2 达到边际；Lv.3 达到平衡；Lv.4 出现 | J19: (0,0.38375,0.4,0.2,0.01625,0)
A20: 19 | B20: 0 | C20: =1-SUM(D20:G20) | D20: =D19 | E20: =0.2+(0.25-0.2)*(A20-18)/7 | F20: =0.13*(A20+1-18)/8 | G20: 0 | I20: Lv.2 锁定在 40% (垃圾区) | J20: (0,0.360357142857143,0.4,0.207142857142857,0.0325,0)
A21: 20 | B21: 0 | C21: =1-SUM(D21:G21) | D21: =D20 | E21: =0.2+(0.25-0.2)*(A21-18)/7 | F21: =0.13*(A21+1-18)/8 | G21: 0 | J21: (0,0.336964285714286,0.4,0.214285714285714,0.04875,0)
A22: 21 | B22: 0 | C22: =1-SUM(D22:G22) | D22: =D21 | E22: =0.2+(0.25-0.2)*(A22-18)/7 | F22: =0.13*(A22+1-18)/8 | G22: 0 | J22: (0,0.313571428571429,0.4,0.221428571428571,0.065,0)
A23: 22 | B23: 0 | C23: =1-SUM(D23:G23) | D23: =D22 | E23: =0.2+(0.25-0.2)*(A23-18)/7 | F23: =0.13*(A23+1-18)/8 | G23: 0 | J23: (0,0.290178571428571,0.4,0.228571428571429,0.08125,0)
A24: 23 | B24: 0 | C24: =1-SUM(D24:G24) | D24: =D23 | E24: =0.2+(0.25-0.2)*(A24-18)/7 | F24: =0.13*(A24+1-18)/8 | G24: 0 | J24: (0,0.266785714285714,0.4,0.235714285714286,0.0975,0)
A25: 24 | B25: 0 | C25: =1-SUM(D25:G25) | D25: =D24 | E25: =0.2+(0.25-0.2)*(A25-18)/7 | F25: =0.13*(A25+1-18)/8 | G25: 0 | J25: (0,0.243392857142857,0.4,0.242857142857143,0.11375,0)
A26: 25 | B26: 0 | C26: =1-SUM(D26:G26) | D26: =D25 | E26: =0.2+(0.25-0.2)*(A26-18)/7 | F26: =0.13*(A26+1-18)/8 | G26: =0.1*(A26+1-25)/8 | H26: BOSS | I26: Lv.3 达到边际；Lv.4 达到平衡；Lv.5 出现 | J26: (0,0.2075,0.4,0.25,0.13,0.0125)
A27: 26 | B27: 0 | C27: =1-SUM(D27:G27) | D27: =D26 | E27: =E26 | F27: =0.13+(0.18-0.13)*(A27-25)/7 | G27: =0.1*(A27+1-25)/8 | I27: Lv.3 锁定在 25% (垃圾区) | J27: (0,0.187857142857143,0.4,0.25,0.137142857142857,0.025)
A28: 27 | B28: 0 | C28: =1-SUM(D28:G28) | D28: =D27 | E28: =E27 | F28: =0.13+(0.18-0.13)*(A28-25)/7 | G28: =0.1*(A28+1-25)/8 | J28: (0,0.168214285714286,0.4,0.25,0.144285714285714,0.0375)
A29: 28 | B29: 0 | C29: =1-SUM(D29:G29) | D29: =D28 | E29: =E28 | F29: =0.13+(0.18-0.13)*(A29-25)/7 | G29: =0.1*(A29+1-25)/8 | H29: BOSS | J29: (0,0.148571428571428,0.4,0.25,0.151428571428571,0.05)
A30: 29 | B30: 0 | C30: =1-SUM(D30:G30) | D30: =D29 | E30: =E29 | F30: =0.13+(0.18-0.13)*(A30-25)/7 | G30: =0.1*(A30+1-25)/8 | H30: P4 开始 | J30: (0,0.128928571428571,0.4,0.25,0.158571428571429,0.0625)
A31: 30 | B31: 0 | C31: =1-SUM(D31:G31) | D31: =D30 | E31: =E30 | F31: =0.13+(0.18-0.13)*(A31-25)/7 | G31: =0.1*(A31+1-25)/8 | J31: (0,0.109285714285714,0.4,0.25,0.165714285714286,0.075)
A32: 31 | B32: 0 | C32: =1-SUM(D32:G32) | D32: =D31 | E32: =E31 | F32: =0.13+(0.18-0.13)*(A32-25)/7 | G32: =0.1*(A32+1-25)/8 | J32: (0,0.0896428571428571,0.4,0.25,0.172857142857143,0.0875)
A33: 32 | B33: 0 | C33: =1-SUM(D33:G33) | D33: =D32 | E33: =E32 | F33: =0.13+(0.18-0.13)*(A33-25)/7 | G33: =0.1*(A33+1-25)/8 | H33: BOSS | I33: Lv.4 达到边际；Lv.5 达到平衡 | J33: (0,0.07,0.4,0.25,0.18,0.1)
A34: 33 | B34: 0 | C34: =1-SUM(D34:G34) | D34: =D33 | E34: =E33 | F34: =F33 | G34: =0.1+(0.13-0.1)*(A34-32)/7 | I34: Lv.4 锁定在 18% (垃圾区) | J34: (0,0.0657142857142856,0.4,0.25,0.18,0.104285714285714)
A35: 34 | B35: 0 | C35: =1-SUM(D35:G35) | D35: =D34 | E35: =E34 | F35: =F34 | G35: =0.1+(0.13-0.1)*(A35-32)/7 | J35: (0,0.0614285714285714,0.4,0.25,0.18,0.108571428571429)
A36: 35 | B36: 0 | C36: =1-SUM(D36:G36) | D36: =D35 | E36: =E35 | F36: =F35 | G36: =0.1+(0.13-0.1)*(A36-32)/7 | J36: (0,0.0571428571428571,0.4,0.25,0.18,0.112857142857143)
A37: 36 | B37: 0 | C37: =1-SUM(D37:G37) | D37: =D36 | E37: =E36 | F37: =F36 | G37: =0.1+(0.13-0.1)*(A37-32)/7 | J37: (0,0.0528571428571428,0.4,0.25,0.18,0.117142857142857)
A38: 37 | B38: 0 | C38: =1-SUM(D38:G38) | D38: =D37 | E38: =E37 | F38: =F37 | G38: =0.1+(0.13-0.1)*(A38-32)/7 | J38: (0,0.0485714285714285,0.4,0.25,0.18,0.121428571428571)
A39: 38 | B39: 0 | C39: =1-SUM(D39:G39) | D39: =D38 | E39: =E38 | F39: =F38 | G39: =0.1+(0.13-0.1)*(A39-32)/7 | J39: (0,0.0442857142857143,0.4,0.25,0.18,0.125714285714286)
A40: 39 | B40: 0 | C40: =1-SUM(D40:G40) | D40: =D39 | E40: =E39 | F40: =F39 | G40: =0.1+(0.13-0.1)*(A40-32)/7 | H40: BOSS | J40: (0,0.0399999999999999,0.4,0.25,0.18,0.13)
A41: 40 | B41: 0 | C41: =1-SUM(D41:G41) | D41: =D40 | E41: =E40 | F41: =F40 | G41: =G40 | H41: BOSS | I41: Lv.5 锁定在 13% (垃圾区)。 | J41: (0,0.0399999999999999,0.4,0.25,0.18,0.13)

Sheet 安全屋打印机掉率
A1: RowName | B1: Lv. 0 | C1: Lv. 1 | D1: Lv. 2 | E1: Lv. 3 | F1: Lv. 4 | G1: Lv. 5 | H1: QualityRate
A2: 1 | B2: 0 | C2: =1-SUM(D2:G2) | D2: 0 | E2: 0 | F2: 0 | G2: 0 | H2: {=COUNTA(B2:G100)<6}
A3: 2 | B3: 0 | C3: =1-SUM(D3:G3) | D3: 0 | E3: 0 | F3: 0 | G3: 0 | H3: (0,1,0,0,0,0)
A4: 3 | B4: 0 | C4: =1-SUM(D4:G4) | D4: 0 | E4: 0 | F4: 0 | G4: 0 | H4: (0,1,0,0,0,0)
A5: 4 | B5: 0 | C5: =1-SUM(D5:G5) | D5: =0.33*(A5-3)/9 | E5: 0 | F5: 0 | G5: 0 | H5: (0,0.963333333333333,0.0366666666666667,0,0,0)
A6: 5 | B6: 0 | C6: =1-SUM(D6:G6) | D6: =0.33*(A6-3)/9 | E6: 0 | F6: 0 | G6: 0 | H6: (0,0.926666666666667,0.0733333333333333,0,0,0)
A7: 6 | B7: 0 | C7: =1-SUM(D7:G7) | D7: =0.33*(A7-3)/9 | E7: =0.2*(A7-5)/10 | F7: 0 | G7: 0 | H7: (0,0.87,0.11,0.02,0,0)
A8: 7 | B8: 0 | C8: =1-SUM(D8:G8) | D8: =0.33*(A8-3)/9 | E8: =0.2*(A8-5)/10 | F8: 0 | G8: 0 | H8: (0,0.813333333333333,0.146666666666667,0.04,0,0)
A9: 8 | B9: 0 | C9: =1-SUM(D9:G9) | D9: =0.33*(A9-3)/9 | E9: =0.2*(A9-5)/10 | F9: =0.13*(A9-7)/8 | G9: 0 | H9: (0,0.740416666666667,0.183333333333333,0.06,0.01625,0)
A10: 9 | B10: 0 | C10: =1-SUM(D10:G10) | D10: =0.33*(A10-3)/9 | E10: =0.2*(A10-5)/10 | F10: =0.13*(A10-7)/8 | G10: 0 | H10: (0,0.6675,0.22,0.08,0.0325,0)
A11: 10 | B11: 0 | C11: =1-SUM(D11:G11) | D11: =0.33*(A11-3)/9 | E11: =0.2*(A11-5)/10 | F11: =0.13*(A11-7)/8 | G11: =0.1*(A11-9)/8 | H11: (0,0.582083333333333,0.256666666666667,0.1,0.04875,0.0125)

Sheet 武器经济计算
A1: 武器等级 | B1: 升到下一级成本 | C1: 累计升级成本 | F1: 期望平衡成本 | G1: 期望平衡掉率 | H1: 平衡掉率 | I1: 平衡刷新成本 | J1: 刷新/升级 | L1: 期望边际成本 | M1: 期望边际掉率 | N1: 边际掉率 | O1: 边际刷新成本 | P1: 刷新/升级 | Q1: 商人买入 | R1: 商人卖出 | S1: 无人机运回 | T1: 走私成本 | U1: 卖武器收益 (一发入魂/肉身带回) | V1: 卖武器收益 (边际刷新/肉身带回) | W1: 卖武器收益 (升级/无人机带回) | X1: 卖武器收益 (期望刷新/无人机带回) | Z1: 刷新次数 | AA1: 单次刷新费用 | AB1: 累计刷新费用
A2: 1 | B2: 100 | C2: =SUM($B1:B$1) | F2: =C2*(1+0.1*A2) | G2: =SQRT(15 / (15 + F2)) | H2: 0.9633 | I2: =(30 * (1 - H2) / H2) + (15 * (1 - H2)^2 / H2^2) | J2: =1/H2 | L2: 0 | M2: =SQRT(15 / (15 + L2)) | N2: 0.9633 | O2: =(30 * (1 - N2) / N2) + (15 * (1 - N2)^2 / N2^2) | Q2: =ROUND(I2*0.9/10,0)*10 | R2: 0 | S2: 100 | T2: 0 | U2: =R2-T2 | V2: =R2-L2-T2 | W2: =R2-T2-C2-S2 | X2: =R2-T2-I2-S2 | Z2: 1 | AA2: =ROUND(30 * 1.4^(Z2-1),0) | AB2: =SUM($AA$2:AA2)
A3: 2 | B3: =ROUND((B2*(2-A3*0.1)/10),0)*10 | C3: =SUM($B$1:B2) | D3: =C3+C3 | F3: =C3*(1+0.1*A3) | G3: =SQRT(15 / (15 + F3)) | H3: 0.33 | I3: =(30 * (1 - H3) / H3) + (15 * (1 - H3)^2 / H3^2) | J3: =I3/C3 | L3: =C3*0.8 | M3: =SQRT(15 / (15 + L3)) | N3: 0.4 | O3: =(30 * (1 - N3) / N3) + (15 * (1 - N3)^2 / N3^2) | P3: =O3/C3 | Q3: =ROUND(I3*0.9/10,0)*10 | R3: =Q3/2 | S3: 100 | T3: =C3*0.3 | U3: =R3-T3 | V3: =R3-L3-T3 | W3: =R3-T3-C3-S3 | X3: =R3-T3-I3-S3 | Z3: 2 | AA3: =AA2+15 | AB3: =SUM($AA$2:AA3)
A4: 3 | B4: =ROUND((B3*(2-A4*0.1)/10),0)*10 | C4: =SUM($B$1:B3) | D4: =C4+C4 | F4: =C4*(1+0.1*A4) | G4: =SQRT(15 / (15 + F4)) | H4: 0.2 | I4: =(30 * (1 - H4) / H4) + (15 * (1 - H4)^2 / H4^2) | J4: =I4/C4 | L4: =C4*0.8 | M4: =SQRT(15 / (15 + L4)) | N4: 0.25 | O4: =(30 * (1 - N4) / N4) + (15 * (1 - N4)^2 / N4^2) | P4: =O4/C4 | Q4: =ROUND(I4*0.9/10,0)*10 | R4: =Q4/2 | S4: 100 | T4: =C4*0.3 | U4: =R4-T4 | V4: =R4-L4-T4 | W4: =R4-T4-C4-S4 | X4: =R4-T4-I4-S4 | Z4: 3 | AA4: =AA3+15 | AB4: =SUM($AA$2:AA4)
A5: 4 | B5: =ROUND((B4*(2-A5*0.1)/10),0)*10 | C5: =SUM($B$1:B4) | D5: =C5+C5 | F5: =C5*(1+0.1*A5) | G5: =SQRT(15 / (15 + F5)) | H5: 0.13 | I5: =(30 * (1 - H5) / H5) + (15 * (1 - H5)^2 / H5^2) | J5: =I5/C5 | L5: =C5*0.8 | M5: =SQRT(15 / (15 + L5)) | N5: 0.18 | O5: =(30 * (1 - N5) / N5) + (15 * (1 - N5)^2 / N5^2) | P5: =O5/C5 | Q5: =ROUND(I5*0.9/10,0)*10 | R5: =Q5/2 | S5: 100 | T5: =C5*0.3 | U5: =R5-T5 | V5: =R5-L5-T5 | W5: =R5-T5-C5-S5 | X5: =R5-T5-I5-S5 | Z5: 4 | AA5: =AA4+15 | AB5: =SUM($AA$2:AA5)
A6: 5 | B6: =ROUND((B5*(2-A6*0.1)/10),0)*10 | C6: =SUM($B$1:B5) | F6: =C6*(1+0.1*A6) | G6: =SQRT(15 / (15 + F6)) | H6: 0.1 | I6: =(30 * (1 - H6) / H6) + (15 * (1 - H6)^2 / H6^2) | J6: =I6/C6 | L6: =C6*0.8 | M6: =SQRT(15 / (15 + L6)) | N6: 0.13 | O6: =(30 * (1 - N6) / N6) + (15 * (1 - N6)^2 / N6^2) | Q6: =ROUND(I6*0.9/10,0)*10 | R6: =Q6/2 | S6: 100 | T6: =C6*0.3 | U6: =R6-T6 | V6: =R6-L6-T6 | W6: =R6-T6-C6-S6 | X6: =R6-T6-I6-S6 | Z6: 5 | AA6: =AA5+15 | AB6: =SUM($AA$2:AA6)
T28: - | AI28: /
M57: *

Sheet 敌人配置
A1: 敌人 | B1: Lv 1 | C1: Lv 2 | D1: Lv 3 | E1: Lv 4 | F1: Lv 5 | G1: Lv 6 | H1: Lv 7 | I1: Lv 8 | J1: Lv 9 | K1: Lv 10 | L1: Lv 1 | M1: Lv 2 | N1: Lv 3 | O1: Lv 4 | P1: Lv 5 | Q1: Lv 6 | R1: Lv 7 | S1: Lv 8 | T1: Lv 9 | U1: Lv 10
A2: 普通机修工（Greasehand） | B2: 5 | C2: 5 | D2: 5 | E2: 5 | F2: 5 | G2: 5 | H2: 5 | I2: 5 | J2: 5 | K2: 0 | L2: =B2/SUM(B:B) | M2: =C2/SUM(C:C) | N2: =D2/SUM(D:D) | O2: =E2/SUM(E:E) | P2: =F2/SUM(F:F) | Q2: =G2/SUM(G:G) | R2: =H2/SUM(H:H) | S2: =I2/SUM(I:I) | T2: =J2/SUM(J:J) | U2: =K2/SUM(K:K)
A3: 精英机修工（Greasehand） | B3: 0 | C3: 0 | D3: 0 | E3: 2 | F3: 2 | G3: 2 | H3: 2 | I3: 2 | J3: 2 | K3: 2 | L3: =B3/SUM(B:B) | M3: =C3/SUM(C:C) | N3: =D3/SUM(D:D) | O3: =E3/SUM(E:E) | P3: =F3/SUM(F:F) | Q3: =G3/SUM(G:G) | R3: =H3/SUM(H:H) | S3: =I3/SUM(I:I) | T3: =J3/SUM(J:J) | U3: =K3/SUM(K:K)
A4: 普通钉枪工（Boltspitter） | B4: 5 | C4: 5 | D4: 5 | E4: 5 | F4: 5 | G4: 5 | H4: 5 | I4: 5 | J4: 5 | K4: 0 | L4: =B4/SUM(B:B) | M4: =C4/SUM(C:C) | N4: =D4/SUM(D:D) | O4: =E4/SUM(E:E) | P4: =F4/SUM(F:F) | Q4: =G4/SUM(G:G) | R4: =H4/SUM(H:H) | S4: =I4/SUM(I:I) | T4: =J4/SUM(J:J) | U4: =K4/SUM(K:K)
A5: 精英钉枪工（Boltspitter） | B5: 0 | C5: 0 | D5: 0 | E5: 2 | F5: 2 | G5: 2 | H5: 2 | I5: 2 | J5: 2 | K5: 2 | L5: =B5/SUM(B:B) | M5: =C5/SUM(C:C) | N5: =D5/SUM(D:D) | O5: =E5/SUM(E:E) | P5: =F5/SUM(F:F) | Q5: =G5/SUM(G:G) | R5: =H5/SUM(H:H) | S5: =I5/SUM(I:I) | T5: =J5/SUM(J:J) | U5: =K5/SUM(K:K)
A6: 普通挖掘工（Tunnelrat） | B6: 0 | C6: 0 | D6: 5 | E6: 5 | F6: 5 | G6: 5 | H6: 5 | I6: 5 | J6: 5 | K6: 0 | L6: =B6/SUM(B:B) | M6: =C6/SUM(C:C) | N6: =D6/SUM(D:D) | O6: =E6/SUM(E:E) | P6: =F6/SUM(F:F) | Q6: =G6/SUM(G:G) | R6: =H6/SUM(H:H) | S6: =I6/SUM(I:I) | T6: =J6/SUM(J:J) | U6: =K6/SUM(K:K)
A7: 精英挖掘工（Tunnelrat） | B7: 0 | C7: 0 | D7: 0 | E7: 0 | F7: 0 | G7: 2 | H7: 2 | I7: 2 | J7: 2 | K7: 2 | L7: =B7/SUM(B:B) | M7: =C7/SUM(C:C) | N7: =D7/SUM(D:D) | O7: =E7/SUM(E:E) | P7: =F7/SUM(F:F) | Q7: =G7/SUM(G:G) | R7: =H7/SUM(H:H) | S7: =I7/SUM(I:I) | T7: =J7/SUM(J:J) | U7: =K7/SUM(K:K)
A8: 普通管线技师（Pipewright） | B8: 0 | C8: 0 | D8: 0 | E8: 0 | F8: 5 | G8: 5 | H8: 5 | I8: 5 | J8: 5 | K8: 0 | L8: =B8/SUM(B:B) | M8: =C8/SUM(C:C) | N8: =D8/SUM(D:D) | O8: =E8/SUM(E:E) | P8: =F8/SUM(F:F) | Q8: =G8/SUM(G:G) | R8: =H8/SUM(H:H) | S8: =I8/SUM(I:I) | T8: =J8/SUM(J:J) | U8: =K8/SUM(K:K)
A9: 精英管线技师（Pipewright） | B9: 0 | C9: 0 | D9: 0 | E9: 0 | F9: 0 | G9: 0 | H9: 0 | I9: 2 | J9: 2 | K9: 2 | L9: =B9/SUM(B:B) | M9: =C9/SUM(C:C) | N9: =D9/SUM(D:D) | O9: =E9/SUM(E:E) | P9: =F9/SUM(F:F) | Q9: =G9/SUM(G:G) | R9: =H9/SUM(H:H) | S9: =I9/SUM(I:I) | T9: =J9/SUM(J:J) | U9: =K9/SUM(K:K)
A10: 普通重装工头（Steel Foreman） | B10: 0 | C10: 0 | D10: 0 | E10: 0 | F10: 0 | G10: 0 | H10: 5 | I10: 5 | J10: 5 | K10: 0 | L10: =B10/SUM(B:B) | M10: =C10/SUM(C:C) | N10: =D10/SUM(D:D) | O10: =E10/SUM(E:E) | P10: =F10/SUM(F:F) | Q10: =G10/SUM(G:G) | R10: =H10/SUM(H:H) | S10: =I10/SUM(I:I) | T10: =J10/SUM(J:J) | U10: =K10/SUM(K:K)
A11: 精英重装工头（Steel Foreman） | B11: 0 | C11: 0 | D11: 0 | E11: 0 | F11: 0 | G11: 0 | H11: 0 | I11: 0 | J11: 2 | K11: 2 | L11: =B11/SUM(B:B) | M11: =C11/SUM(C:C) | N11: =D11/SUM(D:D) | O11: =E11/SUM(E:E) | P11: =F11/SUM(F:F) | Q11: =G11/SUM(G:G) | R11: =H11/SUM(H:H) | S11: =I11/SUM(I:I) | T11: =J11/SUM(J:J) | U11: =K11/SUM(K:K)

Sheet 关卡叙事设计
A1: 节点 | B1: Loop | C1: 到达关卡 | D1: 经过关卡 | E1: 每关耗时(倒推) | F1: 持续时长(设计) | G1: 每关耗时(设计) | H1: 持续时长(倒推) | I1: Boss耗时
B2: 1 | C2: 2 | D2: 2 | E2: =F2/C2 | F2: 5 | G2: 3 | H2: =C2*G2
B3: 2 | C3: 4 | D3: 6 | E3: =F3/C3 | F3: 5.97 | G3: =G2-1.5/39 | H3: =C3*G3
B4: 3 | C4: 6 | D4: 11 | E4: =F4/C4 | F4: 6.17 | G4: =G3-1.5/39 | H4: =C4*G4
B5: 4 | C5: 7 | D5: 18 | E5: =F5/C5 | F5: 6.42 | G5: =G4-1.5/39 | H5: =C5*G5
B6: 5 | C6: 8 | D6: 25 | E6: =F6/C6 | F6: 6.72 | G6: =G5-1.5/39 | H6: =C6*G6
B7: 6 | C7: 8 | D7: 32 | E7: =F7/C7 | F7: 7.09 | G7: =G6-1.5/39 | H7: =C7*G7
B8: 7 | C8: 8 | D8: 39 | E8: =F8/C8 | F8: 7.52 | G8: =G7-1.5/39 | H8: =C8*G8
A9: Boss-1：浩 | B9: 8 | C9: 9 | D9: 46 | E9: =F9/C9 | F9: =8.03 | G9: =(G8-1.5/39) | H9: =C9*G9 | I9: =G9*1.25
B10: 9 | C10: 10 | D10: 55 | E10: =F10/C10 | F10: 8.64 | G10: =G9-1.5/39 | H10: =C10*G10
B11: 10 | C11: 11 | D11: 66 | E11: =F11/C11 | F11: 9.36 | G11: =G10-1.5/39 | H11: =C11*G11
B12: 11 | C12: 13 | D12: 79 | E12: =F12/C12 | F12: 10.2 | G12: =G11-1.5/39 | H12: =C12*G12
B13: 12 | C13: 15 | D13: 94 | E13: =F13/C13 | F13: 11.18 | G13: =G12-1.5/39 | H13: =C13*G13
B14: 13 | C14: 16 | D14: 109 | E14: =F14/C14 | F14: 12.3 | G14: =G13-1.5/39 | H14: =C14*G14
B15: 14 | C15: 16 | D15: 124 | E15: =F15/C15 | F15: 13.57 | G15: =G14-1.5/39 | H15: =C15*G15
B16: 15 | C16: 16 | D16: 139 | E16: =F16/C16 | F16: 14.99 | G16: =G15-1.5/39 | H16: =C16*G16
A17: Boss-2：Yacco | B17: 16 | C17: 16 | D17: 154 | E17: =F17/C17 | F17: 16.56 | G17: =(G16-1.5/39) | H17: =C17*G17 | I17: =G17*2
B18: 17 | C18: 17 | D18: 171 | E18: =F18/C18 | F18: 18.27 | G18: =G17-1.5/39 | H18: =C18*G18
B19: 18 | C19: 19 | D19: 189 | E19: =F19/C19 | F19: 20.1 | G19: =G18-1.5/39 | H19: =C19*G19
B20: 19 | C20: 21 | D20: 208 | E20: =F20/C20 | F20: 22.02 | G20: =G19-1.5/39 | H20: =C20*G20
B21: 20 | C21: 23 | D21: 228 | E21: =F21/C21 | F21: 24 | G21: =G20-1.5/39 | H21: =C21*G21
B22: 21 | C22: 25 | D22: 249 | E22: =F22/C22 | F22: 26 | G22: =G21-1.5/39 | H22: =C22*G22
B23: 22 | C23: 25 | D23: 271 | E23: =F23/C23 | F23: 27.98 | G23: =G22-1.5/39 | H23: =C23*G23
B24: 23 | C24: 26 | D24: 293 | E24: =F24/C24 | F24: 29.9 | G24: =G23-1.5/39 | H24: =C24*G24
A25: Boss-3：保姆 | B25: 24 | C25: 26 | D25: 315 | E25: =F25/C25 | F25: 31.73 | G25: =(G24-1.5/39) | H25: =C25*G25 | I25: =G25*2.75
B26: 25 | C26: 26 | D26: 337 | E26: =F26/C26 | F26: 33.44 | G26: =G25-1.5/39 | H26: =C26*G26
B27: 26 | C27: 26 | D27: 359 | E27: =F27/C27 | F27: 35.01 | G27: =G26-1.5/39 | H27: =C27*G27
B28: 27 | C28: 27 | D28: 383 | E28: =F28/C28 | F28: 36.43 | G28: =G27-1.5/39 | H28: =C28*G28
B29: 28 | C29: 28 | D29: 409 | E29: =F29/C29 | F29: 37.7 | G29: =G28-1.5/39 | H29: =C29*G29
B30: 29 | C30: 30 | D30: 437 | E30: =F30/C30 | F30: 38.82 | G30: =G29-1.5/39 | H30: =C30*G30
A31: Boss-4：支柱 | B31: 30 | C31: 32 | D31: 467 | E31: =F31/C31 | F31: 39.8 | G31: =G30-1.5/39 | H31: =C31*G31 | I31: =G31*3.5
B32: 31 | C32: 34 | D32: 499 | E32: =F32/C32 | F32: 40.64 | G32: =G31-1.5/39 | H32: =C32*G32
B33: 32 | C33: 35 | D33: 533 | E33: =F33/C33 | F33: 41.36 | G33: =G32-1.5/39 | H33: =C33*G33
B34: 33 | C34: 36 | D34: 569 | E34: =F34/C34 | F34: 41.97 | G34: =G33-1.5/39 | H34: =C34*G34
B35: 34 | C35: 36 | D35: 605 | E35: =F35/C35 | F35: 42.48 | G35: =G34-1.5/39 | H35: =C35*G35
B36: 35 | C36: 36 | D36: 641 | E36: =F36/C36 | F36: 42.91 | G36: =G35-1.5/39 | H36: =C36*G36
A37: Boss-5：集身 | B37: 36 | C37: 36 | D37: 677 | E37: =F37/C37 | F37: 43.5 | G37: =G36-1.5/39 | H37: =C37*G37 | I37: =G37*4.25
B38: 37 | C38: 36 | D38: 713 | E38: =F38/C38 | F38: 44 | G38: =G37-1.5/39 | H38: =C38*G38
B39: 38 | C39: 36 | D39: 749 | E39: =F39/C39 | F39: 44.5 | G39: =G38-1.5/39 | H39: =C39*G39
B40: 39 | C40: 36 | D40: 785 | E40: =F40/C40 | F40: 44.7 | G40: =G39-1.5/39 | H40: =C40*G40
A41: 首次通关；Boss-6：尔 | B41: 40 | C41: 36 | D41: 821 | E41: =F41/C41 | F41: 45 | G41: =G40-1.5/39 | H41: =C41*G41 | I41: =G41*5
B42: 41 | C42: 36 | D42: 857 | E42: =F42/C42 | F42: 44.8 | G42: =G41-0.25/10 | H42: =C42*G42
B43: 42 | C43: 36 | D43: 893 | E43: =F43/C43 | F43: 44.4 | G43: =G42-0.25/10 | H43: =C43*G43
B44: 43 | C44: 36 | D44: 929 | E44: =F44/C44 | F44: 43.8 | G44: =G43-0.25/10 | H44: =C44*G44
B45: 44 | C45: 36 | D45: 965 | E45: =F45/C45 | F45: 43 | G45: =G44-0.25/10 | H45: =C45*G45
B46: 45 | C46: 36 | D46: 1001 | E46: =F46/C46 | F46: 42 | G46: =G45-0.25/10 | H46: =C46*G46
B47: 46 | C47: 36 | D47: 1037 | E47: =F47/C47 | F47: 40.8 | G47: =G46-0.25/10 | H47: =C47*G47
B48: 47 | C48: 36 | D48: 1073 | E48: =F48/C48 | F48: 39.4 | G48: =G47-0.25/10 | H48: =C48*G48
B49: 48 | C49: 36 | D49: 1109 | E49: =F49/C49 | F49: 37.8 | G49: =G48-0.25/10 | H49: =C49*G49
B50: 49 | C50: 36 | D50: 1145 | E50: =F50/C50 | F50: 36 | G50: =G49-0.25/10 | H50: =C50*G50
B51: 50 | C51: 36 | D51: 1181 | E51: =F51/C51 | F51: 34 | G51: =G50-0.25/10 | H51: =C51*G51
B52: 51 | C52: 36 | D52: 1217 | E52: =F52/C52 | F52: 32.2 | G52: =G51-0.25/10 | H52: =C52*G52
B53: 52 | C53: 36 | D53: 1253 | E53: =F53/C53 | F53: 30.6 | G53: =G52-0.25/10 | H53: =C53*G53
... B60: 59 | C60: 36 | D60: 1505 | E60: =F60/C60 | F60: 25 | G60: =G59-0.25/10 | H60: =C60*G60
A61: 全解锁Loop | B61: 60 | C61: 36 | D61: 1541 | E61: =F61/C61 | F61: 25 | G61: =G60-0.25/10 | H61: =C61*G61
A62: 通关 | C62: =F62/60 | F62: =SUM(F2:F41)
A63: 全解锁 | C63: =AVERAGE(C2:C61) | F63: =SUM(F2:F61)

Sheet 爽感节奏
A1: 时间 | B1: 跃入迷城 | C1: 暗黑破坏神
A2: 1 | B2: 0 | C2: 1
A3: 2 | B3: 2.5 | C3: 2
A4: 3 | B4: 5 | C4: 3
A5: 4 | B5: 7.5 | C5: 4
A6: 5 | B6: 10 | C6: 5
A7: 6 | B7: 12.5 | C7: 6
A8: 7 | B8: 15 | C8: 7
A9: 8 | B9: 17.5 | C9: 8
A10: 9 | B10: 20 | C10: 9
A11: 10 | B11: 22.5 | C11: 10
A12: 11 | B12: 7.5 | C12: 11
A13: 12 | B13: 10 | C13: 12
... A51: 50 | B51: 50 | C51: 50

Sheet 敌人属性
C1: Health Result | D1: Health | E1: Armor | F1: Speed | G1: Strength | H1: Reflex | I1: Intelligence | J1: Stamina | K1: Stamina Regain | L1: Stamina Regain CD | M1: Poise | N1: Poise Level | O1: Poise Regain
C2: 生命值 | D2: 基础生命 | E2: 基础护甲 | F2: 移动速度 | G2: 力量 | H2: 反应 | I2: 智力 | J2: 体力 | K2: 体力恢复率 | L2: 体力恢复冷却 | M2: 韧性 | N2: 韧性等级 | O2: 韧性恢复速率
A3: Player | B3: 玩家 | D3: 50 | E3: 50 | F3: 440 | G3: 10 | H3: 10 | I3: 10 | J3: 100 | K3: 25 | L3: 1.5 | M3: 100 | N3: 1 | O3: 66.666667
B4: 普通机修工（Greasehand）
B5: 精英机修工（Greasehand）
B6: 普通钉枪工（Boltspitter）
B7: 精英钉枪工（Boltspitter）
B8: 普通挖掘工（Tunnelrat）
B9: 精英挖掘工（Tunnelrat）
B10: 普通管线技师（Pipewright）
B11: 精英管线技师（Pipewright）
B12: 普通重装工头（Steel Foreman）
B13: 精英重装工头（Steel Foreman）

Sheet 废弃模型
A1: No | B1: 资产命名 | C1: 阵营 | D1: 类型 | E1: 注释A | F1: 注释B | G1: UE-X | H1: UE-Y | I1: UE-Z | J1: Figma图例 | K1: 关卡功能描述 | L1: 英文 | M1: UE图例 | N1: 尺寸 (X x Y x Z) | O1: 用途 | P1: 布局规范 | Q1: 视觉规范
B2: type_category_subtype_name_variation_version | G2: cm | H2: cm | I2: cm | L2: FloorIndoor | M2: 蓝色 | N2: N x N x 0.2 | O2: 室内战斗区域
A3: 1 | B3: ="BP_" & C3 & IF(D3<>"", "_" & D3, "") & IF(E3<>"", "_" & E3, "") & IF(F3<>"", "_" & F3, "") & IF(G3<>"", "_X" & G3, "") & IF(H3<>"", "_Y" & H3, "") & IF(I3<>"", "_Z" & I3, "") | C3: Prototype | D3: Door | E3: Small | F3: DoubleSide | G3: 40 | H3: 200 | I3: 300 | K3: 双向可通行的门，门洞宽度100 | L3: FloorIndoorTriangle | M3: 蓝色 | N3: N x N x 0.2 | O3: 室内战斗区域，三角形
A4: 2 | B4: ="BP_" & C4 & IF(D4<>"", "_" & D4, "") & IF(E4<>"", "_" & E4, "") & IF(F4<>"", "_" & F4, "") & IF(G4<>"", "_X" & G4, "") & IF(H4<>"", "_Y" & H4, "") & IF(I4<>"", "_Z" & I4, "") | C4: Prototype | D4: Door | E4: Small | F4: SingleSide | G4: 40 | H4: 200 | I4: 300 | K4: 单向可通行的门，开启后无法关闭 | L4: FloorOutdoor | M4: 绿色 | N4: N x N x 0.2 | O4: 室外战斗区域
A5: 3 | B5: ="BP_" & C5 & IF(D5<>"", "_" & D5, "") & IF(E5<>"", "_" & E5, "") & IF(F5<>"", "_" & F5, "") & IF(G5<>"", "_X" & G5, "") & IF(H5<>"", "_Y" & H5, "") & IF(I5<>"", "_Z" & I5, "") | C5: Prototype | D5: Door | E5: Small | F5: Breakable | G5: 40 | H5: 200 | I5: 300 | K5: 无法打开的门，受到一定伤害后永久开启 | L5: FloorOutdoorTriangle | M5: 绿色 | N5: N x N x 0.2 | O5: 室外战斗区域，三角形
A6: 4 | B6: ="BP_" & C6 & IF(D6<>"", "_" & D6, "") & IF(E6<>"", "_" & E6, "") & IF(F6<>"", "_" & F6, "") & IF(G6<>"", "_X" & G6, "") & IF(H6<>"", "_Y" & H6, "") & IF(I6<>"", "_Z" & I6, "") | C6: Prototype | D6: Door | E6: Mid | F6: DoubleSide | G6: 40 | H6: 300 | I6: 300 | K6: 双向可通行的门，门洞宽度200 | L6: FloorBonus | M6: 红色 | N6: N x N x 0.2 | O6: 奖励房间/电梯空间
A7: 5 | B7: ="BP_" & C7 & IF(D7<>"", "_" & D7, "") & IF(E7<>"", "_" & E7, "") & IF(F7<>"", "_" & F7, "") & IF(G7<>"", "_X" & G7, "") & IF(H7<>"", "_Y" & H7, "") & IF(I7<>"", "_Z" & I7, "") | C7: Prototype | D7: Door | E7: Mid | F7: SingleSide | G7: 40 | H7: 300 | I7: 300 | K7: 单向可通行的门，开启后无法关闭 | L7: FloorBonusTriangle | M7: 红色 | N7: N x N x 0.2 | O7: 奖励房间/电梯空间，三角形
A8: 6 | B8: ="BP_" & C8 & IF(D8<>"", "_" & D8, "") & IF(E8<>"", "_" & E8, "") & IF(F8<>"", "_" & F8, "") & IF(G8<>"", "_X" & G8, "") & IF(H8<>"", "_Y" & H8, "") & IF(I8<>"", "_Z" & I8, "") | C8: Prototype | D8: Door | E8: Mid | F8: Breakable | G8: 40 | H8: 300 | I8: 300 | K8: 无法打开的门，受到一定伤害后永久开启 | L8: FloorView | M8: 灰色 | N8: N x N x 0.2 | O8: 不可访问区域
A9: 7 | B9: ="BP_" & C9 & IF(D9<>"", "_" & D9, "") & IF(E9<>"", "_" & E9, "") & IF(F9<>"", "_" & F9, "") & IF(G9<>"", "_X" & G9, "") & IF(H9<>"", "_Y" & H9, "") & IF(I9<>"", "_Z" & I9, "") | C9: Prototype | D9: Door | E9: Big | F9: DoubleSide | G9: 40 | H9: 400 | I9: 300 | K9: 双向可通行的门，门洞宽度300 | L9: FloorViewTriangle | M9: 灰色 | N9: N x N x 0.2 | O9: 不可访问区域，三角形
A10: 8 | B10: ="BP_" & C10 & IF(D10<>"", "_" & D10, "") & IF(E10<>"", "_" & E10, "") & IF(F10<>"", "_" & F10, "") & IF(G10<>"", "_X" & G10, "") & IF(H10<>"", "_Y" & H10, "") & IF(I10<>"", "_Z" & I10, "") | C10: Prototype | D10: Door | E10: Big | F10: SingleSide | G10: 40 | H10: 400 | I10: 300 | K10: 单向可通行的门，开启后无法关闭 | L10: WallSemi | M10: 橙色
A11: 9 | B11: ="BP_" & C11 & IF(D11<>"", "_" & D11, "") & IF(E11<>"", "_" & E11, "") & IF(F11<>"", "_" & F11, "") & IF(G11<>"", "_X" & G11, "") & IF(H11<>"", "_Y" & H11, "") & IF(I11<>"", "_Z" & I11, "") | C11: Prototype | D11: Door | E11: Big | F11: Breakable | G11: 40 | H11: 400 | I11: 300 | K11: 无法打开的门，受到一定伤害后永久开启 | L11: Wall | M11: 黄色 | N11: N x 0.4 x 3 | O11: 阻挡角色、子弹和视野；深度、高度、固定，宽度自由
A12: 10 | B12: ="BP_" & C12 & IF(D12<>"", "_" & D12, "") & IF(E12<>"", "_" & E12, "") & IF(F12<>"", "_" & F12, "") & IF(G12<>"", "_X" & G12, "") & IF(H12<>"", "_Y" & H12, "") & IF(I12<>"", "_Z" & I12, "") | C12: Prototype | D12: Door | E12: Large | F12: DoubleSide | G12: 40 | H12: 500 | I12: 300 | K12: 双向可通行的门，门洞宽度400 | L12: WallShort | M12: 蓝色+黄色 | N12: N x 0.4 x 3 | O12: 围栏；不阻挡子弹和视野，阻挡玩家；高度、深度固定，宽度自由
